Sıra No,İstasyon No,İstasyon Adı,Hizmet Şekli,Marka,Şarj Ağı İşletmecisi,Şarj İstasyonu İşletmecisi,Yeşil Şarj İstasyonu mu,Adres,Soket No,Soket Tipi,Soket Türü,Soket Gücü (kW),Latitude,Longitude
476.0,ŞRJ/12762,Kalafatlar Orsan,HALKA_ACIK,wat mobilite,WAT MOBİLİTE ÇÖZÜMLERİ TEKNOLOJİ VE TİCARET ANONİM ŞİRKETİ,WAT MOBİLİTE ÇÖZÜMLERİ TEKNOLOJİ VE TİCARET ANONİM ŞİRKETİ, , şahincili Mahallesi 633 Sokağı  No:1 Merkez / ORDU,SKT/32863,DC,DC_CCS,120.0,,
476.0,ŞRJ/12762,Kalafatlar Orsan,HALKA_ACIK,wat mobilite,WAT MOBİLİTE ÇÖZÜMLERİ TEKNOLOJİ VE TİCARET ANONİM ŞİRKETİ,WAT MOBİLİTE ÇÖZÜMLERİ TEKNOLOJİ VE TİCARET ANONİM ŞİRKETİ, , şahincili Mahallesi 633 Sokağı  No:1 Merkez / ORDU,SKT/32864,DC,DC_CCS,120.0,,
43.0,ŞRJ/4067,AĞAOĞLU MY WORLD STARLAND,OZEL,ESTASYON,İSTASYON ŞARJ HİZMETLERİ ANONİM ŞİRKETİ,İSTASYON ŞARJ HİZMETLERİ ANONİM ŞİRKETİ, ,"Barbaros Mahallesi Dereboyu Caddesi Gül Sokağı  No:1 ( Ada: - , Pafta: - , Parsel: - )",SKT/8326,AC,AC_TYPE2,22.0,,
43.0,ŞRJ/4067,AĞAOĞLU MY WORLD STARLAND,OZEL,ESTASYON,İSTASYON ŞARJ HİZMETLERİ ANONİM ŞİRKETİ,İSTASYON ŞARJ HİZMETLERİ ANONİM ŞİRKETİ, ,"Barbaros Mahallesi Dereboyu Caddesi Gül Sokağı  No:1 ( Ada: - , Pafta: - , Parsel: - )",SKT/8327,AC,AC_TYPE2,22.0,,
43.0,ŞRJ/4067,AĞAOĞLU MY WORLD STARLAND,OZEL,ESTASYON,İSTASYON ŞARJ HİZMETLERİ ANONİM ŞİRKETİ,İSTASYON ŞARJ HİZMETLERİ ANONİM ŞİRKETİ, ,"Barbaros Mahallesi Dereboyu Caddesi Gül Sokağı  No:1 ( Ada: - , Pafta: - , Parsel: - )",SKT/8328,AC,AC_TYPE2,22.0,,
325.0,ŞRJ/15355,AKM Charge Artvin/Arhavi 22kW - 2AC,HALKA_ACIK,akmcharge,AKMERCAN ELEKTRİK DOĞAL GAZ YATIRIMLARI ANONİM ŞİRKETİ,AKMERCAN ELEKTRİK DOĞAL GAZ YATIRIMLARI ANONİM ŞİRKETİ, ,Boğaziçi Mahallesi Cengiz Kurdoğdu Sokağı  No:Ç 9  Arhavi Rms-a İstasyonu Arhavi / ARTVİN,SKT/40955,AC,AC_TYPE2,22.0,,
325.0,ŞRJ/15355,AKM Charge Artvin/Arhavi 22kW - 2AC,HALKA_ACIK,akmcharge,AKMERCAN ELEKTRİK DOĞAL GAZ YATIRIMLARI ANONİM ŞİRKETİ,AKMERCAN ELEKTRİK DOĞAL GAZ YATIRIMLARI ANONİM ŞİRKETİ, ,Boğaziçi Mahallesi Cengiz Kurdoğdu Sokağı  No:Ç 9  Arhavi Rms-a İstasyonu Arhavi / ARTVİN,SKT/40956,AC,AC_TYPE2,22.0,,
330.0,ŞRJ/15191,AKM Charge - Samsun Bafra - AC22+DC120,HALKA_ACIK,akmcharge,AKMERCAN ELEKTRİK DOĞAL GAZ YATIRIMLARI ANONİM ŞİRKETİ,AKMERCAN ELEKTRİK DOĞAL GAZ YATIRIMLARI ANONİM ŞİRKETİ, ,Koğa Mahallesi Samsun Caddesi  No:162  Akmercan Delta Bölge Müdürlük Binası Bafra / SAMSUN,SKT/40442,DC,DC_CCS,120.0,,
330.0,ŞRJ/15191,AKM Charge - Samsun Bafra - AC22+DC120,HALKA_ACIK,akmcharge,AKMERCAN ELEKTRİK DOĞAL GAZ YATIRIMLARI ANONİM ŞİRKETİ,AKMERCAN ELEKTRİK DOĞAL GAZ YATIRIMLARI ANONİM ŞİRKETİ, ,Koğa Mahallesi Samsun Caddesi  No:162  Akmercan Delta Bölge Müdürlük Binası Bafra / SAMSUN,SKT/40443,DC,DC_CCS,120.0,,
330.0,ŞRJ/15191,AKM Charge - Samsun Bafra - AC22+DC120,HALKA_ACIK,akmcharge,AKMERCAN ELEKTRİK DOĞAL GAZ YATIRIMLARI ANONİM ŞİRKETİ,AKMERCAN ELEKTRİK DOĞAL GAZ YATIRIMLARI ANONİM ŞİRKETİ, ,Koğa Mahallesi Samsun Caddesi  No:162  Akmercan Delta Bölge Müdürlük Binası Bafra / SAMSUN,SKT/40903,AC,AC_TYPE2,22.0,,
332.0,ŞRJ/15356,AKM Charge Sakarya/Pamukova 22kW 2AC - 120kW 1DC,HALKA_ACIK,akmcharge,AKMERCAN ELEKTRİK DOĞAL GAZ YATIRIMLARI ANONİM ŞİRKETİ,AKMERCAN ELEKTRİK DOĞAL GAZ YATIRIMLARI ANONİM ŞİRKETİ, ,Cumhuriyet Mahallesi Fatih Caddesi  No:138  Pamukova Belediyesi Gölpark Tesisleri Pamukova / SAKARYA,SKT/40957,DC,DC_CCS,120.0,,
332.0,ŞRJ/15356,AKM Charge Sakarya/Pamukova 22kW 2AC - 120kW 1DC,HALKA_ACIK,akmcharge,AKMERCAN ELEKTRİK DOĞAL GAZ YATIRIMLARI ANONİM ŞİRKETİ,AKMERCAN ELEKTRİK DOĞAL GAZ YATIRIMLARI ANONİM ŞİRKETİ, ,Cumhuriyet Mahallesi Fatih Caddesi  No:138  Pamukova Belediyesi Gölpark Tesisleri Pamukova / SAKARYA,SKT/40958,DC,DC_CCS,120.0,,
332.0,ŞRJ/15356,AKM Charge Sakarya/Pamukova 22kW 2AC - 120kW 1DC,HALKA_ACIK,akmcharge,AKMERCAN ELEKTRİK DOĞAL GAZ YATIRIMLARI ANONİM ŞİRKETİ,AKMERCAN ELEKTRİK DOĞAL GAZ YATIRIMLARI ANONİM ŞİRKETİ, ,Cumhuriyet Mahallesi Fatih Caddesi  No:138  Pamukova Belediyesi Gölpark Tesisleri Pamukova / SAKARYA,SKT/40959,AC,AC_TYPE2,22.0,,
332.0,ŞRJ/15356,AKM Charge Sakarya/Pamukova 22kW 2AC - 120kW 1DC,HALKA_ACIK,akmcharge,AKMERCAN ELEKTRİK DOĞAL GAZ YATIRIMLARI ANONİM ŞİRKETİ,AKMERCAN ELEKTRİK DOĞAL GAZ YATIRIMLARI ANONİM ŞİRKETİ, ,Cumhuriyet Mahallesi Fatih Caddesi  No:138  Pamukova Belediyesi Gölpark Tesisleri Pamukova / SAKARYA,SKT/40960,AC,AC_TYPE2,11.0,,
335.0,ŞRJ/15331,AKM Charge Sinop/Boyabat 22 kW - 2AC,HALKA_ACIK,akmcharge,AKMERCAN ELEKTRİK DOĞAL GAZ YATIRIMLARI ANONİM ŞİRKETİ,AKMERCAN ELEKTRİK DOĞAL GAZ YATIRIMLARI ANONİM ŞİRKETİ, ,Maruf Mahallesi  No:5  Organize Sanayi Bölgesi  Maruf Köyü Boyabat / SİNOP,SKT/40884,AC,AC_TYPE2,22.0,,
335.0,ŞRJ/15331,AKM Charge Sinop/Boyabat 22 kW - 2AC,HALKA_ACIK,akmcharge,AKMERCAN ELEKTRİK DOĞAL GAZ YATIRIMLARI ANONİM ŞİRKETİ,AKMERCAN ELEKTRİK DOĞAL GAZ YATIRIMLARI ANONİM ŞİRKETİ, ,Maruf Mahallesi  No:5  Organize Sanayi Bölgesi  Maruf Köyü Boyabat / SİNOP,SKT/40911,AC,AC_TYPE2,22.0,,
338.0,ŞRJ/8077,Nish İstanbul A Blok,HALKA_ACIK,TAMŞARJ,TEKNO METAL ÜRÜNLERİ İMALAT SANAYİ VE TİCARET LİMİTED ŞİRKETİ,TEKNO METAL ÜRÜNLERİ İMALAT SANAYİ VE TİCARET LİMİTED ŞİRKETİ, ,Çobançeşme Mahallesi Vali Recep Yazıcıoğlu Sanayi Caddesi  No:A Blok Mekanik Panosu Bahçelievler / İSTANBUL,SKT/18468,AC,AC_TYPE2,22.0,,
338.0,ŞRJ/8077,Nish İstanbul A Blok,HALKA_ACIK,TAMŞARJ,TEKNO METAL ÜRÜNLERİ İMALAT SANAYİ VE TİCARET LİMİTED ŞİRKETİ,TEKNO METAL ÜRÜNLERİ İMALAT SANAYİ VE TİCARET LİMİTED ŞİRKETİ, ,Çobançeşme Mahallesi Vali Recep Yazıcıoğlu Sanayi Caddesi  No:A Blok Mekanik Panosu Bahçelievler / İSTANBUL,SKT/18469,AC,AC_TYPE2,22.0,,
338.0,ŞRJ/8077,Nish İstanbul A Blok,HALKA_ACIK,TAMŞARJ,TEKNO METAL ÜRÜNLERİ İMALAT SANAYİ VE TİCARET LİMİTED ŞİRKETİ,TEKNO METAL ÜRÜNLERİ İMALAT SANAYİ VE TİCARET LİMİTED ŞİRKETİ, ,Çobançeşme Mahallesi Vali Recep Yazıcıoğlu Sanayi Caddesi  No:A Blok Mekanik Panosu Bahçelievler / İSTANBUL,SKT/18470,AC,AC_TYPE2,22.0,,
356.0,ŞRJ/15187,AKM Charge - Bartın Merkez - 22 kW - 2AC,HALKA_ACIK,akmcharge,AKMERCAN ELEKTRİK DOĞAL GAZ YATIRIMLARI ANONİM ŞİRKETİ,AKMERCAN ELEKTRİK DOĞAL GAZ YATIRIMLARI ANONİM ŞİRKETİ, ,Kırtepe Mahallesi 164 Sokağı  Bartın Kemik Park Otel Otoparkı Merkez / BARTIN,SKT/40423,AC,AC_TYPE2,22.0,,
356.0,ŞRJ/15187,AKM Charge - Bartın Merkez - 22 kW - 2AC,HALKA_ACIK,akmcharge,AKMERCAN ELEKTRİK DOĞAL GAZ YATIRIMLARI ANONİM ŞİRKETİ,AKMERCAN ELEKTRİK DOĞAL GAZ YATIRIMLARI ANONİM ŞİRKETİ, ,Kırtepe Mahallesi 164 Sokağı  Bartın Kemik Park Otel Otoparkı Merkez / BARTIN,SKT/40910,AC,AC_TYPE2,22.0,,
357.0,ŞRJ/15184,AKM Charge - Bartın Ulus - 22 kW - 3AC,HALKA_ACIK,akmcharge,AKMERCAN ELEKTRİK DOĞAL GAZ YATIRIMLARI ANONİM ŞİRKETİ,AKMERCAN ELEKTRİK DOĞAL GAZ YATIRIMLARI ANONİM ŞİRKETİ, ,Kaldırım Mahallesi Cevdet Ulus Üniversite Caddesi  No:13  Ulus Cng Tesisi Ulus / BARTIN,SKT/40420,AC,AC_TYPE2,22.0,,
357.0,ŞRJ/15184,AKM Charge - Bartın Ulus - 22 kW - 3AC,HALKA_ACIK,akmcharge,AKMERCAN ELEKTRİK DOĞAL GAZ YATIRIMLARI ANONİM ŞİRKETİ,AKMERCAN ELEKTRİK DOĞAL GAZ YATIRIMLARI ANONİM ŞİRKETİ, ,Kaldırım Mahallesi Cevdet Ulus Üniversite Caddesi  No:13  Ulus Cng Tesisi Ulus / BARTIN,SKT/40908,AC,AC_TYPE2,22.0,,
357.0,ŞRJ/15184,AKM Charge - Bartın Ulus - 22 kW - 3AC,HALKA_ACIK,akmcharge,AKMERCAN ELEKTRİK DOĞAL GAZ YATIRIMLARI ANONİM ŞİRKETİ,AKMERCAN ELEKTRİK DOĞAL GAZ YATIRIMLARI ANONİM ŞİRKETİ, ,Kaldırım Mahallesi Cevdet Ulus Üniversite Caddesi  No:13  Ulus Cng Tesisi Ulus / BARTIN,SKT/40909,AC,AC_TYPE2,22.0,,
358.0,ŞRJ/15183,AKM Charge - Muğla Kavaklıdere  - 22 kW - 2AC,HALKA_ACIK,akmcharge,AKMERCAN ELEKTRİK DOĞAL GAZ YATIRIMLARI ANONİM ŞİRKETİ,AKMERCAN ELEKTRİK DOĞAL GAZ YATIRIMLARI ANONİM ŞİRKETİ, ,Yeni Mahallesi  No:23/a  Kavaklıdere Cng İstasyonu Önü  Mevkii Uludere Kavaklıdere / MUĞLA,SKT/40419,AC,AC_TYPE2,22.0,,
358.0,ŞRJ/15183,AKM Charge - Muğla Kavaklıdere  - 22 kW - 2AC,HALKA_ACIK,akmcharge,AKMERCAN ELEKTRİK DOĞAL GAZ YATIRIMLARI ANONİM ŞİRKETİ,AKMERCAN ELEKTRİK DOĞAL GAZ YATIRIMLARI ANONİM ŞİRKETİ, ,Yeni Mahallesi  No:23/a  Kavaklıdere Cng İstasyonu Önü  Mevkii Uludere Kavaklıdere / MUĞLA,SKT/40907,AC,AC_TYPE2,22.0,,
359.0,ŞRJ/15182,AKM Charge - Muğla Yatağan - 22 kW - 1AC,HALKA_ACIK,akmcharge,AKMERCAN ELEKTRİK DOĞAL GAZ YATIRIMLARI ANONİM ŞİRKETİ,AKMERCAN ELEKTRİK DOĞAL GAZ YATIRIMLARI ANONİM ŞİRKETİ, ,Yeniköy Mahallesi Yatağan-milas Yolu Caddesi Yeniköy Sokağı  Yatağan Rms-a Yatağan / MUĞLA,SKT/40418,AC,AC_TYPE2,22.0,,
360.0,ŞRJ/15178,AKM Charge - Mardin/Artuklu - 22 kW - 2AC,HALKA_ACIK,akmcharge,AKMERCAN ELEKTRİK DOĞAL GAZ YATIRIMLARI ANONİM ŞİRKETİ,AKMERCAN ELEKTRİK DOĞAL GAZ YATIRIMLARI ANONİM ŞİRKETİ, ,Osb Hizmet Destek Alanı Mahallesi 2. Bulvar Caddesi  No:11/b  Gıda Toptancılar Sitesi Artuklu / MARDİN,SKT/40414,AC,AC_TYPE2,22.0,,
360.0,ŞRJ/15178,AKM Charge - Mardin/Artuklu - 22 kW - 2AC,HALKA_ACIK,akmcharge,AKMERCAN ELEKTRİK DOĞAL GAZ YATIRIMLARI ANONİM ŞİRKETİ,AKMERCAN ELEKTRİK DOĞAL GAZ YATIRIMLARI ANONİM ŞİRKETİ, ,Osb Hizmet Destek Alanı Mahallesi 2. Bulvar Caddesi  No:11/b  Gıda Toptancılar Sitesi Artuklu / MARDİN,SKT/40906,AC,AC_TYPE2,22.0,,
399.0,ŞRJ/17834,Olypos 1 Sitesi 2,OZEL,AUTOVOLT,AUTOVOLT ENERJİ TEKNOLOJİ SİSTEMLERİ İTHALAT İHRACAT SANAYİ VE TİCARET LİMİTED ŞİRKETİ,AUTOVOLT ENERJİ TEKNOLOJİ SİSTEMLERİ İTHALAT İHRACAT SANAYİ VE TİCARET LİMİTED ŞİRKETİ, ,Kuzeykent Mahallesi 31141 Sokağı  No:5 Yenişehir / MERSİN,SKT/48945,AC,AC_TYPE2,22.0,,
400.0,ŞRJ/17835,Olypos 1 Sitesi 1,OZEL,AUTOVOLT,AUTOVOLT ENERJİ TEKNOLOJİ SİSTEMLERİ İTHALAT İHRACAT SANAYİ VE TİCARET LİMİTED ŞİRKETİ,AUTOVOLT ENERJİ TEKNOLOJİ SİSTEMLERİ İTHALAT İHRACAT SANAYİ VE TİCARET LİMİTED ŞİRKETİ, ,Kuzeykent Mahallesi 31141 Sokağı  No:5 Yenişehir / MERSİN,SKT/48946,AC,AC_TYPE2,22.0,,
403.0,ŞRJ/17838,Semt Yeni Köy Ofis 2,HALKA_ACIK,AUTOVOLT,AUTOVOLT ENERJİ TEKNOLOJİ SİSTEMLERİ İTHALAT İHRACAT SANAYİ VE TİCARET LİMİTED ŞİRKETİ,AUTOVOLT ENERJİ TEKNOLOJİ SİSTEMLERİ İTHALAT İHRACAT SANAYİ VE TİCARET LİMİTED ŞİRKETİ, ,Limonluk Mahallesi 2415 Sokağı  No:1A Yenişehir / MERSİN,SKT/48951,AC,AC_TYPE2,22.0,,
403.0,ŞRJ/17838,Semt Yeni Köy Ofis 2,HALKA_ACIK,AUTOVOLT,AUTOVOLT ENERJİ TEKNOLOJİ SİSTEMLERİ İTHALAT İHRACAT SANAYİ VE TİCARET LİMİTED ŞİRKETİ,AUTOVOLT ENERJİ TEKNOLOJİ SİSTEMLERİ İTHALAT İHRACAT SANAYİ VE TİCARET LİMİTED ŞİRKETİ, ,Limonluk Mahallesi 2415 Sokağı  No:1A Yenişehir / MERSİN,SKT/48952,AC,AC_TYPE2,22.0,,
404.0,ŞRJ/17839,Sky City Sitesi,OZEL,AUTOVOLT,AUTOVOLT ENERJİ TEKNOLOJİ SİSTEMLERİ İTHALAT İHRACAT SANAYİ VE TİCARET LİMİTED ŞİRKETİ,AUTOVOLT ENERJİ TEKNOLOJİ SİSTEMLERİ İTHALAT İHRACAT SANAYİ VE TİCARET LİMİTED ŞİRKETİ, ,Merkez Mahallesi 52175 Sokağı  No:1A Mezitli / MERSİN,SKT/48954,AC,AC_TYPE2,22.0,,
404.0,ŞRJ/17839,Sky City Sitesi,OZEL,AUTOVOLT,AUTOVOLT ENERJİ TEKNOLOJİ SİSTEMLERİ İTHALAT İHRACAT SANAYİ VE TİCARET LİMİTED ŞİRKETİ,AUTOVOLT ENERJİ TEKNOLOJİ SİSTEMLERİ İTHALAT İHRACAT SANAYİ VE TİCARET LİMİTED ŞİRKETİ, ,Merkez Mahallesi 52175 Sokağı  No:1A Mezitli / MERSİN,SKT/48955,AC,AC_TYPE2,22.0,,
405.0,ŞRJ/17854,MTM Konaklama,HALKA_ACIK,AUTOVOLT,AUTOVOLT ENERJİ TEKNOLOJİ SİSTEMLERİ İTHALAT İHRACAT SANAYİ VE TİCARET LİMİTED ŞİRKETİ,AUTOVOLT ENERJİ TEKNOLOJİ SİSTEMLERİ İTHALAT İHRACAT SANAYİ VE TİCARET LİMİTED ŞİRKETİ, ,Çiftlikköy Mahallesi 3204 Sokağı  No:1A Yenişehir / MERSİN,SKT/49059,AC,AC_TYPE2,22.0,,
405.0,ŞRJ/17854,MTM Konaklama,HALKA_ACIK,AUTOVOLT,AUTOVOLT ENERJİ TEKNOLOJİ SİSTEMLERİ İTHALAT İHRACAT SANAYİ VE TİCARET LİMİTED ŞİRKETİ,AUTOVOLT ENERJİ TEKNOLOJİ SİSTEMLERİ İTHALAT İHRACAT SANAYİ VE TİCARET LİMİTED ŞİRKETİ, ,Çiftlikköy Mahallesi 3204 Sokağı  No:1A Yenişehir / MERSİN,SKT/49060,AC,AC_TYPE2,22.0,,
415.0,ŞRJ/15733,Simurg Cave House,HALKA_ACIK,QC QUIKŞARJ,CHARGE MAHAL ENERJİ ANONİM ŞİRKETİ,CHARGE MAHAL ENERJİ ANONİM ŞİRKETİ, ,Köyün Kendi Mahallesi Ulaşlı Caddesi 164 Sokağı  Simurg Cappadocıa Otel Ürgüp / NEVŞEHİR,SKT/42165,DC,DC_CCS,40.0,,
417.0,ŞRJ/16948,BOTANİK PARK SİTESİ 34. BLOK,HALKA_ACIK,QC QUIKŞARJ,CHARGE MAHAL ENERJİ ANONİM ŞİRKETİ,CHARGE MAHAL ENERJİ ANONİM ŞİRKETİ, ,Kayaşehir Mahallesi Fenertepe 19.bölge Caddesi  No:34.BLOK /MERDİVEN OTOMATİĞİ 1 Başakşehir / İSTANBUL,SKT/46139,AC,AC_TYPE2,11.0,,
418.0,ŞRJ/16949,BOTANİK PARK  SİTESİ 29. BLOK,HALKA_ACIK,QC QUIKŞARJ,CHARGE MAHAL ENERJİ ANONİM ŞİRKETİ,CHARGE MAHAL ENERJİ ANONİM ŞİRKETİ, ,Kayaşehir Mahallesi Veysel Karani Caddesi  No:29.BLOK  Fenertepe 19.bölge Başakşehir / İSTANBUL,SKT/46140,AC,AC_TYPE2,11.0,,
419.0,ŞRJ/16950,BOTANİK PARK  SİTESİ 27. BLOK,HALKA_ACIK,QC QUIKŞARJ,CHARGE MAHAL ENERJİ ANONİM ŞİRKETİ,CHARGE MAHAL ENERJİ ANONİM ŞİRKETİ, ,Kayaşehir Mahallesi  No:27.BLOK /MERDİVEN OTOMATİĞİ 1  Fenertepe 19.bölge Başakşehir / İSTANBUL,SKT/46142,AC,AC_TYPE2,11.0,,
420.0,ŞRJ/16964,LAVİNYA MARMARA SİTESİ-4,HALKA_ACIK,QC QUIKŞARJ,CHARGE MAHAL ENERJİ ANONİM ŞİRKETİ,CHARGE MAHAL ENERJİ ANONİM ŞİRKETİ, ,Sinanoba Mahallesi Hayırlı Sokağı  No:D BLOK /1  Ortak Alan Büyükçekmece / İSTANBUL,SKT/46171,AC,AC_TYPE2,22.0,,
421.0,ŞRJ/16966,LAVİNYA MARMARA SİTESİ-3,HALKA_ACIK,QC QUIKŞARJ,CHARGE MAHAL ENERJİ ANONİM ŞİRKETİ,CHARGE MAHAL ENERJİ ANONİM ŞİRKETİ, ,Sinanoba Mahallesi Hayırlı Sokağı  No:1 /ORTAK ALAN Arnavutköy / İSTANBUL,SKT/46173,AC,AC_TYPE2,22.0,,
427.0,ŞRJ/17030,LAVİNYA MARMARA OTOPARK,HALKA_ACIK,QC QUIKŞARJ,CHARGE MAHAL ENERJİ ANONİM ŞİRKETİ,CHARGE MAHAL ENERJİ ANONİM ŞİRKETİ, ,Sinanoba Mahallesi Hayırlı Sokağı  No:1 /C BLOK  Ortak Alan Büyükçekmece / İSTANBUL,SKT/46348,AC,AC_TYPE2,7.0,,
430.0,ŞRJ/17103,ONUR PARK LİFE SİTESİ,HALKA_ACIK,QC QUIKŞARJ,CHARGE MAHAL ENERJİ ANONİM ŞİRKETİ,CHARGE MAHAL ENERJİ ANONİM ŞİRKETİ, ,Merkez Koza Mahallesi 1673 Sokağı  No:15 /A 3 BLOK  Ortak Alan Esenyurt / İSTANBUL,SKT/46597,AC,AC_TYPE2,11.0,,
430.0,ŞRJ/17103,ONUR PARK LİFE SİTESİ,HALKA_ACIK,QC QUIKŞARJ,CHARGE MAHAL ENERJİ ANONİM ŞİRKETİ,CHARGE MAHAL ENERJİ ANONİM ŞİRKETİ, ,Merkez Koza Mahallesi 1673 Sokağı  No:15 /A 3 BLOK  Ortak Alan Esenyurt / İSTANBUL,SKT/46598,AC,AC_TYPE2,11.0,,
430.0,ŞRJ/17103,ONUR PARK LİFE SİTESİ,HALKA_ACIK,QC QUIKŞARJ,CHARGE MAHAL ENERJİ ANONİM ŞİRKETİ,CHARGE MAHAL ENERJİ ANONİM ŞİRKETİ, ,Merkez Koza Mahallesi 1673 Sokağı  No:15 /A 3 BLOK  Ortak Alan Esenyurt / İSTANBUL,SKT/46599,AC,AC_TYPE2,11.0,,
430.0,ŞRJ/17103,ONUR PARK LİFE SİTESİ,HALKA_ACIK,QC QUIKŞARJ,CHARGE MAHAL ENERJİ ANONİM ŞİRKETİ,CHARGE MAHAL ENERJİ ANONİM ŞİRKETİ, ,Merkez Koza Mahallesi 1673 Sokağı  No:15 /A 3 BLOK  Ortak Alan Esenyurt / İSTANBUL,SKT/46600,AC,AC_TYPE2,11.0,,
430.0,ŞRJ/17103,ONUR PARK LİFE SİTESİ,HALKA_ACIK,QC QUIKŞARJ,CHARGE MAHAL ENERJİ ANONİM ŞİRKETİ,CHARGE MAHAL ENERJİ ANONİM ŞİRKETİ, ,Merkez Koza Mahallesi 1673 Sokağı  No:15 /A 3 BLOK  Ortak Alan Esenyurt / İSTANBUL,SKT/46601,AC,AC_TYPE2,11.0,,
430.0,ŞRJ/17103,ONUR PARK LİFE SİTESİ,HALKA_ACIK,QC QUIKŞARJ,CHARGE MAHAL ENERJİ ANONİM ŞİRKETİ,CHARGE MAHAL ENERJİ ANONİM ŞİRKETİ, ,Merkez Koza Mahallesi 1673 Sokağı  No:15 /A 3 BLOK  Ortak Alan Esenyurt / İSTANBUL,SKT/46602,AC,AC_TYPE2,11.0,,
439.0,ŞRJ/15636,ÇOBANLI İSKELESİ KARŞISI OTOPARK,HALKA_ACIK,QC QUIKŞARJ,CHARGE MAHAL ENERJİ ANONİM ŞİRKETİ,CHARGE MAHAL ENERJİ ANONİM ŞİRKETİ, ,Cumhuriyet Mahallesi  Çobanlı İskelesi Karşısı Otopark Atakum / SAMSUN,SKT/41832,DC,DC_CCS,60.0,,
439.0,ŞRJ/15636,ÇOBANLI İSKELESİ KARŞISI OTOPARK,HALKA_ACIK,QC QUIKŞARJ,CHARGE MAHAL ENERJİ ANONİM ŞİRKETİ,CHARGE MAHAL ENERJİ ANONİM ŞİRKETİ, ,Cumhuriyet Mahallesi  Çobanlı İskelesi Karşısı Otopark Atakum / SAMSUN,SKT/41924,DC,DC_CCS,60.0,,
449.0,ŞRJ/17941,AKINCILAR VADİPARK TESİSLERİ,HALKA_ACIK,QC QUIKŞARJ,CHARGE MAHAL ENERJİ ANONİM ŞİRKETİ,CHARGE MAHAL ENERJİ ANONİM ŞİRKETİ, ,"Gönen, Kıraçköy Mevki Mahallesi Cumhuriyet Caddesi  No:108-1 Akıncılar / SİVAS",SKT/49374,DC,DC_CCS,80.0,,
478.0,ŞRJ/16596,W BAHÇE SİTESİ,OZEL,Sepaş Akıllı Çözümler Anonim Şirketi,SEPAŞ AKILLI ÇÖZÜMLER ANONİM ŞİRKETİ,SEPAŞ AKILLI ÇÖZÜMLER ANONİM ŞİRKETİ, ,Yenişehir Mahallesi Bahar Sokağı  No:14/16  Merkez Bucak  Merkez Pendik / İSTANBUL,SKT/45128,AC,AC_TYPE2,6.0,,
478.0,ŞRJ/16596,W BAHÇE SİTESİ,OZEL,Sepaş Akıllı Çözümler Anonim Şirketi,SEPAŞ AKILLI ÇÖZÜMLER ANONİM ŞİRKETİ,SEPAŞ AKILLI ÇÖZÜMLER ANONİM ŞİRKETİ, ,Yenişehir Mahallesi Bahar Sokağı  No:14/16  Merkez Bucak  Merkez Pendik / İSTANBUL,SKT/45129,AC,AC_TYPE2,6.0,,
96.0,ŞRJ/11275,ECLİPSE MASLAK,HALKA_ACIK,efish,ARTAŞ ENERJİ YATIRIMLARI SANAYİ VE TİCARET ANONİM ŞİRKETİ,ARTAŞ ENERJİ YATIRIMLARI SANAYİ VE TİCARET ANONİM ŞİRKETİ, ,Maslak Mahallesi Akasya Sokağı  No:1 8B Şişli / İSTANBUL,SKT/27911,DC,DC_CCS,60.0,,
96.0,ŞRJ/11275,ECLİPSE MASLAK,HALKA_ACIK,efish,ARTAŞ ENERJİ YATIRIMLARI SANAYİ VE TİCARET ANONİM ŞİRKETİ,ARTAŞ ENERJİ YATIRIMLARI SANAYİ VE TİCARET ANONİM ŞİRKETİ, ,Maslak Mahallesi Akasya Sokağı  No:1 8B Şişli / İSTANBUL,SKT/27912,DC,DC_CCS,60.0,,
153.0,ŞRJ/3837,BOSPHORUS 2,HALKA_ACIK,AOSTECHNOLOGY,AYHAN TEKNOLOJİ VE OTOMASYON ÇÖZÜMLERİ ANONİM ŞİRKETİ,AYHAN TEKNOLOJİ VE OTOMASYON ÇÖZÜMLERİ ANONİM ŞİRKETİ, ,Sinpaş Gyo Mahallesi 23 Sokağı Küçükçekmece / İSTANBUL,SKT/7843,AC,AC_TYPE2,22.0,,
153.0,ŞRJ/3837,BOSPHORUS 2,HALKA_ACIK,AOSTECHNOLOGY,AYHAN TEKNOLOJİ VE OTOMASYON ÇÖZÜMLERİ ANONİM ŞİRKETİ,AYHAN TEKNOLOJİ VE OTOMASYON ÇÖZÜMLERİ ANONİM ŞİRKETİ, ,Sinpaş Gyo Mahallesi 23 Sokağı Küçükçekmece / İSTANBUL,SKT/7844,AC,AC_TYPE2,22.0,,
155.0,ŞRJ/5429,İPEKSOY THERMAL HOTEL,HALKA_ACIK,AOSTECHNOLOGY,AYHAN TEKNOLOJİ VE OTOMASYON ÇÖZÜMLERİ ANONİM ŞİRKETİ,AYHAN TEKNOLOJİ VE OTOMASYON ÇÖZÜMLERİ ANONİM ŞİRKETİ, ,Hürriyet Mahallesi Kaplıca Sokağı  No:41 /2  Çavundur Kurşunlu / ÇANKIRI,SKT/11783,AC,AC_TYPE2,22.0,,
163.0,ŞRJ/3546,TEKSTİL KENT İŞHANI -2,HALKA_ACIK,AOSTECHNOLOGY,AYHAN TEKNOLOJİ VE OTOMASYON ÇÖZÜMLERİ ANONİM ŞİRKETİ,AYHAN TEKNOLOJİ VE OTOMASYON ÇÖZÜMLERİ ANONİM ŞİRKETİ, ,Oruç Reis Mahallesi Tekstilkent Caddesi A24 Blok Sokağı  No:10 Esenler / İSTANBUL,SKT/7073,AC,AC_TYPE2,22.0,,
163.0,ŞRJ/3546,TEKSTİL KENT İŞHANI -2,HALKA_ACIK,AOSTECHNOLOGY,AYHAN TEKNOLOJİ VE OTOMASYON ÇÖZÜMLERİ ANONİM ŞİRKETİ,AYHAN TEKNOLOJİ VE OTOMASYON ÇÖZÜMLERİ ANONİM ŞİRKETİ, ,Oruç Reis Mahallesi Tekstilkent Caddesi A24 Blok Sokağı  No:10 Esenler / İSTANBUL,SKT/7074,AC,AC_TYPE2,22.0,,
201.0,ŞRJ/7207,TEKSTİLKENT İŞ HANI -3,HALKA_ACIK,AOSTECHNOLOGY,AYHAN TEKNOLOJİ VE OTOMASYON ÇÖZÜMLERİ ANONİM ŞİRKETİ,AYHAN TEKNOLOJİ VE OTOMASYON ÇÖZÜMLERİ ANONİM ŞİRKETİ, ,Oruçreis Mahallesi Tekstilkent Caddesi Tekstilkent Sitesi Sokağı  No:10 C /A24 BLOK Esenler / İSTANBUL,SKT/16147,AC,AC_TYPE2,22.0,,
201.0,ŞRJ/7207,TEKSTİLKENT İŞ HANI -3,HALKA_ACIK,AOSTECHNOLOGY,AYHAN TEKNOLOJİ VE OTOMASYON ÇÖZÜMLERİ ANONİM ŞİRKETİ,AYHAN TEKNOLOJİ VE OTOMASYON ÇÖZÜMLERİ ANONİM ŞİRKETİ, ,Oruçreis Mahallesi Tekstilkent Caddesi Tekstilkent Sitesi Sokağı  No:10 C /A24 BLOK Esenler / İSTANBUL,SKT/16148,AC,AC_TYPE2,22.0,,
201.0,ŞRJ/7207,TEKSTİLKENT İŞ HANI -3,HALKA_ACIK,AOSTECHNOLOGY,AYHAN TEKNOLOJİ VE OTOMASYON ÇÖZÜMLERİ ANONİM ŞİRKETİ,AYHAN TEKNOLOJİ VE OTOMASYON ÇÖZÜMLERİ ANONİM ŞİRKETİ, ,Oruçreis Mahallesi Tekstilkent Caddesi Tekstilkent Sitesi Sokağı  No:10 C /A24 BLOK Esenler / İSTANBUL,SKT/16149,DC,DC_CCS,60.0,,
201.0,ŞRJ/7207,TEKSTİLKENT İŞ HANI -3,HALKA_ACIK,AOSTECHNOLOGY,AYHAN TEKNOLOJİ VE OTOMASYON ÇÖZÜMLERİ ANONİM ŞİRKETİ,AYHAN TEKNOLOJİ VE OTOMASYON ÇÖZÜMLERİ ANONİM ŞİRKETİ, ,Oruçreis Mahallesi Tekstilkent Caddesi Tekstilkent Sitesi Sokağı  No:10 C /A24 BLOK Esenler / İSTANBUL,SKT/27189,DC,DC_CCS,60.0,,
274.0,ŞRJ/8898,OTP OGULTURK DIKMEN,HALKA_ACIK,oğultürk PANO,OTP OĞULTÜRK PANO İMALAT İTHALAT İHRACAT SANAYİ VE TİCARET LİMİTED ŞİRKETİ,OTP OĞULTÜRK PANO İMALAT İTHALAT İHRACAT SANAYİ VE TİCARET LİMİTED ŞİRKETİ, ,İlk Adım Mh. Mahallesi Dikmen Cd. Caddesi  No:91 Çankaya / ANKARA,SKT/20589,AC,AC_TYPE2,15.0,,
274.0,ŞRJ/8898,OTP OGULTURK DIKMEN,HALKA_ACIK,oğultürk PANO,OTP OĞULTÜRK PANO İMALAT İTHALAT İHRACAT SANAYİ VE TİCARET LİMİTED ŞİRKETİ,OTP OĞULTÜRK PANO İMALAT İTHALAT İHRACAT SANAYİ VE TİCARET LİMİTED ŞİRKETİ, ,İlk Adım Mh. Mahallesi Dikmen Cd. Caddesi  No:91 Çankaya / ANKARA,SKT/20590,AC,AC_TYPE2,15.0,,
274.0,ŞRJ/8898,OTP OGULTURK DIKMEN,HALKA_ACIK,oğultürk PANO,OTP OĞULTÜRK PANO İMALAT İTHALAT İHRACAT SANAYİ VE TİCARET LİMİTED ŞİRKETİ,OTP OĞULTÜRK PANO İMALAT İTHALAT İHRACAT SANAYİ VE TİCARET LİMİTED ŞİRKETİ, ,İlk Adım Mh. Mahallesi Dikmen Cd. Caddesi  No:91 Çankaya / ANKARA,SKT/22327,DC,DC_CCS,70.0,,
274.0,ŞRJ/8898,OTP OGULTURK DIKMEN,HALKA_ACIK,oğultürk PANO,OTP OĞULTÜRK PANO İMALAT İTHALAT İHRACAT SANAYİ VE TİCARET LİMİTED ŞİRKETİ,OTP OĞULTÜRK PANO İMALAT İTHALAT İHRACAT SANAYİ VE TİCARET LİMİTED ŞİRKETİ, ,İlk Adım Mh. Mahallesi Dikmen Cd. Caddesi  No:91 Çankaya / ANKARA,SKT/22328,DC,DC_CCS,70.0,,
338.0,ŞRJ/12991,Banu Evleri İki,OZEL,solarşarj,SOLAR ARAÇ ŞARJ HİZMETLERİ ANONİM ŞİRKETİ,SOLAR ARAÇ ŞARJ HİZMETLERİ ANONİM ŞİRKETİ, ,Tahta Kale Mahallesi Mineçiçeği Sokağı  No:14  Isparta Kule Avcılar / İSTANBUL,SKT/33480,AC,AC_TYPE2,20.0,,
338.0,ŞRJ/12991,Banu Evleri İki,OZEL,solarşarj,SOLAR ARAÇ ŞARJ HİZMETLERİ ANONİM ŞİRKETİ,SOLAR ARAÇ ŞARJ HİZMETLERİ ANONİM ŞİRKETİ, ,Tahta Kale Mahallesi Mineçiçeği Sokağı  No:14  Isparta Kule Avcılar / İSTANBUL,SKT/33481,AC,AC_TYPE2,20.0,,
338.0,ŞRJ/12991,Banu Evleri İki,OZEL,solarşarj,SOLAR ARAÇ ŞARJ HİZMETLERİ ANONİM ŞİRKETİ,SOLAR ARAÇ ŞARJ HİZMETLERİ ANONİM ŞİRKETİ, ,Tahta Kale Mahallesi Mineçiçeği Sokağı  No:14  Isparta Kule Avcılar / İSTANBUL,SKT/33482,AC,AC_TYPE2,20.0,,
349.0,ŞRJ/7394,Pegasus Genel Müdürlük,OZEL,solarşarj,SOLAR ARAÇ ŞARJ HİZMETLERİ ANONİM ŞİRKETİ,SOLAR ARAÇ ŞARJ HİZMETLERİ ANONİM ŞİRKETİ, ,Abdurahmangazi Mahallesi Güvercinli Sokağı  No:1  Kurtköy Pendik / İSTANBUL,SKT/16616,AC,AC_TYPE2,11.0,,
349.0,ŞRJ/7394,Pegasus Genel Müdürlük,OZEL,solarşarj,SOLAR ARAÇ ŞARJ HİZMETLERİ ANONİM ŞİRKETİ,SOLAR ARAÇ ŞARJ HİZMETLERİ ANONİM ŞİRKETİ, ,Abdurahmangazi Mahallesi Güvercinli Sokağı  No:1  Kurtköy Pendik / İSTANBUL,SKT/16617,AC,AC_TYPE2,11.0,,
349.0,ŞRJ/7394,Pegasus Genel Müdürlük,OZEL,solarşarj,SOLAR ARAÇ ŞARJ HİZMETLERİ ANONİM ŞİRKETİ,SOLAR ARAÇ ŞARJ HİZMETLERİ ANONİM ŞİRKETİ, ,Abdurahmangazi Mahallesi Güvercinli Sokağı  No:1  Kurtköy Pendik / İSTANBUL,SKT/42126,AC,AC_TYPE2,11.0,,
349.0,ŞRJ/7394,Pegasus Genel Müdürlük,OZEL,solarşarj,SOLAR ARAÇ ŞARJ HİZMETLERİ ANONİM ŞİRKETİ,SOLAR ARAÇ ŞARJ HİZMETLERİ ANONİM ŞİRKETİ, ,Abdurahmangazi Mahallesi Güvercinli Sokağı  No:1  Kurtköy Pendik / İSTANBUL,SKT/42127,AC,AC_TYPE2,11.0,,
351.0,ŞRJ/15959,Şehristan Konutları,OZEL,solarşarj,SOLAR ARAÇ ŞARJ HİZMETLERİ ANONİM ŞİRKETİ,SOLAR ARAÇ ŞARJ HİZMETLERİ ANONİM ŞİRKETİ, ,Lapaşa Mahallesi İstanbulkapı Caddesi  No:1  Şehristan Konutları Yakutiye / ERZURUM,SKT/42922,AC,AC_TYPE2,20.0,,
351.0,ŞRJ/15959,Şehristan Konutları,OZEL,solarşarj,SOLAR ARAÇ ŞARJ HİZMETLERİ ANONİM ŞİRKETİ,SOLAR ARAÇ ŞARJ HİZMETLERİ ANONİM ŞİRKETİ, ,Lapaşa Mahallesi İstanbulkapı Caddesi  No:1  Şehristan Konutları Yakutiye / ERZURUM,SKT/42923,AC,AC_TYPE2,20.0,,
351.0,ŞRJ/15959,Şehristan Konutları,OZEL,solarşarj,SOLAR ARAÇ ŞARJ HİZMETLERİ ANONİM ŞİRKETİ,SOLAR ARAÇ ŞARJ HİZMETLERİ ANONİM ŞİRKETİ, ,Lapaşa Mahallesi İstanbulkapı Caddesi  No:1  Şehristan Konutları Yakutiye / ERZURUM,SKT/42924,AC,AC_TYPE2,20.0,,
354.0,ŞRJ/12876,Asmalı Bahçe Konakları,OZEL,solarşarj,SOLAR ARAÇ ŞARJ HİZMETLERİ ANONİM ŞİRKETİ,SOLAR ARAÇ ŞARJ HİZMETLERİ ANONİM ŞİRKETİ, ,Kayabaşı Mahallesi 22. Bölge Kınalı Ada Sokağı Başakşehir / İSTANBUL,SKT/33229,AC,AC_TYPE2,10.0,,
354.0,ŞRJ/12876,Asmalı Bahçe Konakları,OZEL,solarşarj,SOLAR ARAÇ ŞARJ HİZMETLERİ ANONİM ŞİRKETİ,SOLAR ARAÇ ŞARJ HİZMETLERİ ANONİM ŞİRKETİ, ,Kayabaşı Mahallesi 22. Bölge Kınalı Ada Sokağı Başakşehir / İSTANBUL,SKT/33230,AC,AC_TYPE2,10.0,,
354.0,ŞRJ/12876,Asmalı Bahçe Konakları,OZEL,solarşarj,SOLAR ARAÇ ŞARJ HİZMETLERİ ANONİM ŞİRKETİ,SOLAR ARAÇ ŞARJ HİZMETLERİ ANONİM ŞİRKETİ, ,Kayabaşı Mahallesi 22. Bölge Kınalı Ada Sokağı Başakşehir / İSTANBUL,SKT/33231,AC,AC_TYPE2,10.0,,
354.0,ŞRJ/12876,Asmalı Bahçe Konakları,OZEL,solarşarj,SOLAR ARAÇ ŞARJ HİZMETLERİ ANONİM ŞİRKETİ,SOLAR ARAÇ ŞARJ HİZMETLERİ ANONİM ŞİRKETİ, ,Kayabaşı Mahallesi 22. Bölge Kınalı Ada Sokağı Başakşehir / İSTANBUL,SKT/41928,AC,AC_TYPE2,10.0,,
354.0,ŞRJ/12876,Asmalı Bahçe Konakları,OZEL,solarşarj,SOLAR ARAÇ ŞARJ HİZMETLERİ ANONİM ŞİRKETİ,SOLAR ARAÇ ŞARJ HİZMETLERİ ANONİM ŞİRKETİ, ,Kayabaşı Mahallesi 22. Bölge Kınalı Ada Sokağı Başakşehir / İSTANBUL,SKT/41929,AC,AC_TYPE2,10.0,,
378.0,ŞRJ/18706,Nallıhan Pazaryeri,HALKA_ACIK,solarşarj,SOLAR ARAÇ ŞARJ HİZMETLERİ ANONİM ŞİRKETİ,SOLAR ARAÇ ŞARJ HİZMETLERİ ANONİM ŞİRKETİ, ,Çayırhan Mahallesi  No:55/ Resmi Kur Nallıhan / ANKARA,SKT/51846,AC,AC_TYPE2,11.0,,
378.0,ŞRJ/18706,Nallıhan Pazaryeri,HALKA_ACIK,solarşarj,SOLAR ARAÇ ŞARJ HİZMETLERİ ANONİM ŞİRKETİ,SOLAR ARAÇ ŞARJ HİZMETLERİ ANONİM ŞİRKETİ, ,Çayırhan Mahallesi  No:55/ Resmi Kur Nallıhan / ANKARA,SKT/51847,AC,AC_TYPE2,11.0,,
423.0,ŞRJ/14224,Çanakkale 1 – Dardanos Go Petrol,HALKA_ACIK,SOLARGIZE,SMART SOLARGİZE YEŞİL MOBİLİTE ENERJİ ANONİM ŞİRKETİ,SMART GÜNEŞ ENERJİSİ TEKNOLOJİLERİ ARAŞTIRMA GELİŞTİRME ÜRETİM SANAYİ VE TİCARET ANONİM ŞİRKETİ, ,Musaköy Mahallesi Köy Sokağı Sokağı  No:124/1  Musaköy Merkez / ÇANAKKALE,SKT/37347,DC,DC_CCS,120.0,,
423.0,ŞRJ/14224,Çanakkale 1 – Dardanos Go Petrol,HALKA_ACIK,SOLARGIZE,SMART SOLARGİZE YEŞİL MOBİLİTE ENERJİ ANONİM ŞİRKETİ,SMART GÜNEŞ ENERJİSİ TEKNOLOJİLERİ ARAŞTIRMA GELİŞTİRME ÜRETİM SANAYİ VE TİCARET ANONİM ŞİRKETİ, ,Musaköy Mahallesi Köy Sokağı Sokağı  No:124/1  Musaköy Merkez / ÇANAKKALE,SKT/37348,DC,DC_CCS,120.0,,
446.0,ŞRJ/4058,Gümüşlük Otoparkı,HALKA_ACIK,otoWATT,AYDEM PLUS ENERJİ ÇÖZÜMLERİ TİCARET ANONİM ŞİRKETİ,AYDEM PLUS ENERJİ ÇÖZÜMLERİ TİCARET ANONİM ŞİRKETİ, ,Gümüşlük Mahallesi 5135 Sokağı  No:6/1  Gümüşlük Belediye Otoparkı Bodrum / MUĞLA,SKT/8315,AC,AC_TYPE2,22.0,,
460.0,ŞRJ/3248,Lidya Sardes Hotel Thermal & Spa,HALKA_ACIK,otoWATT,AYDEM PLUS ENERJİ ÇÖZÜMLERİ TİCARET ANONİM ŞİRKETİ,AYDEM PLUS ENERJİ ÇÖZÜMLERİ TİCARET ANONİM ŞİRKETİ, ,Yeşilyurt Mahallesi Kurşunlu Kaplıcaları Yolu Caddesi 904 Sokağı Salihli / MANİSA,SKT/6298,AC,AC_TYPE2,22.0,,
477.0,ŞRJ/13650,Pekdemir Çiftliği Deliktaş Mağazası,HALKA_ACIK,otoWATT,AYDEM PLUS ENERJİ ÇÖZÜMLERİ TİCARET ANONİM ŞİRKETİ,AYDEM PLUS ENERJİ ÇÖZÜMLERİ TİCARET ANONİM ŞİRKETİ, ,85 Deliktaş Altgeçidi Mahallesi 1975 Sokağı Merkez / DENİZLİ,SKT/35563,DC,DC_CCS,60.0,,
477.0,ŞRJ/13650,Pekdemir Çiftliği Deliktaş Mağazası,HALKA_ACIK,otoWATT,AYDEM PLUS ENERJİ ÇÖZÜMLERİ TİCARET ANONİM ŞİRKETİ,AYDEM PLUS ENERJİ ÇÖZÜMLERİ TİCARET ANONİM ŞİRKETİ, ,85 Deliktaş Altgeçidi Mahallesi 1975 Sokağı Merkez / DENİZLİ,SKT/35564,DC,DC_CCS,60.0,,
482.0,ŞRJ/15722,Last Point Sitesi,HALKA_ACIK,otoWATT,AYDEM PLUS ENERJİ ÇÖZÜMLERİ TİCARET ANONİM ŞİRKETİ,AYDEM PLUS ENERJİ ÇÖZÜMLERİ TİCARET ANONİM ŞİRKETİ, ,Soğucak Mahallesi 4886 Sokağı  No:2A Kuşadası / AYDIN,SKT/42143,AC,AC_TYPE2,22.0,,
482.0,ŞRJ/15722,Last Point Sitesi,HALKA_ACIK,otoWATT,AYDEM PLUS ENERJİ ÇÖZÜMLERİ TİCARET ANONİM ŞİRKETİ,AYDEM PLUS ENERJİ ÇÖZÜMLERİ TİCARET ANONİM ŞİRKETİ, ,Soğucak Mahallesi 4886 Sokağı  No:2A Kuşadası / AYDIN,SKT/42144,AC,AC_TYPE2,22.0,,
125.0,ŞRJ/5447,"Nasıroğulları, Muş Merkez - DC",HALKA_ACIK,Otopriz,DİCLE KÖK ENERJİ YATIRIM ANONİM ŞİRKETİ,DİCLE KÖK ENERJİ YATIRIM ANONİM ŞİRKETİ, ,Karayolları Kavşağı Caddesi Karayolları Karşısı Sokağı Merkez / MUŞ,SKT/11839,DC,DC_CCS,120.0,,
125.0,ŞRJ/5447,"Nasıroğulları, Muş Merkez - DC",HALKA_ACIK,Otopriz,DİCLE KÖK ENERJİ YATIRIM ANONİM ŞİRKETİ,DİCLE KÖK ENERJİ YATIRIM ANONİM ŞİRKETİ, ,Karayolları Kavşağı Caddesi Karayolları Karşısı Sokağı Merkez / MUŞ,SKT/11840,DC,DC_CCS,120.0,,
128.0,ŞRJ/5456,"Akdamar, Gevaş - DC",HALKA_ACIK,Otopriz,DİCLE KÖK ENERJİ YATIRIM ANONİM ŞİRKETİ,DİCLE KÖK ENERJİ YATIRIM ANONİM ŞİRKETİ, ,Halime Hatun Kümbeti Mahallesi Tatvan Karayolu 40 Km Caddesi Gevaş / VAN,SKT/11857,DC,DC_CCS,120.0,,
128.0,ŞRJ/5456,"Akdamar, Gevaş - DC",HALKA_ACIK,Otopriz,DİCLE KÖK ENERJİ YATIRIM ANONİM ŞİRKETİ,DİCLE KÖK ENERJİ YATIRIM ANONİM ŞİRKETİ, ,Halime Hatun Kümbeti Mahallesi Tatvan Karayolu 40 Km Caddesi Gevaş / VAN,SKT/11858,DC,DC_CCS,120.0,,
131.0,ŞRJ/5458,"Ümran, Tuşba - DC",HALKA_ACIK,Otopriz,DİCLE KÖK ENERJİ YATIRIM ANONİM ŞİRKETİ,DİCLE KÖK ENERJİ YATIRIM ANONİM ŞİRKETİ, ,Abdurrahman Gazi Mahallesi Tuşba Belediyesi Yanı Caddesi  No:65030 / 39A Tuşba / VAN,SKT/11861,DC,DC_CCS,120.0,,
131.0,ŞRJ/5458,"Ümran, Tuşba - DC",HALKA_ACIK,Otopriz,DİCLE KÖK ENERJİ YATIRIM ANONİM ŞİRKETİ,DİCLE KÖK ENERJİ YATIRIM ANONİM ŞİRKETİ, ,Abdurrahman Gazi Mahallesi Tuşba Belediyesi Yanı Caddesi  No:65030 / 39A Tuşba / VAN,SKT/11862,DC,DC_CCS,120.0,,
142.0,ŞRJ/6401,"Gözegir Petrol, Gevaş - DC",HALKA_ACIK,Otopriz,DİCLE KÖK ENERJİ YATIRIM ANONİM ŞİRKETİ,DİCLE KÖK ENERJİ YATIRIM ANONİM ŞİRKETİ, ,Tatvan -van Karayolu Mahallesi Gevaş / VAN,SKT/13966,DC,DC_CCS,120.0,,
142.0,ŞRJ/6401,"Gözegir Petrol, Gevaş - DC",HALKA_ACIK,Otopriz,DİCLE KÖK ENERJİ YATIRIM ANONİM ŞİRKETİ,DİCLE KÖK ENERJİ YATIRIM ANONİM ŞİRKETİ, ,Tatvan -van Karayolu Mahallesi Gevaş / VAN,SKT/13967,DC,DC_CCS,120.0,,
145.0,ŞRJ/6620,"Sultan Sofrası, Osmancık - DC",HALKA_ACIK,Otopriz,DİCLE KÖK ENERJİ YATIRIM ANONİM ŞİRKETİ,DİCLE KÖK ENERJİ YATIRIM ANONİM ŞİRKETİ, ,Çiftlikler Mahallesi Gökbel Sokağı  No:35/1 Osmancık / ÇORUM,SKT/14663,DC,DC_CCS,120.0,,
145.0,ŞRJ/6620,"Sultan Sofrası, Osmancık - DC",HALKA_ACIK,Otopriz,DİCLE KÖK ENERJİ YATIRIM ANONİM ŞİRKETİ,DİCLE KÖK ENERJİ YATIRIM ANONİM ŞİRKETİ, ,Çiftlikler Mahallesi Gökbel Sokağı  No:35/1 Osmancık / ÇORUM,SKT/14664,DC,DC_CCS,120.0,,
148.0,ŞRJ/6663,"Yıldızlar, Kırıkkale Merkez - DC",HALKA_ACIK,Otopriz,DİCLE KÖK ENERJİ YATIRIM ANONİM ŞİRKETİ,DİCLE KÖK ENERJİ YATIRIM ANONİM ŞİRKETİ, ,Ankara Karayolu 1.km Mahallesi  İl Jandarma Komutanlığı Yanı Lukoil Merkez / KIRIKKALE,SKT/14768,DC,DC_CCS,120.0,,
148.0,ŞRJ/6663,"Yıldızlar, Kırıkkale Merkez - DC",HALKA_ACIK,Otopriz,DİCLE KÖK ENERJİ YATIRIM ANONİM ŞİRKETİ,DİCLE KÖK ENERJİ YATIRIM ANONİM ŞİRKETİ, ,Ankara Karayolu 1.km Mahallesi  İl Jandarma Komutanlığı Yanı Lukoil Merkez / KIRIKKALE,SKT/14770,DC,DC_CCS,120.0,,
162.0,ŞRJ/6814,"ÇTN, Merzifon - DC",HALKA_ACIK,Otopriz,DİCLE KÖK ENERJİ YATIRIM ANONİM ŞİRKETİ,DİCLE KÖK ENERJİ YATIRIM ANONİM ŞİRKETİ, ,Samsun İstanbul Karayolu 100. Km Caddesi  Turkish Oil Yanı Merzifon / AMASYA,SKT/15166,DC,DC_CCS,120.0,,
162.0,ŞRJ/6814,"ÇTN, Merzifon - DC",HALKA_ACIK,Otopriz,DİCLE KÖK ENERJİ YATIRIM ANONİM ŞİRKETİ,DİCLE KÖK ENERJİ YATIRIM ANONİM ŞİRKETİ, ,Samsun İstanbul Karayolu 100. Km Caddesi  Turkish Oil Yanı Merzifon / AMASYA,SKT/15167,DC,DC_CCS,120.0,,
167.0,ŞRJ/5457,"Castrol, Tuşba - DC",HALKA_ACIK,Otopriz,DİCLE KÖK ENERJİ YATIRIM ANONİM ŞİRKETİ,DİCLE KÖK ENERJİ YATIRIM ANONİM ŞİRKETİ, ,Seyrantepe Mahallesi Sanayi Sitesi 11.blok Caddesi 46. Sokağı  No:65040 / 1A Tuşba / VAN,SKT/11859,DC,DC_CCS,120.0,,
167.0,ŞRJ/5457,"Castrol, Tuşba - DC",HALKA_ACIK,Otopriz,DİCLE KÖK ENERJİ YATIRIM ANONİM ŞİRKETİ,DİCLE KÖK ENERJİ YATIRIM ANONİM ŞİRKETİ, ,Seyrantepe Mahallesi Sanayi Sitesi 11.blok Caddesi 46. Sokağı  No:65040 / 1A Tuşba / VAN,SKT/11860,DC,DC_CCS,120.0,,
169.0,ŞRJ/6405,"Kofan, Batman Merkez - AC",HALKA_ACIK,Otopriz,DİCLE KÖK ENERJİ YATIRIM ANONİM ŞİRKETİ,DİCLE KÖK ENERJİ YATIRIM ANONİM ŞİRKETİ, ,Korik Mahallesi  No:92  Kofan Petrol Sitesi Kofan Petrol Blok Merkez / BATMAN,SKT/13986,AC,AC_TYPE2,22.0,,
180.0,ŞRJ/6623,"Hanedan, Osmancık - DC",HALKA_ACIK,Otopriz,DİCLE KÖK ENERJİ YATIRIM ANONİM ŞİRKETİ,DİCLE KÖK ENERJİ YATIRIM ANONİM ŞİRKETİ, ,Yeşilçatma Mahallesi  Yeşilkent Sitesi B Blok Osmancık / ÇORUM,SKT/14669,DC,DC_CCS,120.0,,
180.0,ŞRJ/6623,"Hanedan, Osmancık - DC",HALKA_ACIK,Otopriz,DİCLE KÖK ENERJİ YATIRIM ANONİM ŞİRKETİ,DİCLE KÖK ENERJİ YATIRIM ANONİM ŞİRKETİ, ,Yeşilçatma Mahallesi  Yeşilkent Sitesi B Blok Osmancık / ÇORUM,SKT/14670,DC,DC_CCS,120.0,,
188.0,ŞRJ/13129,"FM İnşaat, Seyhan - DC",HALKA_ACIK,Otopriz,DİCLE KÖK ENERJİ YATIRIM ANONİM ŞİRKETİ,DİCLE KÖK ENERJİ YATIRIM ANONİM ŞİRKETİ, ,Gürselpaşa Mahallesi 75326 Sokağı  No:1/A Seyhan / ADANA,SKT/33899,DC,DC_CCS,120.0,,
188.0,ŞRJ/13129,"FM İnşaat, Seyhan - DC",HALKA_ACIK,Otopriz,DİCLE KÖK ENERJİ YATIRIM ANONİM ŞİRKETİ,DİCLE KÖK ENERJİ YATIRIM ANONİM ŞİRKETİ, ,Gürselpaşa Mahallesi 75326 Sokağı  No:1/A Seyhan / ADANA,SKT/33900,DC,DC_CCS,120.0,,
200.0,ŞRJ/14148,"Kardelen, Çiftlikköy - DC",HALKA_ACIK,Otopriz,DİCLE KÖK ENERJİ YATIRIM ANONİM ŞİRKETİ,DİCLE KÖK ENERJİ YATIRIM ANONİM ŞİRKETİ, ,Çiftlik Mahallesi Mahallesi İzmit Karayolu Üzeri Narkent Sitesi Karşısı Caddesi Çiftlikköy / YALOVA,SKT/37174,DC,DC_CCS,120.0,,
200.0,ŞRJ/14148,"Kardelen, Çiftlikköy - DC",HALKA_ACIK,Otopriz,DİCLE KÖK ENERJİ YATIRIM ANONİM ŞİRKETİ,DİCLE KÖK ENERJİ YATIRIM ANONİM ŞİRKETİ, ,Çiftlik Mahallesi Mahallesi İzmit Karayolu Üzeri Narkent Sitesi Karşısı Caddesi Çiftlikköy / YALOVA,SKT/37175,DC,DC_CCS,120.0,,
201.0,ŞRJ/14149,"Hasan Usta, Çukurova - DC",HALKA_ACIK,Otopriz,DİCLE KÖK ENERJİ YATIRIM ANONİM ŞİRKETİ,DİCLE KÖK ENERJİ YATIRIM ANONİM ŞİRKETİ, ,Yurt Mahallesi Mahallesi Kurttepe Sokak Sokağı  Bucak Merkez Köyü Çukurova / ADANA,SKT/37176,DC,DC_CCS,120.0,,
201.0,ŞRJ/14149,"Hasan Usta, Çukurova - DC",HALKA_ACIK,Otopriz,DİCLE KÖK ENERJİ YATIRIM ANONİM ŞİRKETİ,DİCLE KÖK ENERJİ YATIRIM ANONİM ŞİRKETİ, ,Yurt Mahallesi Mahallesi Kurttepe Sokak Sokağı  Bucak Merkez Köyü Çukurova / ADANA,SKT/37178,DC,DC_CCS,120.0,,
235.0,ŞRJ/17108,"Çankaya Üniversitesi, Etimesgut 1 DC, 11 AC",HALKA_ACIK,Otopriz,DİCLE KÖK ENERJİ YATIRIM ANONİM ŞİRKETİ,DİCLE KÖK ENERJİ YATIRIM ANONİM ŞİRKETİ, ,Yukarıyurtçu Mahallesi Mimar  Sinan Sokağı  No:4 Etimesgut / ANKARA,SKT/46618,DC,DC_CCS,120.0,,
235.0,ŞRJ/17108,"Çankaya Üniversitesi, Etimesgut 1 DC, 11 AC",HALKA_ACIK,Otopriz,DİCLE KÖK ENERJİ YATIRIM ANONİM ŞİRKETİ,DİCLE KÖK ENERJİ YATIRIM ANONİM ŞİRKETİ, ,Yukarıyurtçu Mahallesi Mimar  Sinan Sokağı  No:4 Etimesgut / ANKARA,SKT/46619,DC,DC_CCS,120.0,,
235.0,ŞRJ/17108,"Çankaya Üniversitesi, Etimesgut 1 DC, 11 AC",HALKA_ACIK,Otopriz,DİCLE KÖK ENERJİ YATIRIM ANONİM ŞİRKETİ,DİCLE KÖK ENERJİ YATIRIM ANONİM ŞİRKETİ, ,Yukarıyurtçu Mahallesi Mimar  Sinan Sokağı  No:4 Etimesgut / ANKARA,SKT/46620,AC,AC_TYPE2,22.0,,
235.0,ŞRJ/17108,"Çankaya Üniversitesi, Etimesgut 1 DC, 11 AC",HALKA_ACIK,Otopriz,DİCLE KÖK ENERJİ YATIRIM ANONİM ŞİRKETİ,DİCLE KÖK ENERJİ YATIRIM ANONİM ŞİRKETİ, ,Yukarıyurtçu Mahallesi Mimar  Sinan Sokağı  No:4 Etimesgut / ANKARA,SKT/46621,AC,AC_TYPE2,22.0,,
235.0,ŞRJ/17108,"Çankaya Üniversitesi, Etimesgut 1 DC, 11 AC",HALKA_ACIK,Otopriz,DİCLE KÖK ENERJİ YATIRIM ANONİM ŞİRKETİ,DİCLE KÖK ENERJİ YATIRIM ANONİM ŞİRKETİ, ,Yukarıyurtçu Mahallesi Mimar  Sinan Sokağı  No:4 Etimesgut / ANKARA,SKT/46622,AC,AC_TYPE2,22.0,,
235.0,ŞRJ/17108,"Çankaya Üniversitesi, Etimesgut 1 DC, 11 AC",HALKA_ACIK,Otopriz,DİCLE KÖK ENERJİ YATIRIM ANONİM ŞİRKETİ,DİCLE KÖK ENERJİ YATIRIM ANONİM ŞİRKETİ, ,Yukarıyurtçu Mahallesi Mimar  Sinan Sokağı  No:4 Etimesgut / ANKARA,SKT/46623,AC,AC_TYPE2,22.0,,
235.0,ŞRJ/17108,"Çankaya Üniversitesi, Etimesgut 1 DC, 11 AC",HALKA_ACIK,Otopriz,DİCLE KÖK ENERJİ YATIRIM ANONİM ŞİRKETİ,DİCLE KÖK ENERJİ YATIRIM ANONİM ŞİRKETİ, ,Yukarıyurtçu Mahallesi Mimar  Sinan Sokağı  No:4 Etimesgut / ANKARA,SKT/46624,AC,AC_TYPE2,22.0,,
235.0,ŞRJ/17108,"Çankaya Üniversitesi, Etimesgut 1 DC, 11 AC",HALKA_ACIK,Otopriz,DİCLE KÖK ENERJİ YATIRIM ANONİM ŞİRKETİ,DİCLE KÖK ENERJİ YATIRIM ANONİM ŞİRKETİ, ,Yukarıyurtçu Mahallesi Mimar  Sinan Sokağı  No:4 Etimesgut / ANKARA,SKT/46625,AC,AC_TYPE2,22.0,,
235.0,ŞRJ/17108,"Çankaya Üniversitesi, Etimesgut 1 DC, 11 AC",HALKA_ACIK,Otopriz,DİCLE KÖK ENERJİ YATIRIM ANONİM ŞİRKETİ,DİCLE KÖK ENERJİ YATIRIM ANONİM ŞİRKETİ, ,Yukarıyurtçu Mahallesi Mimar  Sinan Sokağı  No:4 Etimesgut / ANKARA,SKT/46626,AC,AC_TYPE2,22.0,,
235.0,ŞRJ/17108,"Çankaya Üniversitesi, Etimesgut 1 DC, 11 AC",HALKA_ACIK,Otopriz,DİCLE KÖK ENERJİ YATIRIM ANONİM ŞİRKETİ,DİCLE KÖK ENERJİ YATIRIM ANONİM ŞİRKETİ, ,Yukarıyurtçu Mahallesi Mimar  Sinan Sokağı  No:4 Etimesgut / ANKARA,SKT/46627,AC,AC_TYPE2,22.0,,
235.0,ŞRJ/17108,"Çankaya Üniversitesi, Etimesgut 1 DC, 11 AC",HALKA_ACIK,Otopriz,DİCLE KÖK ENERJİ YATIRIM ANONİM ŞİRKETİ,DİCLE KÖK ENERJİ YATIRIM ANONİM ŞİRKETİ, ,Yukarıyurtçu Mahallesi Mimar  Sinan Sokağı  No:4 Etimesgut / ANKARA,SKT/46628,AC,AC_TYPE2,22.0,,
235.0,ŞRJ/17108,"Çankaya Üniversitesi, Etimesgut 1 DC, 11 AC",HALKA_ACIK,Otopriz,DİCLE KÖK ENERJİ YATIRIM ANONİM ŞİRKETİ,DİCLE KÖK ENERJİ YATIRIM ANONİM ŞİRKETİ, ,Yukarıyurtçu Mahallesi Mimar  Sinan Sokağı  No:4 Etimesgut / ANKARA,SKT/46629,AC,AC_TYPE2,22.0,,
235.0,ŞRJ/17108,"Çankaya Üniversitesi, Etimesgut 1 DC, 11 AC",HALKA_ACIK,Otopriz,DİCLE KÖK ENERJİ YATIRIM ANONİM ŞİRKETİ,DİCLE KÖK ENERJİ YATIRIM ANONİM ŞİRKETİ, ,Yukarıyurtçu Mahallesi Mimar  Sinan Sokağı  No:4 Etimesgut / ANKARA,SKT/46630,AC,AC_TYPE2,22.0,,
249.0,ŞRJ/17133,"Andora Avm, Yenimahalle DC",HALKA_ACIK,Otopriz,DİCLE KÖK ENERJİ YATIRIM ANONİM ŞİRKETİ,DİCLE KÖK ENERJİ YATIRIM ANONİM ŞİRKETİ, ,Ergazi İmar Mahallesi 1868 Sokağı  No:9/18 Yenimahalle / ANKARA,SKT/46718,DC,DC_CCS,120.0,,
249.0,ŞRJ/17133,"Andora Avm, Yenimahalle DC",HALKA_ACIK,Otopriz,DİCLE KÖK ENERJİ YATIRIM ANONİM ŞİRKETİ,DİCLE KÖK ENERJİ YATIRIM ANONİM ŞİRKETİ, ,Ergazi İmar Mahallesi 1868 Sokağı  No:9/18 Yenimahalle / ANKARA,SKT/46719,DC,DC_CCS,120.0,,
250.0,ŞRJ/17134,"Soulmate Coffee Altaylılar, Tarsus-DC",HALKA_ACIK,Otopriz,DİCLE KÖK ENERJİ YATIRIM ANONİM ŞİRKETİ,DİCLE KÖK ENERJİ YATIRIM ANONİM ŞİRKETİ, ,Altaylılar Mahallesi 0299 Sokağı  No:6B Tarsus / MERSİN,SKT/46720,DC,DC_CCS,120.0,,
250.0,ŞRJ/17134,"Soulmate Coffee Altaylılar, Tarsus-DC",HALKA_ACIK,Otopriz,DİCLE KÖK ENERJİ YATIRIM ANONİM ŞİRKETİ,DİCLE KÖK ENERJİ YATIRIM ANONİM ŞİRKETİ, ,Altaylılar Mahallesi 0299 Sokağı  No:6B Tarsus / MERSİN,SKT/46721,DC,DC_CCS,120.0,,
261.0,ŞRJ/17517,"Naia Restoran, Toroslar - DC",HALKA_ACIK,Otopriz,DİCLE KÖK ENERJİ YATIRIM ANONİM ŞİRKETİ,DİCLE KÖK ENERJİ YATIRIM ANONİM ŞİRKETİ, ,Çopurlu Mahallesi 119 Sokağı  Merkez Toroslar / MERSİN,SKT/47852,DC,DC_CCS,120.0,,
261.0,ŞRJ/17517,"Naia Restoran, Toroslar - DC",HALKA_ACIK,Otopriz,DİCLE KÖK ENERJİ YATIRIM ANONİM ŞİRKETİ,DİCLE KÖK ENERJİ YATIRIM ANONİM ŞİRKETİ, ,Çopurlu Mahallesi 119 Sokağı  Merkez Toroslar / MERSİN,SKT/47853,DC,DC_CCS,120.0,,
283.0,ŞRJ/16475,"Gülveren Konutları, Kepez - AC 1, AC 2, AC 3",HALKA_ACIK,Otopriz,DİCLE KÖK ENERJİ YATIRIM ANONİM ŞİRKETİ,DİCLE KÖK ENERJİ YATIRIM ANONİM ŞİRKETİ, ,Gülveren Mahallesi Mahallesi 3710 Sk Sokağı Kepez / ANTALYA,SKT/44797,AC,AC_TYPE2,22.0,,
283.0,ŞRJ/16475,"Gülveren Konutları, Kepez - AC 1, AC 2, AC 3",HALKA_ACIK,Otopriz,DİCLE KÖK ENERJİ YATIRIM ANONİM ŞİRKETİ,DİCLE KÖK ENERJİ YATIRIM ANONİM ŞİRKETİ, ,Gülveren Mahallesi Mahallesi 3710 Sk Sokağı Kepez / ANTALYA,SKT/44798,AC,AC_TYPE2,22.0,,
283.0,ŞRJ/16475,"Gülveren Konutları, Kepez - AC 1, AC 2, AC 3",HALKA_ACIK,Otopriz,DİCLE KÖK ENERJİ YATIRIM ANONİM ŞİRKETİ,DİCLE KÖK ENERJİ YATIRIM ANONİM ŞİRKETİ, ,Gülveren Mahallesi Mahallesi 3710 Sk Sokağı Kepez / ANTALYA,SKT/44799,AC,AC_TYPE2,22.0,,
291.0,ŞRJ/17263,"Hacı Bayram Veli Üniversitesi Yücetepe, Çankaya - AC 1, AC 2",HALKA_ACIK,Otopriz,DİCLE KÖK ENERJİ YATIRIM ANONİM ŞİRKETİ,DİCLE KÖK ENERJİ YATIRIM ANONİM ŞİRKETİ, ,Devlet Mahallesi 85 Sokağı  No:8  Bucak Merkez Çankaya / ANKARA,SKT/47183,AC,AC_TYPE2,22.0,,
291.0,ŞRJ/17263,"Hacı Bayram Veli Üniversitesi Yücetepe, Çankaya - AC 1, AC 2",HALKA_ACIK,Otopriz,DİCLE KÖK ENERJİ YATIRIM ANONİM ŞİRKETİ,DİCLE KÖK ENERJİ YATIRIM ANONİM ŞİRKETİ, ,Devlet Mahallesi 85 Sokağı  No:8  Bucak Merkez Çankaya / ANKARA,SKT/47184,AC,AC_TYPE2,22.0,,
306.0,ŞRJ/18182,"Çakır QPLUS, Aziziye - DC, AC",HALKA_ACIK,Otopriz,DİCLE KÖK ENERJİ YATIRIM ANONİM ŞİRKETİ,DİCLE KÖK ENERJİ YATIRIM ANONİM ŞİRKETİ, ,Gezköyü Osb Mahallesi 6. Sanayi Sokağı Aziziye / ERZURUM,SKT/50107,DC,DC_CCS,160.0,,
306.0,ŞRJ/18182,"Çakır QPLUS, Aziziye - DC, AC",HALKA_ACIK,Otopriz,DİCLE KÖK ENERJİ YATIRIM ANONİM ŞİRKETİ,DİCLE KÖK ENERJİ YATIRIM ANONİM ŞİRKETİ, ,Gezköyü Osb Mahallesi 6. Sanayi Sokağı Aziziye / ERZURUM,SKT/50108,DC,DC_CCS,160.0,,
306.0,ŞRJ/18182,"Çakır QPLUS, Aziziye - DC, AC",HALKA_ACIK,Otopriz,DİCLE KÖK ENERJİ YATIRIM ANONİM ŞİRKETİ,DİCLE KÖK ENERJİ YATIRIM ANONİM ŞİRKETİ, ,Gezköyü Osb Mahallesi 6. Sanayi Sokağı Aziziye / ERZURUM,SKT/50109,AC,AC_TYPE2,22.0,,
310.0,ŞRJ/18306,"FN Tarım, Seyhan - DC",HALKA_ACIK,Otopriz,DİCLE KÖK ENERJİ YATIRIM ANONİM ŞİRKETİ,DİCLE KÖK ENERJİ YATIRIM ANONİM ŞİRKETİ, ,Akdere Mahallesi (cumhuriyet)/11 Sokağı  No:6/1  Merkez Silifke / MERSİN,SKT/50515,DC,DC_CCS,120.0,,
310.0,ŞRJ/18306,"FN Tarım, Seyhan - DC",HALKA_ACIK,Otopriz,DİCLE KÖK ENERJİ YATIRIM ANONİM ŞİRKETİ,DİCLE KÖK ENERJİ YATIRIM ANONİM ŞİRKETİ, ,Akdere Mahallesi (cumhuriyet)/11 Sokağı  No:6/1  Merkez Silifke / MERSİN,SKT/50516,DC,DC_CCS,120.0,,
321.0,ŞRJ/18660,"Çavuşoğlu 21 Sitesi, Kayapınar AC 1, AC 2",HALKA_ACIK,Otopriz,DİCLE KÖK ENERJİ YATIRIM ANONİM ŞİRKETİ,DİCLE KÖK ENERJİ YATIRIM ANONİM ŞİRKETİ, ,Diclekent Mahallesi  Sözler Medresesi Yolu Kayapınar / DİYARBAKIR,SKT/51691,AC,AC_TYPE2,22.0,,
321.0,ŞRJ/18660,"Çavuşoğlu 21 Sitesi, Kayapınar AC 1, AC 2",HALKA_ACIK,Otopriz,DİCLE KÖK ENERJİ YATIRIM ANONİM ŞİRKETİ,DİCLE KÖK ENERJİ YATIRIM ANONİM ŞİRKETİ, ,Diclekent Mahallesi  Sözler Medresesi Yolu Kayapınar / DİYARBAKIR,SKT/51692,AC,AC_TYPE2,22.0,,
347.0,ŞRJ/20019,"Akaslan Petrol, Oğuzeli - AC",HALKA_ACIK,Otopriz,DİCLE KÖK ENERJİ YATIRIM ANONİM ŞİRKETİ,DİCLE KÖK ENERJİ YATIRIM ANONİM ŞİRKETİ, ,Mimar Sinan Mahallesi Halep Sokağı  No:562/0  Merkez Oğuzeli / GAZİANTEP,SKT/57033,AC,AC_TYPE2,22.0,,
348.0,ŞRJ/20020,"Yıldırım VillaGarden Atakent, Yüreğir - AC 1, AC 2",HALKA_ACIK,Otopriz,DİCLE KÖK ENERJİ YATIRIM ANONİM ŞİRKETİ,DİCLE KÖK ENERJİ YATIRIM ANONİM ŞİRKETİ, ,Atakent Mahallesi Şehit Mehmet Aslan Giray Sokağı  No:4 Yüreğir / ADANA,SKT/57034,AC,AC_TYPE2,22.0,,
348.0,ŞRJ/20020,"Yıldırım VillaGarden Atakent, Yüreğir - AC 1, AC 2",HALKA_ACIK,Otopriz,DİCLE KÖK ENERJİ YATIRIM ANONİM ŞİRKETİ,DİCLE KÖK ENERJİ YATIRIM ANONİM ŞİRKETİ, ,Atakent Mahallesi Şehit Mehmet Aslan Giray Sokağı  No:4 Yüreğir / ADANA,SKT/57035,AC,AC_TYPE2,22.0,,
357.0,ŞRJ/20201,"Akgül Sitesi, Çukurova - AC 1, AC 2",OZEL,Otopriz,DİCLE KÖK ENERJİ YATIRIM ANONİM ŞİRKETİ,DİCLE KÖK ENERJİ YATIRIM ANONİM ŞİRKETİ, ,Yüzüncüyıl Mahallesi 85481 Sokağı  No:4/1 Çukurova / ADANA,SKT/57565,AC,AC_TYPE2,11.0,,
357.0,ŞRJ/20201,"Akgül Sitesi, Çukurova - AC 1, AC 2",OZEL,Otopriz,DİCLE KÖK ENERJİ YATIRIM ANONİM ŞİRKETİ,DİCLE KÖK ENERJİ YATIRIM ANONİM ŞİRKETİ, ,Yüzüncüyıl Mahallesi 85481 Sokağı  No:4/1 Çukurova / ADANA,SKT/57566,AC,AC_TYPE2,11.0,,
373.0,ŞRJ/19244,"Simge Otomotiv, Ereğli - DC",HALKA_ACIK,Otopriz,DİCLE KÖK ENERJİ YATIRIM ANONİM ŞİRKETİ,DİCLE KÖK ENERJİ YATIRIM ANONİM ŞİRKETİ, ,Müftü Mahallesi  No:Örnek Ersan 4B Ereğli / ZONGULDAK,SKT/54000,DC,DC_CCS,120.0,,
373.0,ŞRJ/19244,"Simge Otomotiv, Ereğli - DC",HALKA_ACIK,Otopriz,DİCLE KÖK ENERJİ YATIRIM ANONİM ŞİRKETİ,DİCLE KÖK ENERJİ YATIRIM ANONİM ŞİRKETİ, ,Müftü Mahallesi  No:Örnek Ersan 4B Ereğli / ZONGULDAK,SKT/54001,DC,DC_CCS,120.0,,
378.0,ŞRJ/10793,"Saray Otopark, Muratpaşa - DC 1",HALKA_ACIK,Otopriz,DİCLE KÖK ENERJİ YATIRIM ANONİM ŞİRKETİ,DİCLE KÖK ENERJİ YATIRIM ANONİM ŞİRKETİ, ,Meltem Mahallesi İsmail Baha Süreslan Caddesi  No:20 Muratpaşa / ANTALYA,SKT/26383,DC,DC_CCS,120.0,,
378.0,ŞRJ/10793,"Saray Otopark, Muratpaşa - DC 1",HALKA_ACIK,Otopriz,DİCLE KÖK ENERJİ YATIRIM ANONİM ŞİRKETİ,DİCLE KÖK ENERJİ YATIRIM ANONİM ŞİRKETİ, ,Meltem Mahallesi İsmail Baha Süreslan Caddesi  No:20 Muratpaşa / ANTALYA,SKT/26384,DC,DC_CCS,120.0,,
406.0,ŞRJ/6617,"Başak Petrol, Taşova - DC 2",HALKA_ACIK,Otopriz,DİCLE KÖK ENERJİ YATIRIM ANONİM ŞİRKETİ,DİCLE KÖK ENERJİ YATIRIM ANONİM ŞİRKETİ, ,Yolağan Kümeevleri Mahallesi 127 Sokağı  Yolağan Köyü Taşova / AMASYA,SKT/14656,DC,DC_CCS,120.0,,
406.0,ŞRJ/6617,"Başak Petrol, Taşova - DC 2",HALKA_ACIK,Otopriz,DİCLE KÖK ENERJİ YATIRIM ANONİM ŞİRKETİ,DİCLE KÖK ENERJİ YATIRIM ANONİM ŞİRKETİ, ,Yolağan Kümeevleri Mahallesi 127 Sokağı  Yolağan Köyü Taşova / AMASYA,SKT/14662,DC,DC_CCS,120.0,,
415.0,ŞRJ/20101,"Karakuş Parma Sitesi, Bağlar - DC",HALKA_ACIK,Otopriz,DİCLE KÖK ENERJİ YATIRIM ANONİM ŞİRKETİ,DİCLE KÖK ENERJİ YATIRIM ANONİM ŞİRKETİ, ,Bağcılar Mahallesi  No:Karakuş Parma Yapı Bağlar / DİYARBAKIR,SKT/57302,DC,DC_CCS,160.0,,
415.0,ŞRJ/20101,"Karakuş Parma Sitesi, Bağlar - DC",HALKA_ACIK,Otopriz,DİCLE KÖK ENERJİ YATIRIM ANONİM ŞİRKETİ,DİCLE KÖK ENERJİ YATIRIM ANONİM ŞİRKETİ, ,Bağcılar Mahallesi  No:Karakuş Parma Yapı Bağlar / DİYARBAKIR,SKT/57303,DC,DC_CCS,160.0,,
419.0,ŞRJ/20269,"İzmir Bölge Adliyesi, Konak - AC 1, AC 2, DC 1, DC 2",OZEL,Otopriz,DİCLE KÖK ENERJİ YATIRIM ANONİM ŞİRKETİ,DİCLE KÖK ENERJİ YATIRIM ANONİM ŞİRKETİ, ,Mersinli Mahallesi Ali Telli Sokağı  No:2 Konak / İZMİR,SKT/57799,AC,AC_TYPE2,22.0,,
419.0,ŞRJ/20269,"İzmir Bölge Adliyesi, Konak - AC 1, AC 2, DC 1, DC 2",OZEL,Otopriz,DİCLE KÖK ENERJİ YATIRIM ANONİM ŞİRKETİ,DİCLE KÖK ENERJİ YATIRIM ANONİM ŞİRKETİ, ,Mersinli Mahallesi Ali Telli Sokağı  No:2 Konak / İZMİR,SKT/57800,AC,AC_TYPE2,22.0,,
419.0,ŞRJ/20269,"İzmir Bölge Adliyesi, Konak - AC 1, AC 2, DC 1, DC 2",OZEL,Otopriz,DİCLE KÖK ENERJİ YATIRIM ANONİM ŞİRKETİ,DİCLE KÖK ENERJİ YATIRIM ANONİM ŞİRKETİ, ,Mersinli Mahallesi Ali Telli Sokağı  No:2 Konak / İZMİR,SKT/57801,DC,DC_CCS,60.0,,
419.0,ŞRJ/20269,"İzmir Bölge Adliyesi, Konak - AC 1, AC 2, DC 1, DC 2",OZEL,Otopriz,DİCLE KÖK ENERJİ YATIRIM ANONİM ŞİRKETİ,DİCLE KÖK ENERJİ YATIRIM ANONİM ŞİRKETİ, ,Mersinli Mahallesi Ali Telli Sokağı  No:2 Konak / İZMİR,SKT/57802,DC,DC_CCS,60.0,,
419.0,ŞRJ/20269,"İzmir Bölge Adliyesi, Konak - AC 1, AC 2, DC 1, DC 2",OZEL,Otopriz,DİCLE KÖK ENERJİ YATIRIM ANONİM ŞİRKETİ,DİCLE KÖK ENERJİ YATIRIM ANONİM ŞİRKETİ, ,Mersinli Mahallesi Ali Telli Sokağı  No:2 Konak / İZMİR,SKT/57803,DC,DC_CCS,60.0,,
419.0,ŞRJ/20269,"İzmir Bölge Adliyesi, Konak - AC 1, AC 2, DC 1, DC 2",OZEL,Otopriz,DİCLE KÖK ENERJİ YATIRIM ANONİM ŞİRKETİ,DİCLE KÖK ENERJİ YATIRIM ANONİM ŞİRKETİ, ,Mersinli Mahallesi Ali Telli Sokağı  No:2 Konak / İZMİR,SKT/57983,DC,DC_CCS,60.0,,
436.0,ŞRJ/6616,"Başak Petrol, Taşova - DC 1",HALKA_ACIK,Otopriz,DİCLE KÖK ENERJİ YATIRIM ANONİM ŞİRKETİ,DİCLE KÖK ENERJİ YATIRIM ANONİM ŞİRKETİ, ,Yolağan Kümeevleri Mahallesi 120/1 Sokağı  Yolağan Köyü Taşova / AMASYA,SKT/14655,DC,DC_CCS,120.0,,
436.0,ŞRJ/6616,"Başak Petrol, Taşova - DC 1",HALKA_ACIK,Otopriz,DİCLE KÖK ENERJİ YATIRIM ANONİM ŞİRKETİ,DİCLE KÖK ENERJİ YATIRIM ANONİM ŞİRKETİ, ,Yolağan Kümeevleri Mahallesi 120/1 Sokağı  Yolağan Köyü Taşova / AMASYA,SKT/14661,DC,DC_CCS,120.0,,
454.0,ŞRJ/20846,"Karayıl Mezopotamya Sitesi, Kayapınar - AC 1, AC 2, AC 3, AC 4",OZEL,Otopriz,DİCLE KÖK ENERJİ YATIRIM ANONİM ŞİRKETİ,DİCLE KÖK ENERJİ YATIRIM ANONİM ŞİRKETİ, ,Baba Tahir Caddesi 579 Sokağı Kayapınar / DİYARBAKIR,SKT/60288,AC,AC_TYPE2,22.0,,
454.0,ŞRJ/20846,"Karayıl Mezopotamya Sitesi, Kayapınar - AC 1, AC 2, AC 3, AC 4",OZEL,Otopriz,DİCLE KÖK ENERJİ YATIRIM ANONİM ŞİRKETİ,DİCLE KÖK ENERJİ YATIRIM ANONİM ŞİRKETİ, ,Baba Tahir Caddesi 579 Sokağı Kayapınar / DİYARBAKIR,SKT/60289,AC,AC_TYPE2,22.0,,
454.0,ŞRJ/20846,"Karayıl Mezopotamya Sitesi, Kayapınar - AC 1, AC 2, AC 3, AC 4",OZEL,Otopriz,DİCLE KÖK ENERJİ YATIRIM ANONİM ŞİRKETİ,DİCLE KÖK ENERJİ YATIRIM ANONİM ŞİRKETİ, ,Baba Tahir Caddesi 579 Sokağı Kayapınar / DİYARBAKIR,SKT/60290,AC,AC_TYPE2,22.0,,
454.0,ŞRJ/20846,"Karayıl Mezopotamya Sitesi, Kayapınar - AC 1, AC 2, AC 3, AC 4",OZEL,Otopriz,DİCLE KÖK ENERJİ YATIRIM ANONİM ŞİRKETİ,DİCLE KÖK ENERJİ YATIRIM ANONİM ŞİRKETİ, ,Baba Tahir Caddesi 579 Sokağı Kayapınar / DİYARBAKIR,SKT/60291,AC,AC_TYPE2,22.0,,
6.0,ŞRJ/15769,ERKEKOĞLU DİNLENME TESİSLERİ,HALKA_ACIK,ŞS ŞARJSTOP Güvenli Şarj Noktası,KARAKUŞLAR HALI TEKSTİL SANAYİ VE TİCARET ANONİM ŞİRKETİ,KARAKUŞLAR HALI TEKSTİL SANAYİ VE TİCARET ANONİM ŞİRKETİ, ,Çörekdere Mahallesi Yeni Okul Sokağı Sarız / KAYSERİ,SKT/42285,DC,DC_CCS,160.0,,
15.0,ŞRJ/5391,Elin A.Ş. Merkez EVS,HALKA_ACIK,ERC SİSTEM,ERC SİSTEM ELEKTRİK MAKİNA İMALAT TAAHHÜT SANAYİ  VE TİCARET ANONİM ŞİRKETİ,ERC SİSTEM ELEKTRİK MAKİNA İMALAT TAAHHÜT SANAYİ  VE TİCARET ANONİM ŞİRKETİ, ,Ümit Mahallesi 2535 Sokağı  No:1 /1 Çankaya / ANKARA,SKT/11710,AC,AC_TYPE2,9.5,,
15.0,ŞRJ/5391,Elin A.Ş. Merkez EVS,HALKA_ACIK,ERC SİSTEM,ERC SİSTEM ELEKTRİK MAKİNA İMALAT TAAHHÜT SANAYİ  VE TİCARET ANONİM ŞİRKETİ,ERC SİSTEM ELEKTRİK MAKİNA İMALAT TAAHHÜT SANAYİ  VE TİCARET ANONİM ŞİRKETİ, ,Ümit Mahallesi 2535 Sokağı  No:1 /1 Çankaya / ANKARA,SKT/11711,AC,AC_TYPE2,9.5,,
15.0,ŞRJ/5391,Elin A.Ş. Merkez EVS,HALKA_ACIK,ERC SİSTEM,ERC SİSTEM ELEKTRİK MAKİNA İMALAT TAAHHÜT SANAYİ  VE TİCARET ANONİM ŞİRKETİ,ERC SİSTEM ELEKTRİK MAKİNA İMALAT TAAHHÜT SANAYİ  VE TİCARET ANONİM ŞİRKETİ, ,Ümit Mahallesi 2535 Sokağı  No:1 /1 Çankaya / ANKARA,SKT/11712,AC,AC_TYPE2,9.5,,
42.0,ŞRJ/6498,Metropol Villaları,HALKA_ACIK,GREEN SCIENCE,ZEY ENERJİ SANAYİ VE TİCARET ANONİM ŞİRKETİ,ZEY ENERJİ SANAYİ VE TİCARET ANONİM ŞİRKETİ, ,Yeşil Vadi Mahallesi 1100 Sokağı  No:1 Sur / DİYARBAKIR,SKT/14236,AC,AC_TYPE2,7.0,,
94.0,ŞRJ/11960,Özer Kardeşler Petrol,HALKA_ACIK,GREEN SCIENCE,ZEY ENERJİ SANAYİ VE TİCARET ANONİM ŞİRKETİ,ZEY ENERJİ SANAYİ VE TİCARET ANONİM ŞİRKETİ, ,Çamlıçatak Mahallesi 177 Sokağı  Çamlıçatak Mücavir  Çamlıçatak Merkez / ARDAHAN,SKT/30179,DC,DC_CCS,120.0,,
94.0,ŞRJ/11960,Özer Kardeşler Petrol,HALKA_ACIK,GREEN SCIENCE,ZEY ENERJİ SANAYİ VE TİCARET ANONİM ŞİRKETİ,ZEY ENERJİ SANAYİ VE TİCARET ANONİM ŞİRKETİ, ,Çamlıçatak Mahallesi 177 Sokağı  Çamlıçatak Mücavir  Çamlıçatak Merkez / ARDAHAN,SKT/30180,DC,DC_CCS,120.0,,
99.0,ŞRJ/12481,Yenigun Dinlenme Tesisleri,HALKA_ACIK,GREEN SCIENCE,ZEY ENERJİ SANAYİ VE TİCARET ANONİM ŞİRKETİ,ZEY ENERJİ SANAYİ VE TİCARET ANONİM ŞİRKETİ, ,Taşteker Mahallesi Taşteker Sokağı  No:1 /Cevdet yenigün Taşlıçay / AĞRI,SKT/31997,DC,DC_CCS,120.0,,
99.0,ŞRJ/12481,Yenigun Dinlenme Tesisleri,HALKA_ACIK,GREEN SCIENCE,ZEY ENERJİ SANAYİ VE TİCARET ANONİM ŞİRKETİ,ZEY ENERJİ SANAYİ VE TİCARET ANONİM ŞİRKETİ, ,Taşteker Mahallesi Taşteker Sokağı  No:1 /Cevdet yenigün Taşlıçay / AĞRI,SKT/31998,DC,DC_CCS,120.0,,
100.0,ŞRJ/12404,Şelale Otel,HALKA_ACIK,GREEN SCIENCE,ZEY ENERJİ SANAYİ VE TİCARET ANONİM ŞİRKETİ,ZEY ENERJİ SANAYİ VE TİCARET ANONİM ŞİRKETİ, ,Yeniköy Mahallesi  No:8/1  Yeniköy Yolu Deniz Ardeşen / RİZE,SKT/31777,DC,DC_CCS,120.0,,
100.0,ŞRJ/12404,Şelale Otel,HALKA_ACIK,GREEN SCIENCE,ZEY ENERJİ SANAYİ VE TİCARET ANONİM ŞİRKETİ,ZEY ENERJİ SANAYİ VE TİCARET ANONİM ŞİRKETİ, ,Yeniköy Mahallesi  No:8/1  Yeniköy Yolu Deniz Ardeşen / RİZE,SKT/31778,DC,DC_CCS,120.0,,
101.0,ŞRJ/12479,Şelale Cafe,HALKA_ACIK,GREEN SCIENCE,ZEY ENERJİ SANAYİ VE TİCARET ANONİM ŞİRKETİ,ZEY ENERJİ SANAYİ VE TİCARET ANONİM ŞİRKETİ, ,Merkez Esentepe Mahallesi Kasaba Karşısı Sokağı  No:16 Eleşkirt / AĞRI,SKT/31993,DC,DC_CCS,120.0,,
101.0,ŞRJ/12479,Şelale Cafe,HALKA_ACIK,GREEN SCIENCE,ZEY ENERJİ SANAYİ VE TİCARET ANONİM ŞİRKETİ,ZEY ENERJİ SANAYİ VE TİCARET ANONİM ŞİRKETİ, ,Merkez Esentepe Mahallesi Kasaba Karşısı Sokağı  No:16 Eleşkirt / AĞRI,SKT/31994,DC,DC_CCS,120.0,,
106.0,ŞRJ/12841,GES Çiftlik,HALKA_ACIK,GREEN SCIENCE,ZEY ENERJİ SANAYİ VE TİCARET ANONİM ŞİRKETİ,ZEY ENERJİ SANAYİ VE TİCARET ANONİM ŞİRKETİ, ,Yamaçlı Mahallesi  No:60  Benli Ahmet Selim / KARS,SKT/33125,DC,DC_CCS,120.0,,
106.0,ŞRJ/12841,GES Çiftlik,HALKA_ACIK,GREEN SCIENCE,ZEY ENERJİ SANAYİ VE TİCARET ANONİM ŞİRKETİ,ZEY ENERJİ SANAYİ VE TİCARET ANONİM ŞİRKETİ, ,Yamaçlı Mahallesi  No:60  Benli Ahmet Selim / KARS,SKT/33126,DC,DC_CCS,120.0,,
108.0,ŞRJ/12881,Kristal Kar Tanesi Otel,HALKA_ACIK,GREEN SCIENCE,ZEY ENERJİ SANAYİ VE TİCARET ANONİM ŞİRKETİ,ZEY ENERJİ SANAYİ VE TİCARET ANONİM ŞİRKETİ, ,İnönü Mahallesi Oteller Bölgesi Sokağı Sarıkamış / KARS,SKT/33239,DC,DC_CCS,120.0,,
108.0,ŞRJ/12881,Kristal Kar Tanesi Otel,HALKA_ACIK,GREEN SCIENCE,ZEY ENERJİ SANAYİ VE TİCARET ANONİM ŞİRKETİ,ZEY ENERJİ SANAYİ VE TİCARET ANONİM ŞİRKETİ, ,İnönü Mahallesi Oteller Bölgesi Sokağı Sarıkamış / KARS,SKT/33240,DC,DC_CCS,120.0,,
116.0,ŞRJ/17724,ARİFOĞLU AIRPORT OTEL,HALKA_ACIK,GREEN SCIENCE,ZEY ENERJİ SANAYİ VE TİCARET ANONİM ŞİRKETİ,ZEY ENERJİ SANAYİ VE TİCARET ANONİM ŞİRKETİ, ,Karacaören Mahallesi Havaalanı Sokağı  No:8 /Arifoğlu Otel Merkez / KARS,SKT/48563,AC,AC_TYPE2,22.0,,
148.0,ŞRJ/4089,Seyir Terası,HALKA_ACIK,SWAPP,DUMANOĞLU ENERJİ YATIRIM ANONİM ŞİRKETİ,DUMANOĞLU ENERJİ YATIRIM ANONİM ŞİRKETİ, ,Ortahisar Mahallesi  Ortahisar Köyü İç Yolu Balonlu Park Ürgüp / NEVŞEHİR,SKT/8413,AC,AC_TYPE2,22.0,,
149.0,ŞRJ/4090,Seyir Terası,HALKA_ACIK,SWAPP,DUMANOĞLU ENERJİ YATIRIM ANONİM ŞİRKETİ,DUMANOĞLU ENERJİ YATIRIM ANONİM ŞİRKETİ, ,Ortahisar Mahallesi  Yukarı Kızılçukur Vadisi Ürgüp / NEVŞEHİR,SKT/8414,AC,AC_TYPE2,22.0,,
212.0,ŞRJ/9352,İSTANBUL ÜNİVERSİTESİ-CERRAHPAŞA AVCILAR KAMPÜSÜ,HALKA_ACIK,Q Charge,META MOBİLİTE ENERJİ ANONİM ŞİRKETİ,META MOBİLİTE ENERJİ ANONİM ŞİRKETİ, ,Üniversite Mahallesi Üniversite Caddesi  İüc Avcılar Yerleşkesi İdari Birimler Önü Avcılar / İSTANBUL,SKT/21995,AC,AC_TYPE2,22.0,,
226.0,ŞRJ/14603,EKMEKÇİOĞLU DİNLENME TESİSİ,HALKA_ACIK,Q Charge,META MOBİLİTE ENERJİ ANONİM ŞİRKETİ,META MOBİLİTE ENERJİ ANONİM ŞİRKETİ, ,Hacıhamza Mahallesi Özeller Çeltik Fabrikası Sokağı  No:1991018  Hacıhamza Kargı / ÇORUM,SKT/38473,DC,DC_CCS,70.0,,
226.0,ŞRJ/14603,EKMEKÇİOĞLU DİNLENME TESİSİ,HALKA_ACIK,Q Charge,META MOBİLİTE ENERJİ ANONİM ŞİRKETİ,META MOBİLİTE ENERJİ ANONİM ŞİRKETİ, ,Hacıhamza Mahallesi Özeller Çeltik Fabrikası Sokağı  No:1991018  Hacıhamza Kargı / ÇORUM,SKT/38474,DC,DC_CCS,70.0,,
339.0,ŞRJ/3678,Ametist Residence,OZEL,Elaris Elektrikli Araç Şarj Hizmetleri,ELARİS ENERJİ YATIRIMLARI ANONİM ŞİRKETİ,ELARİS ENERJİ YATIRIMLARI ANONİM ŞİRKETİ, ,Beytepe Mahallesi Akşemseddin Sokağı  No:4/C Çankaya / ANKARA,SKT/7418,AC,AC_TYPE2,21.0,,
340.0,ŞRJ/3679,Ametist Residence,OZEL,Elaris Elektrikli Araç Şarj Hizmetleri,ELARİS ENERJİ YATIRIMLARI ANONİM ŞİRKETİ,ELARİS ENERJİ YATIRIMLARI ANONİM ŞİRKETİ, ,Beytepe Mahallesi Akşemseddin Sokağı  No:4/D Çankaya / ANKARA,SKT/7419,AC,AC_TYPE2,21.0,,
340.0,ŞRJ/3679,Ametist Residence,OZEL,Elaris Elektrikli Araç Şarj Hizmetleri,ELARİS ENERJİ YATIRIMLARI ANONİM ŞİRKETİ,ELARİS ENERJİ YATIRIMLARI ANONİM ŞİRKETİ, ,Beytepe Mahallesi Akşemseddin Sokağı  No:4/D Çankaya / ANKARA,SKT/7420,AC,AC_TYPE2,21.0,,
367.0,ŞRJ/20166,Üçay Mühendislik Samsun Şubesi,HALKA_ACIK,Elaris Elektrikli Araç Şarj Hizmetleri,ELARİS ENERJİ YATIRIMLARI ANONİM ŞİRKETİ,ELARİS ENERJİ YATIRIMLARI ANONİM ŞİRKETİ, ,Toybelen Mahallesi 9035 Sokağı  No:1/9  Toybelen Sanayi Sitesi İlkadım / SAMSUN,SKT/57451,AC,AC_TYPE2,18.0,,
367.0,ŞRJ/20166,Üçay Mühendislik Samsun Şubesi,HALKA_ACIK,Elaris Elektrikli Araç Şarj Hizmetleri,ELARİS ENERJİ YATIRIMLARI ANONİM ŞİRKETİ,ELARİS ENERJİ YATIRIMLARI ANONİM ŞİRKETİ, ,Toybelen Mahallesi 9035 Sokağı  No:1/9  Toybelen Sanayi Sitesi İlkadım / SAMSUN,SKT/57452,AC,AC_TYPE2,18.0,,
367.0,ŞRJ/20166,Üçay Mühendislik Samsun Şubesi,HALKA_ACIK,Elaris Elektrikli Araç Şarj Hizmetleri,ELARİS ENERJİ YATIRIMLARI ANONİM ŞİRKETİ,ELARİS ENERJİ YATIRIMLARI ANONİM ŞİRKETİ, ,Toybelen Mahallesi 9035 Sokağı  No:1/9  Toybelen Sanayi Sitesi İlkadım / SAMSUN,SKT/57453,AC,AC_TYPE2,18.0,,
374.0,ŞRJ/4264,Kaya Palazzo Belek,HALKA_ACIK,PLECO advertise.charge.,ÖZKA ENERJİ YATIRIMLARI ANONİM ŞİRKETİ,ÖZKA ENERJİ YATIRIMLARI ANONİM ŞİRKETİ, ,Kadriye Mahallesi  Üç Kum Tepesi Mevkii Serik / ANTALYA,SKT/8853,AC,AC_TYPE2,22.0,,
374.0,ŞRJ/4264,Kaya Palazzo Belek,HALKA_ACIK,PLECO advertise.charge.,ÖZKA ENERJİ YATIRIMLARI ANONİM ŞİRKETİ,ÖZKA ENERJİ YATIRIMLARI ANONİM ŞİRKETİ, ,Kadriye Mahallesi  Üç Kum Tepesi Mevkii Serik / ANTALYA,SKT/8854,AC,AC_TYPE2,22.0,,
377.0,ŞRJ/7905,Gerede İkbal AC,HALKA_ACIK,PLECO advertise.charge.,ÖZKA ENERJİ YATIRIMLARI ANONİM ŞİRKETİ,ÖZKA ENERJİ YATIRIMLARI ANONİM ŞİRKETİ, ,Ankara-istanbul Otoyolu Km:94+700 Mahallesi  Cankurtaran Gerede / BOLU,SKT/18011,AC,AC_TYPE2,22.0,,
465.0,ŞRJ/15756,THEBOSS GARAGE,HALKA_ACIK,GREENWATT,GREEN WATT ENERJİ ÜRETİM İNŞAAT SANAYİ VE TİCARET ANONİM ŞİRKETİ,GREEN WATT ENERJİ ÜRETİM İNŞAAT SANAYİ VE TİCARET ANONİM ŞİRKETİ, ,30 Ağustos Zafer Mahallesi 41.(520) Sokağı  No:4E/4 Nilüfer / BURSA,SKT/42251,AC,AC_TYPE2,22.0,,
485.0,ŞRJ/1663,COZONE,HALKA_ACIK,beefull,BEEFULL ENERJİ TEKNOLOJİLERİ ANONİM ŞİRKETİ,BEEFULL ENERJİ TEKNOLOJİLERİ ANONİM ŞİRKETİ, ,Mustafa Kemal Mahallesi  No:280  Bilişim İnovasyon Merkezi Odtü Teknokent Çankaya / ANKARA,SKT/2882,AC,AC_TYPE2,22.0,,
496.0,ŞRJ/2483,ARABİCA MERKEZ,HALKA_ACIK,beefull,BEEFULL ENERJİ TEKNOLOJİLERİ ANONİM ŞİRKETİ,BEEFULL ENERJİ TEKNOLOJİLERİ ANONİM ŞİRKETİ, ,Mutlukent Mahallesi 2694 Sokağı  No:10/A Çankaya / ANKARA,SKT/4658,AC,AC_TYPE2,22.0,,
52.0,ŞRJ/15353,KAZIM KARABEKİR,HALKA_ACIK,K-ŞARJ,HUNAT ENERJİ YATIRIM VE DANIŞMANLIK SANAYİ TİCARET ANONİM ŞİRKETİ,HUNAT ENERJİ YATIRIM VE DANIŞMANLIK SANAYİ TİCARET ANONİM ŞİRKETİ, ,Kazım Karabekir Mahallesi Sürmene Sokağı Melikgazi / KAYSERİ,SKT/40948,DC,DC_CCS,80.0,,
52.0,ŞRJ/15353,KAZIM KARABEKİR,HALKA_ACIK,K-ŞARJ,HUNAT ENERJİ YATIRIM VE DANIŞMANLIK SANAYİ TİCARET ANONİM ŞİRKETİ,HUNAT ENERJİ YATIRIM VE DANIŞMANLIK SANAYİ TİCARET ANONİM ŞİRKETİ, ,Kazım Karabekir Mahallesi Sürmene Sokağı Melikgazi / KAYSERİ,SKT/40949,DC,DC_CCS,80.0,,
52.0,ŞRJ/15353,KAZIM KARABEKİR,HALKA_ACIK,K-ŞARJ,HUNAT ENERJİ YATIRIM VE DANIŞMANLIK SANAYİ TİCARET ANONİM ŞİRKETİ,HUNAT ENERJİ YATIRIM VE DANIŞMANLIK SANAYİ TİCARET ANONİM ŞİRKETİ, ,Kazım Karabekir Mahallesi Sürmene Sokağı Melikgazi / KAYSERİ,SKT/40950,AC,AC_TYPE2,22.0,,
52.0,ŞRJ/15353,KAZIM KARABEKİR,HALKA_ACIK,K-ŞARJ,HUNAT ENERJİ YATIRIM VE DANIŞMANLIK SANAYİ TİCARET ANONİM ŞİRKETİ,HUNAT ENERJİ YATIRIM VE DANIŞMANLIK SANAYİ TİCARET ANONİM ŞİRKETİ, ,Kazım Karabekir Mahallesi Sürmene Sokağı Melikgazi / KAYSERİ,SKT/40951,AC,AC_TYPE2,22.0,,
58.0,ŞRJ/15806,UĞUREVLER 298. SK. BAŞANT RESIDENCE ARKASI,HALKA_ACIK,K-ŞARJ,HUNAT ENERJİ YATIRIM VE DANIŞMANLIK SANAYİ TİCARET ANONİM ŞİRKETİ,HUNAT ENERJİ YATIRIM VE DANIŞMANLIK SANAYİ TİCARET ANONİM ŞİRKETİ, ,Uğurevler Mahallesi 298. Sokağı Melikgazi / KAYSERİ,SKT/42411,DC,DC_CCS,80.0,,
58.0,ŞRJ/15806,UĞUREVLER 298. SK. BAŞANT RESIDENCE ARKASI,HALKA_ACIK,K-ŞARJ,HUNAT ENERJİ YATIRIM VE DANIŞMANLIK SANAYİ TİCARET ANONİM ŞİRKETİ,HUNAT ENERJİ YATIRIM VE DANIŞMANLIK SANAYİ TİCARET ANONİM ŞİRKETİ, ,Uğurevler Mahallesi 298. Sokağı Melikgazi / KAYSERİ,SKT/42412,DC,DC_CCS,80.0,,
58.0,ŞRJ/15806,UĞUREVLER 298. SK. BAŞANT RESIDENCE ARKASI,HALKA_ACIK,K-ŞARJ,HUNAT ENERJİ YATIRIM VE DANIŞMANLIK SANAYİ TİCARET ANONİM ŞİRKETİ,HUNAT ENERJİ YATIRIM VE DANIŞMANLIK SANAYİ TİCARET ANONİM ŞİRKETİ, ,Uğurevler Mahallesi 298. Sokağı Melikgazi / KAYSERİ,SKT/42413,AC,AC_TYPE2,22.0,,
58.0,ŞRJ/15806,UĞUREVLER 298. SK. BAŞANT RESIDENCE ARKASI,HALKA_ACIK,K-ŞARJ,HUNAT ENERJİ YATIRIM VE DANIŞMANLIK SANAYİ TİCARET ANONİM ŞİRKETİ,HUNAT ENERJİ YATIRIM VE DANIŞMANLIK SANAYİ TİCARET ANONİM ŞİRKETİ, ,Uğurevler Mahallesi 298. Sokağı Melikgazi / KAYSERİ,SKT/42414,AC,AC_TYPE2,22.0,,
58.0,ŞRJ/15806,UĞUREVLER 298. SK. BAŞANT RESIDENCE ARKASI,HALKA_ACIK,K-ŞARJ,HUNAT ENERJİ YATIRIM VE DANIŞMANLIK SANAYİ TİCARET ANONİM ŞİRKETİ,HUNAT ENERJİ YATIRIM VE DANIŞMANLIK SANAYİ TİCARET ANONİM ŞİRKETİ, ,Uğurevler Mahallesi 298. Sokağı Melikgazi / KAYSERİ,SKT/42415,AC,AC_TYPE2,22.0,,
73.0,ŞRJ/16787,SERKENT İLHAM SOKAK,HALKA_ACIK,K-ŞARJ,HUNAT ENERJİ YATIRIM VE DANIŞMANLIK SANAYİ TİCARET ANONİM ŞİRKETİ,HUNAT ENERJİ YATIRIM VE DANIŞMANLIK SANAYİ TİCARET ANONİM ŞİRKETİ, ,Serkent Mahallesi İlham Sokağı Melikgazi / KAYSERİ,SKT/45669,DC,DC_CCS,80.0,,
73.0,ŞRJ/16787,SERKENT İLHAM SOKAK,HALKA_ACIK,K-ŞARJ,HUNAT ENERJİ YATIRIM VE DANIŞMANLIK SANAYİ TİCARET ANONİM ŞİRKETİ,HUNAT ENERJİ YATIRIM VE DANIŞMANLIK SANAYİ TİCARET ANONİM ŞİRKETİ, ,Serkent Mahallesi İlham Sokağı Melikgazi / KAYSERİ,SKT/45670,DC,DC_CCS,80.0,,
73.0,ŞRJ/16787,SERKENT İLHAM SOKAK,HALKA_ACIK,K-ŞARJ,HUNAT ENERJİ YATIRIM VE DANIŞMANLIK SANAYİ TİCARET ANONİM ŞİRKETİ,HUNAT ENERJİ YATIRIM VE DANIŞMANLIK SANAYİ TİCARET ANONİM ŞİRKETİ, ,Serkent Mahallesi İlham Sokağı Melikgazi / KAYSERİ,SKT/45671,AC,AC_TYPE2,22.0,,
73.0,ŞRJ/16787,SERKENT İLHAM SOKAK,HALKA_ACIK,K-ŞARJ,HUNAT ENERJİ YATIRIM VE DANIŞMANLIK SANAYİ TİCARET ANONİM ŞİRKETİ,HUNAT ENERJİ YATIRIM VE DANIŞMANLIK SANAYİ TİCARET ANONİM ŞİRKETİ, ,Serkent Mahallesi İlham Sokağı Melikgazi / KAYSERİ,SKT/45672,AC,AC_TYPE2,22.0,,
73.0,ŞRJ/16787,SERKENT İLHAM SOKAK,HALKA_ACIK,K-ŞARJ,HUNAT ENERJİ YATIRIM VE DANIŞMANLIK SANAYİ TİCARET ANONİM ŞİRKETİ,HUNAT ENERJİ YATIRIM VE DANIŞMANLIK SANAYİ TİCARET ANONİM ŞİRKETİ, ,Serkent Mahallesi İlham Sokağı Melikgazi / KAYSERİ,SKT/45673,AC,AC_TYPE2,22.0,,
120.0,ŞRJ/19901,KEPSAŞ YANI AÇIK OTOPARK,HALKA_ACIK,K-ŞARJ,HUNAT ENERJİ YATIRIM VE DANIŞMANLIK SANAYİ TİCARET ANONİM ŞİRKETİ,HUNAT ENERJİ YATIRIM VE DANIŞMANLIK SANAYİ TİCARET ANONİM ŞİRKETİ, ,Hunat Mahallesi Seyyid Burhaneddin Bağlantı Yolu Sokağı Melikgazi / KAYSERİ,SKT/56518,AC,AC_TYPE2,22.0,,
120.0,ŞRJ/19901,KEPSAŞ YANI AÇIK OTOPARK,HALKA_ACIK,K-ŞARJ,HUNAT ENERJİ YATIRIM VE DANIŞMANLIK SANAYİ TİCARET ANONİM ŞİRKETİ,HUNAT ENERJİ YATIRIM VE DANIŞMANLIK SANAYİ TİCARET ANONİM ŞİRKETİ, ,Hunat Mahallesi Seyyid Burhaneddin Bağlantı Yolu Sokağı Melikgazi / KAYSERİ,SKT/56519,AC,AC_TYPE2,22.0,,
120.0,ŞRJ/19901,KEPSAŞ YANI AÇIK OTOPARK,HALKA_ACIK,K-ŞARJ,HUNAT ENERJİ YATIRIM VE DANIŞMANLIK SANAYİ TİCARET ANONİM ŞİRKETİ,HUNAT ENERJİ YATIRIM VE DANIŞMANLIK SANAYİ TİCARET ANONİM ŞİRKETİ, ,Hunat Mahallesi Seyyid Burhaneddin Bağlantı Yolu Sokağı Melikgazi / KAYSERİ,SKT/56520,AC,AC_TYPE2,22.0,,
120.0,ŞRJ/19901,KEPSAŞ YANI AÇIK OTOPARK,HALKA_ACIK,K-ŞARJ,HUNAT ENERJİ YATIRIM VE DANIŞMANLIK SANAYİ TİCARET ANONİM ŞİRKETİ,HUNAT ENERJİ YATIRIM VE DANIŞMANLIK SANAYİ TİCARET ANONİM ŞİRKETİ, ,Hunat Mahallesi Seyyid Burhaneddin Bağlantı Yolu Sokağı Melikgazi / KAYSERİ,SKT/56521,AC,AC_TYPE2,22.0,,
120.0,ŞRJ/19901,KEPSAŞ YANI AÇIK OTOPARK,HALKA_ACIK,K-ŞARJ,HUNAT ENERJİ YATIRIM VE DANIŞMANLIK SANAYİ TİCARET ANONİM ŞİRKETİ,HUNAT ENERJİ YATIRIM VE DANIŞMANLIK SANAYİ TİCARET ANONİM ŞİRKETİ, ,Hunat Mahallesi Seyyid Burhaneddin Bağlantı Yolu Sokağı Melikgazi / KAYSERİ,SKT/56522,AC,AC_TYPE2,22.0,,
120.0,ŞRJ/19901,KEPSAŞ YANI AÇIK OTOPARK,HALKA_ACIK,K-ŞARJ,HUNAT ENERJİ YATIRIM VE DANIŞMANLIK SANAYİ TİCARET ANONİM ŞİRKETİ,HUNAT ENERJİ YATIRIM VE DANIŞMANLIK SANAYİ TİCARET ANONİM ŞİRKETİ, ,Hunat Mahallesi Seyyid Burhaneddin Bağlantı Yolu Sokağı Melikgazi / KAYSERİ,SKT/56523,AC,AC_TYPE2,22.0,,
120.0,ŞRJ/19901,KEPSAŞ YANI AÇIK OTOPARK,HALKA_ACIK,K-ŞARJ,HUNAT ENERJİ YATIRIM VE DANIŞMANLIK SANAYİ TİCARET ANONİM ŞİRKETİ,HUNAT ENERJİ YATIRIM VE DANIŞMANLIK SANAYİ TİCARET ANONİM ŞİRKETİ, ,Hunat Mahallesi Seyyid Burhaneddin Bağlantı Yolu Sokağı Melikgazi / KAYSERİ,SKT/56524,AC,AC_TYPE2,22.0,,
137.0,ŞRJ/6923,SHELL DÖŞEMEALTI,HALKA_ACIK,SHELL,SHELL & TURCAS PETROL ANONİM ŞİRKETİ,SHELL & TURCAS PETROL ANONİM ŞİRKETİ, ,Altınkale Mahallesi  Burdur Karayolu 17. Km. Yeşilbayır Merkez / ANTALYA,SKT/15441,DC,DC_CCS,180.0,,
137.0,ŞRJ/6923,SHELL DÖŞEMEALTI,HALKA_ACIK,SHELL,SHELL & TURCAS PETROL ANONİM ŞİRKETİ,SHELL & TURCAS PETROL ANONİM ŞİRKETİ, ,Altınkale Mahallesi  Burdur Karayolu 17. Km. Yeşilbayır Merkez / ANTALYA,SKT/15442,DC,DC_CCS,180.0,,
140.0,ŞRJ/7193,Shell Florya,HALKA_ACIK,SHELL,SHELL & TURCAS PETROL ANONİM ŞİRKETİ,SHELL & TURCAS PETROL ANONİM ŞİRKETİ, ,Şenlik Mahallesi  Florya-şenlik Asfaltı Bakırköy / İSTANBUL,SKT/16110,DC,DC_CCS,180.0,,
140.0,ŞRJ/7193,Shell Florya,HALKA_ACIK,SHELL,SHELL & TURCAS PETROL ANONİM ŞİRKETİ,SHELL & TURCAS PETROL ANONİM ŞİRKETİ, ,Şenlik Mahallesi  Florya-şenlik Asfaltı Bakırköy / İSTANBUL,SKT/16111,DC,DC_CCS,180.0,,
140.0,ŞRJ/7193,Shell Florya,HALKA_ACIK,SHELL,SHELL & TURCAS PETROL ANONİM ŞİRKETİ,SHELL & TURCAS PETROL ANONİM ŞİRKETİ, ,Şenlik Mahallesi  Florya-şenlik Asfaltı Bakırköy / İSTANBUL,SKT/16112,DC,DC_CCS,180.0,,
140.0,ŞRJ/7193,Shell Florya,HALKA_ACIK,SHELL,SHELL & TURCAS PETROL ANONİM ŞİRKETİ,SHELL & TURCAS PETROL ANONİM ŞİRKETİ, ,Şenlik Mahallesi  Florya-şenlik Asfaltı Bakırköy / İSTANBUL,SKT/16114,DC,DC_CCS,180.0,,
143.0,ŞRJ/7773,Shell Küçükesat,HALKA_ACIK,SHELL,SHELL & TURCAS PETROL ANONİM ŞİRKETİ,SHELL & TURCAS PETROL ANONİM ŞİRKETİ, ,Murat Mahallesi Koza Sokağı  No:132  Gaziosmanpaşa Çankaya / ANKARA,SKT/17707,DC,DC_CCS,180.0,,
143.0,ŞRJ/7773,Shell Küçükesat,HALKA_ACIK,SHELL,SHELL & TURCAS PETROL ANONİM ŞİRKETİ,SHELL & TURCAS PETROL ANONİM ŞİRKETİ, ,Murat Mahallesi Koza Sokağı  No:132  Gaziosmanpaşa Çankaya / ANKARA,SKT/17708,DC,DC_CCS,180.0,,
151.0,ŞRJ/8104,Shell Kandıra Kavşağı,HALKA_ACIK,SHELL,SHELL & TURCAS PETROL ANONİM ŞİRKETİ,SHELL & TURCAS PETROL ANONİM ŞİRKETİ, ,"Körfez Mah. Mahallesi  Kandıra Sapağı, İzmit / KOCAELİ",SKT/18553,DC,DC_CCS,180.0,,
151.0,ŞRJ/8104,Shell Kandıra Kavşağı,HALKA_ACIK,SHELL,SHELL & TURCAS PETROL ANONİM ŞİRKETİ,SHELL & TURCAS PETROL ANONİM ŞİRKETİ, ,"Körfez Mah. Mahallesi  Kandıra Sapağı, İzmit / KOCAELİ",SKT/18554,DC,DC_CCS,180.0,,
180.0,ŞRJ/10315,Shell İnegöl Çevreyolu,HALKA_ACIK,SHELL,SHELL & TURCAS PETROL ANONİM ŞİRKETİ,SHELL & TURCAS PETROL ANONİM ŞİRKETİ, ,Orhaniye Mahallesi  Zindancık Mevkii Ankara Karayolu Üzeri İnegöl / BURSA,SKT/25029,DC,DC_CCS,180.0,,
180.0,ŞRJ/10315,Shell İnegöl Çevreyolu,HALKA_ACIK,SHELL,SHELL & TURCAS PETROL ANONİM ŞİRKETİ,SHELL & TURCAS PETROL ANONİM ŞİRKETİ, ,Orhaniye Mahallesi  Zindancık Mevkii Ankara Karayolu Üzeri İnegöl / BURSA,SKT/25030,DC,DC_CCS,180.0,,
180.0,ŞRJ/10315,Shell İnegöl Çevreyolu,HALKA_ACIK,SHELL,SHELL & TURCAS PETROL ANONİM ŞİRKETİ,SHELL & TURCAS PETROL ANONİM ŞİRKETİ, ,Orhaniye Mahallesi  Zindancık Mevkii Ankara Karayolu Üzeri İnegöl / BURSA,SKT/25031,DC,DC_CCS,180.0,,
180.0,ŞRJ/10315,Shell İnegöl Çevreyolu,HALKA_ACIK,SHELL,SHELL & TURCAS PETROL ANONİM ŞİRKETİ,SHELL & TURCAS PETROL ANONİM ŞİRKETİ, ,Orhaniye Mahallesi  Zindancık Mevkii Ankara Karayolu Üzeri İnegöl / BURSA,SKT/25032,DC,DC_CCS,180.0,,
186.0,ŞRJ/11568,Shell Ovacık,HALKA_ACIK,SHELL,SHELL & TURCAS PETROL ANONİM ŞİRKETİ,SHELL & TURCAS PETROL ANONİM ŞİRKETİ, ,Ovacık Mahallesi  Dikili Asfaltı Üzeri  Ovacık Bergama / İZMİR,SKT/28716,DC,DC_CCS,90.0,,
186.0,ŞRJ/11568,Shell Ovacık,HALKA_ACIK,SHELL,SHELL & TURCAS PETROL ANONİM ŞİRKETİ,SHELL & TURCAS PETROL ANONİM ŞİRKETİ, ,Ovacık Mahallesi  Dikili Asfaltı Üzeri  Ovacık Bergama / İZMİR,SKT/28717,DC,DC_CCS,90.0,,
186.0,ŞRJ/11568,Shell Ovacık,HALKA_ACIK,SHELL,SHELL & TURCAS PETROL ANONİM ŞİRKETİ,SHELL & TURCAS PETROL ANONİM ŞİRKETİ, ,Ovacık Mahallesi  Dikili Asfaltı Üzeri  Ovacık Bergama / İZMİR,SKT/28718,DC,DC_CCS,90.0,,
186.0,ŞRJ/11568,Shell Ovacık,HALKA_ACIK,SHELL,SHELL & TURCAS PETROL ANONİM ŞİRKETİ,SHELL & TURCAS PETROL ANONİM ŞİRKETİ, ,Ovacık Mahallesi  Dikili Asfaltı Üzeri  Ovacık Bergama / İZMİR,SKT/28719,DC,DC_CCS,90.0,,
247.0,ŞRJ/11856,ECON - VİZYON PARK AVM-AC01,HALKA_ACIK,ENERGY CHARGING OPERATOR NETWORK ECON,GLOBAL İNOVATİF ENERJİ TEKNOLOJİLERİ ANONİM ŞİRKETİ,GLOBAL İNOVATİF ENERJİ TEKNOLOJİLERİ ANONİM ŞİRKETİ, ,Yenibosna Merkez Mahallesi Kuyumcular Sokağı  No:4  C1-c2 Atölye Blokları Bahçelievler / İSTANBUL,SKT/29845,AC,AC_TYPE2,22.0,,
247.0,ŞRJ/11856,ECON - VİZYON PARK AVM-AC01,HALKA_ACIK,ENERGY CHARGING OPERATOR NETWORK ECON,GLOBAL İNOVATİF ENERJİ TEKNOLOJİLERİ ANONİM ŞİRKETİ,GLOBAL İNOVATİF ENERJİ TEKNOLOJİLERİ ANONİM ŞİRKETİ, ,Yenibosna Merkez Mahallesi Kuyumcular Sokağı  No:4  C1-c2 Atölye Blokları Bahçelievler / İSTANBUL,SKT/29846,AC,AC_TYPE2,22.0,,
263.0,ŞRJ/16610,ECON – VİZYON PARK AVM,HALKA_ACIK,ENERGY CHARGING OPERATOR NETWORK ECON,GLOBAL İNOVATİF ENERJİ TEKNOLOJİLERİ ANONİM ŞİRKETİ,GLOBAL İNOVATİF ENERJİ TEKNOLOJİLERİ ANONİM ŞİRKETİ, ,Yenibosna Merkez Mahallesi Kuyumcular Sokağı  No:4  C1-c2 Atölye Blokları Bahçelievler / İSTANBUL,SKT/45172,DC,DC_CCS,200.0,,
263.0,ŞRJ/16610,ECON – VİZYON PARK AVM,HALKA_ACIK,ENERGY CHARGING OPERATOR NETWORK ECON,GLOBAL İNOVATİF ENERJİ TEKNOLOJİLERİ ANONİM ŞİRKETİ,GLOBAL İNOVATİF ENERJİ TEKNOLOJİLERİ ANONİM ŞİRKETİ, ,Yenibosna Merkez Mahallesi Kuyumcular Sokağı  No:4  C1-c2 Atölye Blokları Bahçelievler / İSTANBUL,SKT/45173,DC,DC_CCS,200.0,,
263.0,ŞRJ/16610,ECON – VİZYON PARK AVM,HALKA_ACIK,ENERGY CHARGING OPERATOR NETWORK ECON,GLOBAL İNOVATİF ENERJİ TEKNOLOJİLERİ ANONİM ŞİRKETİ,GLOBAL İNOVATİF ENERJİ TEKNOLOJİLERİ ANONİM ŞİRKETİ, ,Yenibosna Merkez Mahallesi Kuyumcular Sokağı  No:4  C1-c2 Atölye Blokları Bahçelievler / İSTANBUL,SKT/45174,AC,AC_TYPE2,22.0,,
263.0,ŞRJ/16610,ECON – VİZYON PARK AVM,HALKA_ACIK,ENERGY CHARGING OPERATOR NETWORK ECON,GLOBAL İNOVATİF ENERJİ TEKNOLOJİLERİ ANONİM ŞİRKETİ,GLOBAL İNOVATİF ENERJİ TEKNOLOJİLERİ ANONİM ŞİRKETİ, ,Yenibosna Merkez Mahallesi Kuyumcular Sokağı  No:4  C1-c2 Atölye Blokları Bahçelievler / İSTANBUL,SKT/45175,AC,AC_TYPE2,22.0,,
281.0,ŞRJ/6371,Ataşehir Florence Nightingale Hastanesi,HALKA_ACIK,GEL DOL,ER ELEKTRONİK SANAYİ VE TİCARET ANONİM ŞİRKETİ,ER ELEKTRONİK SANAYİ VE TİCARET ANONİM ŞİRKETİ, ,Küçükbakkalköy Mahallesi Işıklar Caddesi  No:Ataşehir Florence Nightingale Hastanesi Bina Otoparkı Ataşehir / İSTANBUL,SKT/13886,AC,AC_TYPE2,22.0,,
281.0,ŞRJ/6371,Ataşehir Florence Nightingale Hastanesi,HALKA_ACIK,GEL DOL,ER ELEKTRONİK SANAYİ VE TİCARET ANONİM ŞİRKETİ,ER ELEKTRONİK SANAYİ VE TİCARET ANONİM ŞİRKETİ, ,Küçükbakkalköy Mahallesi Işıklar Caddesi  No:Ataşehir Florence Nightingale Hastanesi Bina Otoparkı Ataşehir / İSTANBUL,SKT/13887,AC,AC_TYPE2,22.0,,
287.0,ŞRJ/7327,Genç Sandıkçılar Mobilya Otoparkı,HALKA_ACIK,GEL DOL,ER ELEKTRONİK SANAYİ VE TİCARET ANONİM ŞİRKETİ,ER ELEKTRONİK SANAYİ VE TİCARET ANONİM ŞİRKETİ, ,G.o.p Mahallesi 159. Sokağı  No:1 /Zemin Dükkan Altıeylül / BALIKESİR,SKT/16451,AC,AC_TYPE2,22.0,,
291.0,ŞRJ/8301,Tekstilkent Otopark 2,HALKA_ACIK,GEL DOL,ER ELEKTRONİK SANAYİ VE TİCARET ANONİM ŞİRKETİ,ER ELEKTRONİK SANAYİ VE TİCARET ANONİM ŞİRKETİ, ,Oruç Reis Mahallesi  Tekstilkent Toplu İş Yeri Otoparkı 2 Esenler / İSTANBUL,SKT/19022,AC,AC_TYPE2,22.0,,
291.0,ŞRJ/8301,Tekstilkent Otopark 2,HALKA_ACIK,GEL DOL,ER ELEKTRONİK SANAYİ VE TİCARET ANONİM ŞİRKETİ,ER ELEKTRONİK SANAYİ VE TİCARET ANONİM ŞİRKETİ, ,Oruç Reis Mahallesi  Tekstilkent Toplu İş Yeri Otoparkı 2 Esenler / İSTANBUL,SKT/19023,AC,AC_TYPE2,22.0,,
292.0,ŞRJ/8303,Waterland Sitesi Otoparkı 1,HALKA_ACIK,GEL DOL,ER ELEKTRONİK SANAYİ VE TİCARET ANONİM ŞİRKETİ,ER ELEKTRONİK SANAYİ VE TİCARET ANONİM ŞİRKETİ, ,Gürselpaşa Mahallesi 75135 Sokağı  Bucak Merkez Köyü Seyhan / ADANA,SKT/19025,AC,AC_TYPE2,11.0,,
297.0,ŞRJ/15056,Venara Bağcılar,HALKA_ACIK,GEL DOL,ER ELEKTRONİK SANAYİ VE TİCARET ANONİM ŞİRKETİ,ER ELEKTRONİK SANAYİ VE TİCARET ANONİM ŞİRKETİ, ,Yenimahalle Mahallesi Hakan Sokağı  No:11  34100 Bağcılar / İSTANBUL,SKT/40093,AC,AC_TYPE2,11.0,,
297.0,ŞRJ/15056,Venara Bağcılar,HALKA_ACIK,GEL DOL,ER ELEKTRONİK SANAYİ VE TİCARET ANONİM ŞİRKETİ,ER ELEKTRONİK SANAYİ VE TİCARET ANONİM ŞİRKETİ, ,Yenimahalle Mahallesi Hakan Sokağı  No:11  34100 Bağcılar / İSTANBUL,SKT/40094,AC,AC_TYPE2,22.0,,
303.0,ŞRJ/15276,Genemek AC-DC,HALKA_ACIK,GEL DOL,ER ELEKTRONİK SANAYİ VE TİCARET ANONİM ŞİRKETİ,ER ELEKTRONİK SANAYİ VE TİCARET ANONİM ŞİRKETİ, ,Emek Mahallesi Ordu Sokağı  No:6  Bucak Sancaktepe / İSTANBUL,SKT/40707,AC,AC_TYPE2,22.0,,
303.0,ŞRJ/15276,Genemek AC-DC,HALKA_ACIK,GEL DOL,ER ELEKTRONİK SANAYİ VE TİCARET ANONİM ŞİRKETİ,ER ELEKTRONİK SANAYİ VE TİCARET ANONİM ŞİRKETİ, ,Emek Mahallesi Ordu Sokağı  No:6  Bucak Sancaktepe / İSTANBUL,SKT/40708,DC,DC_CCS,30.0,,
308.0,ŞRJ/17746,Stüdyo 24,HALKA_ACIK,GEL DOL,ER ELEKTRONİK SANAYİ VE TİCARET ANONİM ŞİRKETİ,ER ELEKTRONİK SANAYİ VE TİCARET ANONİM ŞİRKETİ, ,Tahtakale Mahallesi Lilyum Sokağı  No:3  Stüdyo 24 Sitesi A Blok Avcılar / İSTANBUL,SKT/48648,AC,AC_TYPE2,22.0,,
308.0,ŞRJ/17746,Stüdyo 24,HALKA_ACIK,GEL DOL,ER ELEKTRONİK SANAYİ VE TİCARET ANONİM ŞİRKETİ,ER ELEKTRONİK SANAYİ VE TİCARET ANONİM ŞİRKETİ, ,Tahtakale Mahallesi Lilyum Sokağı  No:3  Stüdyo 24 Sitesi A Blok Avcılar / İSTANBUL,SKT/48649,AC,AC_TYPE2,22.0,,
310.0,ŞRJ/17971,Roseland,HALKA_ACIK,GEL DOL,ER ELEKTRONİK SANAYİ VE TİCARET ANONİM ŞİRKETİ,ER ELEKTRONİK SANAYİ VE TİCARET ANONİM ŞİRKETİ, ,Gürselpaşa Mahallesi 75469 Sokağı  No:1  Bucak Seyhan / ADANA,SKT/49447,AC,AC_TYPE2,11.0,,
310.0,ŞRJ/17971,Roseland,HALKA_ACIK,GEL DOL,ER ELEKTRONİK SANAYİ VE TİCARET ANONİM ŞİRKETİ,ER ELEKTRONİK SANAYİ VE TİCARET ANONİM ŞİRKETİ, ,Gürselpaşa Mahallesi 75469 Sokağı  No:1  Bucak Seyhan / ADANA,SKT/49596,AC,AC_TYPE2,11.0,,
313.0,ŞRJ/18037,Bekaroğlu Temacity,HALKA_ACIK,GEL DOL,ER ELEKTRONİK SANAYİ VE TİCARET ANONİM ŞİRKETİ,ER ELEKTRONİK SANAYİ VE TİCARET ANONİM ŞİRKETİ, ,Gürselpaşa Mahallesi 75421 Sokağı  No:32  Bucak Seyhan / ADANA,SKT/49675,AC,AC_TYPE2,8.0,,
313.0,ŞRJ/18037,Bekaroğlu Temacity,HALKA_ACIK,GEL DOL,ER ELEKTRONİK SANAYİ VE TİCARET ANONİM ŞİRKETİ,ER ELEKTRONİK SANAYİ VE TİCARET ANONİM ŞİRKETİ, ,Gürselpaşa Mahallesi 75421 Sokağı  No:32  Bucak Seyhan / ADANA,SKT/49676,AC,AC_TYPE2,11.0,,
314.0,ŞRJ/18049,NVS Sitesi,HALKA_ACIK,GEL DOL,ER ELEKTRONİK SANAYİ VE TİCARET ANONİM ŞİRKETİ,ER ELEKTRONİK SANAYİ VE TİCARET ANONİM ŞİRKETİ, ,Belediye Evleri Mahallesi 1-3 Sokağı  Bucak Çukurova / ADANA,SKT/49710,AC,AC_TYPE2,11.0,,
314.0,ŞRJ/18049,NVS Sitesi,HALKA_ACIK,GEL DOL,ER ELEKTRONİK SANAYİ VE TİCARET ANONİM ŞİRKETİ,ER ELEKTRONİK SANAYİ VE TİCARET ANONİM ŞİRKETİ, ,Belediye Evleri Mahallesi 1-3 Sokağı  Bucak Çukurova / ADANA,SKT/49711,AC,AC_TYPE2,11.0,,
316.0,ŞRJ/18052,Kinetik Ayınlatma,HALKA_ACIK,GEL DOL,ER ELEKTRONİK SANAYİ VE TİCARET ANONİM ŞİRKETİ,ER ELEKTRONİK SANAYİ VE TİCARET ANONİM ŞİRKETİ, ,Gürselpaşa Mahallesi 75545 Sokağı  No:14  Bucak Seyhan / ADANA,SKT/49716,AC,AC_TYPE2,10.0,,
328.0,ŞRJ/8292,Ömür İstanbul Otoparkı 1,HALKA_ACIK,GEL DOL,ER ELEKTRONİK SANAYİ VE TİCARET ANONİM ŞİRKETİ,ER ELEKTRONİK SANAYİ VE TİCARET ANONİM ŞİRKETİ, ,Turgut Reis Mahallesi 418. Sokağı  No:No:1 (A1-A2 Blok) Ortak Alan  Merkez Esenler / İSTANBUL,SKT/19007,AC,AC_TYPE2,22.0,,
328.0,ŞRJ/8292,Ömür İstanbul Otoparkı 1,HALKA_ACIK,GEL DOL,ER ELEKTRONİK SANAYİ VE TİCARET ANONİM ŞİRKETİ,ER ELEKTRONİK SANAYİ VE TİCARET ANONİM ŞİRKETİ, ,Turgut Reis Mahallesi 418. Sokağı  No:No:1 (A1-A2 Blok) Ortak Alan  Merkez Esenler / İSTANBUL,SKT/19008,AC,AC_TYPE2,22.0,,
329.0,ŞRJ/8293,Ömür İstanbul Otoparkı 2,HALKA_ACIK,GEL DOL,ER ELEKTRONİK SANAYİ VE TİCARET ANONİM ŞİRKETİ,ER ELEKTRONİK SANAYİ VE TİCARET ANONİM ŞİRKETİ, ,Turgut Reis Mahallesi 418. Sokağı  No:1 (B1-B2 Blok) Ortak Alan  Merkez Esenler / İSTANBUL,SKT/19009,AC,AC_TYPE2,22.0,,
329.0,ŞRJ/8293,Ömür İstanbul Otoparkı 2,HALKA_ACIK,GEL DOL,ER ELEKTRONİK SANAYİ VE TİCARET ANONİM ŞİRKETİ,ER ELEKTRONİK SANAYİ VE TİCARET ANONİM ŞİRKETİ, ,Turgut Reis Mahallesi 418. Sokağı  No:1 (B1-B2 Blok) Ortak Alan  Merkez Esenler / İSTANBUL,SKT/19010,AC,AC_TYPE2,22.0,,
338.0,ŞRJ/17745,Emlak Konutları 2,HALKA_ACIK,GEL DOL,ER ELEKTRONİK SANAYİ VE TİCARET ANONİM ŞİRKETİ,ER ELEKTRONİK SANAYİ VE TİCARET ANONİM ŞİRKETİ, ,Havaalanı Mahallesi Gönlüm Sokağı  No:47  Esenler Emlak Konutları 2.etap Esenler / İSTANBUL,SKT/48639,AC,AC_TYPE2,22.0,,
338.0,ŞRJ/17745,Emlak Konutları 2,HALKA_ACIK,GEL DOL,ER ELEKTRONİK SANAYİ VE TİCARET ANONİM ŞİRKETİ,ER ELEKTRONİK SANAYİ VE TİCARET ANONİM ŞİRKETİ, ,Havaalanı Mahallesi Gönlüm Sokağı  No:47  Esenler Emlak Konutları 2.etap Esenler / İSTANBUL,SKT/48640,AC,AC_TYPE2,22.0,,
338.0,ŞRJ/17745,Emlak Konutları 2,HALKA_ACIK,GEL DOL,ER ELEKTRONİK SANAYİ VE TİCARET ANONİM ŞİRKETİ,ER ELEKTRONİK SANAYİ VE TİCARET ANONİM ŞİRKETİ, ,Havaalanı Mahallesi Gönlüm Sokağı  No:47  Esenler Emlak Konutları 2.etap Esenler / İSTANBUL,SKT/48641,AC,AC_TYPE2,22.0,,
338.0,ŞRJ/17745,Emlak Konutları 2,HALKA_ACIK,GEL DOL,ER ELEKTRONİK SANAYİ VE TİCARET ANONİM ŞİRKETİ,ER ELEKTRONİK SANAYİ VE TİCARET ANONİM ŞİRKETİ, ,Havaalanı Mahallesi Gönlüm Sokağı  No:47  Esenler Emlak Konutları 2.etap Esenler / İSTANBUL,SKT/48642,AC,AC_TYPE2,22.0,,
338.0,ŞRJ/17745,Emlak Konutları 2,HALKA_ACIK,GEL DOL,ER ELEKTRONİK SANAYİ VE TİCARET ANONİM ŞİRKETİ,ER ELEKTRONİK SANAYİ VE TİCARET ANONİM ŞİRKETİ, ,Havaalanı Mahallesi Gönlüm Sokağı  No:47  Esenler Emlak Konutları 2.etap Esenler / İSTANBUL,SKT/48643,AC,AC_TYPE2,22.0,,
338.0,ŞRJ/17745,Emlak Konutları 2,HALKA_ACIK,GEL DOL,ER ELEKTRONİK SANAYİ VE TİCARET ANONİM ŞİRKETİ,ER ELEKTRONİK SANAYİ VE TİCARET ANONİM ŞİRKETİ, ,Havaalanı Mahallesi Gönlüm Sokağı  No:47  Esenler Emlak Konutları 2.etap Esenler / İSTANBUL,SKT/48644,AC,AC_TYPE2,22.0,,
338.0,ŞRJ/17745,Emlak Konutları 2,HALKA_ACIK,GEL DOL,ER ELEKTRONİK SANAYİ VE TİCARET ANONİM ŞİRKETİ,ER ELEKTRONİK SANAYİ VE TİCARET ANONİM ŞİRKETİ, ,Havaalanı Mahallesi Gönlüm Sokağı  No:47  Esenler Emlak Konutları 2.etap Esenler / İSTANBUL,SKT/48645,AC,AC_TYPE2,22.0,,
338.0,ŞRJ/17745,Emlak Konutları 2,HALKA_ACIK,GEL DOL,ER ELEKTRONİK SANAYİ VE TİCARET ANONİM ŞİRKETİ,ER ELEKTRONİK SANAYİ VE TİCARET ANONİM ŞİRKETİ, ,Havaalanı Mahallesi Gönlüm Sokağı  No:47  Esenler Emlak Konutları 2.etap Esenler / İSTANBUL,SKT/48646,AC,AC_TYPE2,22.0,,
338.0,ŞRJ/17745,Emlak Konutları 2,HALKA_ACIK,GEL DOL,ER ELEKTRONİK SANAYİ VE TİCARET ANONİM ŞİRKETİ,ER ELEKTRONİK SANAYİ VE TİCARET ANONİM ŞİRKETİ, ,Havaalanı Mahallesi Gönlüm Sokağı  No:47  Esenler Emlak Konutları 2.etap Esenler / İSTANBUL,SKT/48647,AC,AC_TYPE2,22.0,,
338.0,ŞRJ/17745,Emlak Konutları 2,HALKA_ACIK,GEL DOL,ER ELEKTRONİK SANAYİ VE TİCARET ANONİM ŞİRKETİ,ER ELEKTRONİK SANAYİ VE TİCARET ANONİM ŞİRKETİ, ,Havaalanı Mahallesi Gönlüm Sokağı  No:47  Esenler Emlak Konutları 2.etap Esenler / İSTANBUL,SKT/54913,DC,DC_CCS,60.0,,
354.0,ŞRJ/9878,THE GREEN OASİS OTEL,HALKA_ACIK,fixcharge,BEYTTÜRK ENERJİ ÜRETİM VE TİCARET ANONİM ŞİRKETİ,BEYTTÜRK ENERJİ ÜRETİM VE TİCARET ANONİM ŞİRKETİ, ,Merkez Mahallesi Gölet Sokağı  No:1 Merkez / YALOVA,SKT/23670,AC,AC_TYPE2,22.0,,
354.0,ŞRJ/9878,THE GREEN OASİS OTEL,HALKA_ACIK,fixcharge,BEYTTÜRK ENERJİ ÜRETİM VE TİCARET ANONİM ŞİRKETİ,BEYTTÜRK ENERJİ ÜRETİM VE TİCARET ANONİM ŞİRKETİ, ,Merkez Mahallesi Gölet Sokağı  No:1 Merkez / YALOVA,SKT/23671,AC,AC_TYPE2,22.0,,
359.0,ŞRJ/10998,MAXWELL OTEL,HALKA_ACIK,fixcharge,BEYTTÜRK ENERJİ ÜRETİM VE TİCARET ANONİM ŞİRKETİ,BEYTTÜRK ENERJİ ÜRETİM VE TİCARET ANONİM ŞİRKETİ, ,Akköy Köyü Mahallesi Ayrım Sokağı  No:5/1  Akköy Köyü Termal / YALOVA,SKT/27037,AC,AC_TYPE2,22.0,,
359.0,ŞRJ/10998,MAXWELL OTEL,HALKA_ACIK,fixcharge,BEYTTÜRK ENERJİ ÜRETİM VE TİCARET ANONİM ŞİRKETİ,BEYTTÜRK ENERJİ ÜRETİM VE TİCARET ANONİM ŞİRKETİ, ,Akköy Köyü Mahallesi Ayrım Sokağı  No:5/1  Akköy Köyü Termal / YALOVA,SKT/27038,AC,AC_TYPE2,22.0,,
359.0,ŞRJ/10998,MAXWELL OTEL,HALKA_ACIK,fixcharge,BEYTTÜRK ENERJİ ÜRETİM VE TİCARET ANONİM ŞİRKETİ,BEYTTÜRK ENERJİ ÜRETİM VE TİCARET ANONİM ŞİRKETİ, ,Akköy Köyü Mahallesi Ayrım Sokağı  No:5/1  Akköy Köyü Termal / YALOVA,SKT/27039,AC,AC_TYPE2,22.0,,
368.0,ŞRJ/13518,ALTINOVA MARİN TURİZM,HALKA_ACIK,fixcharge,BEYTTÜRK ENERJİ ÜRETİM VE TİCARET ANONİM ŞİRKETİ,BEYTTÜRK ENERJİ ÜRETİM VE TİCARET ANONİM ŞİRKETİ, ,İzmit Yolu Üzeri Mahallesi İpek Kağıt Fabrikası Yanı Caddesi Altınova / YALOVA,SKT/35128,AC,AC_TYPE2,22.0,,
368.0,ŞRJ/13518,ALTINOVA MARİN TURİZM,HALKA_ACIK,fixcharge,BEYTTÜRK ENERJİ ÜRETİM VE TİCARET ANONİM ŞİRKETİ,BEYTTÜRK ENERJİ ÜRETİM VE TİCARET ANONİM ŞİRKETİ, ,İzmit Yolu Üzeri Mahallesi İpek Kağıt Fabrikası Yanı Caddesi Altınova / YALOVA,SKT/35129,DC,DC_CCS,30.0,,
397.0,ŞRJ/17725,YUSUFELİ TİCARET MERKEZİ,HALKA_ACIK,MKS-ŞARJ,MAKSEM ELEKTRO ŞARJ ANONİM ŞİRKETİ,MAKSEM ELEKTRO ŞARJ ANONİM ŞİRKETİ, ,Dr. Mimar Kadir Topbaş Caddesi Poh Erol Ince Sokağı Yusufeli / ARTVİN,SKT/48566,DC,DC_CCS,240.0,,
397.0,ŞRJ/17725,YUSUFELİ TİCARET MERKEZİ,HALKA_ACIK,MKS-ŞARJ,MAKSEM ELEKTRO ŞARJ ANONİM ŞİRKETİ,MAKSEM ELEKTRO ŞARJ ANONİM ŞİRKETİ, ,Dr. Mimar Kadir Topbaş Caddesi Poh Erol Ince Sokağı Yusufeli / ARTVİN,SKT/48567,DC,DC_CCS,240.0,,
413.0,ŞRJ/2114,KESKİNLER OTO ÖZEL SERVİS,HALKA_ACIK,RSŞARJ,2M ELEKTRİKLİ ARAÇ ŞARJ AĞI VE İSTASYON İŞLETMECİLİĞİ ANONİM ŞİRKETİ,2M ELEKTRİKLİ ARAÇ ŞARJ AĞI VE İSTASYON İŞLETMECİLİĞİ ANONİM ŞİRKETİ, ,Üçevler Mahallesi 12. Sokağı  No:7/8 /8. BLOK  Beşevler Küçük Sanayi Sitesi Nilüfer / BURSA,SKT/3862,AC,AC_TYPE2,22.0,,
415.0,ŞRJ/2128,AKUĞUR MARKET - ERTUĞRULKENT 4 ŞUBESİ,HALKA_ACIK,RSŞARJ,2M ELEKTRİKLİ ARAÇ ŞARJ AĞI VE İSTASYON İŞLETMECİLİĞİ ANONİM ŞİRKETİ,2M ELEKTRİKLİ ARAÇ ŞARJ AĞI VE İSTASYON İŞLETMECİLİĞİ ANONİM ŞİRKETİ, ,Ertuğrul Mahallesi 503. Sokağı  No:18 /A BLOK  Tarabya St. Dük. 25-26 Nilüfer / BURSA,SKT/3882,AC,AC_TYPE2,22.0,,
425.0,ŞRJ/3430,CLUB K9,HALKA_ACIK,RSŞARJ,2M ELEKTRİKLİ ARAÇ ŞARJ AĞI VE İSTASYON İŞLETMECİLİĞİ ANONİM ŞİRKETİ,2M ELEKTRİKLİ ARAÇ ŞARJ AĞI VE İSTASYON İŞLETMECİLİĞİ ANONİM ŞİRKETİ, ,Çukurcaköy Mahallesi 251 Botanik Parkı Yanı Caddesi Osmangazi / BURSA,SKT/6849,AC,AC_TYPE2,22.0,,
445.0,ŞRJ/12717,KMO BiMola ÖMERLİ,HALKA_ACIK,RSŞARJ,2M ELEKTRİKLİ ARAÇ ŞARJ AĞI VE İSTASYON İŞLETMECİLİĞİ ANONİM ŞİRKETİ,2M ELEKTRİKLİ ARAÇ ŞARJ AĞI VE İSTASYON İŞLETMECİLİĞİ ANONİM ŞİRKETİ, ,Ömerli Mahallesi  Bimola Dinlenme Tesisi  Merkez Çekmeköy / İSTANBUL,SKT/32759,DC,DC_CCS,180.0,,
445.0,ŞRJ/12717,KMO BiMola ÖMERLİ,HALKA_ACIK,RSŞARJ,2M ELEKTRİKLİ ARAÇ ŞARJ AĞI VE İSTASYON İŞLETMECİLİĞİ ANONİM ŞİRKETİ,2M ELEKTRİKLİ ARAÇ ŞARJ AĞI VE İSTASYON İŞLETMECİLİĞİ ANONİM ŞİRKETİ, ,Ömerli Mahallesi  Bimola Dinlenme Tesisi  Merkez Çekmeköy / İSTANBUL,SKT/32761,DC,DC_CCS,180.0,,
450.0,ŞRJ/13532,KMO BiMola REŞADİYE,HALKA_ACIK,RSŞARJ,2M ELEKTRİKLİ ARAÇ ŞARJ AĞI VE İSTASYON İŞLETMECİLİĞİ ANONİM ŞİRKETİ,2M ELEKTRİKLİ ARAÇ ŞARJ AĞI VE İSTASYON İŞLETMECİLİĞİ ANONİM ŞİRKETİ, ,Ömerli Mahallesi  Bimola Dinlenme Tesisi  Merkez Çekmeköy / İSTANBUL,SKT/35171,DC,DC_CCS,180.0,,
450.0,ŞRJ/13532,KMO BiMola REŞADİYE,HALKA_ACIK,RSŞARJ,2M ELEKTRİKLİ ARAÇ ŞARJ AĞI VE İSTASYON İŞLETMECİLİĞİ ANONİM ŞİRKETİ,2M ELEKTRİKLİ ARAÇ ŞARJ AĞI VE İSTASYON İŞLETMECİLİĞİ ANONİM ŞİRKETİ, ,Ömerli Mahallesi  Bimola Dinlenme Tesisi  Merkez Çekmeköy / İSTANBUL,SKT/35172,DC,DC_CCS,180.0,,
451.0,ŞRJ/13818,KMO BiMola IŞIKLAR,HALKA_ACIK,RSŞARJ,2M ELEKTRİKLİ ARAÇ ŞARJ AĞI VE İSTASYON İŞLETMECİLİĞİ ANONİM ŞİRKETİ,2M ELEKTRİKLİ ARAÇ ŞARJ AĞI VE İSTASYON İŞLETMECİLİĞİ ANONİM ŞİRKETİ, ,Pirinççi Mahallesi  Bimola Işıklar Dinlenme Tesisi Eyüpsultan / İSTANBUL,SKT/36228,DC,DC_CCS,180.0,,
451.0,ŞRJ/13818,KMO BiMola IŞIKLAR,HALKA_ACIK,RSŞARJ,2M ELEKTRİKLİ ARAÇ ŞARJ AĞI VE İSTASYON İŞLETMECİLİĞİ ANONİM ŞİRKETİ,2M ELEKTRİKLİ ARAÇ ŞARJ AĞI VE İSTASYON İŞLETMECİLİĞİ ANONİM ŞİRKETİ, ,Pirinççi Mahallesi  Bimola Işıklar Dinlenme Tesisi Eyüpsultan / İSTANBUL,SKT/36229,DC,DC_CCS,180.0,,
452.0,ŞRJ/13819,KMO BiMola FENERTEPE,HALKA_ACIK,RSŞARJ,2M ELEKTRİKLİ ARAÇ ŞARJ AĞI VE İSTASYON İŞLETMECİLİĞİ ANONİM ŞİRKETİ,2M ELEKTRİKLİ ARAÇ ŞARJ AĞI VE İSTASYON İŞLETMECİLİĞİ ANONİM ŞİRKETİ, ,Pirinççi Mahallesi  Bimola Fenertepe Dinlenme Tesisi Eyüpsultan / İSTANBUL,SKT/36232,DC,DC_CCS,180.0,,
452.0,ŞRJ/13819,KMO BiMola FENERTEPE,HALKA_ACIK,RSŞARJ,2M ELEKTRİKLİ ARAÇ ŞARJ AĞI VE İSTASYON İŞLETMECİLİĞİ ANONİM ŞİRKETİ,2M ELEKTRİKLİ ARAÇ ŞARJ AĞI VE İSTASYON İŞLETMECİLİĞİ ANONİM ŞİRKETİ, ,Pirinççi Mahallesi  Bimola Fenertepe Dinlenme Tesisi Eyüpsultan / İSTANBUL,SKT/36233,DC,DC_CCS,180.0,,
453.0,ŞRJ/14457,KMO BiMola ODAYERİ,HALKA_ACIK,RSŞARJ,2M ELEKTRİKLİ ARAÇ ŞARJ AĞI VE İSTASYON İŞLETMECİLİĞİ ANONİM ŞİRKETİ,2M ELEKTRİKLİ ARAÇ ŞARJ AĞI VE İSTASYON İŞLETMECİLİĞİ ANONİM ŞİRKETİ, ,Odayeri Mahallesi  Bimola Odayeri Dinlenme Tesisi Eyüpsultan / İSTANBUL,SKT/38077,DC,DC_CCS,180.0,,
453.0,ŞRJ/14457,KMO BiMola ODAYERİ,HALKA_ACIK,RSŞARJ,2M ELEKTRİKLİ ARAÇ ŞARJ AĞI VE İSTASYON İŞLETMECİLİĞİ ANONİM ŞİRKETİ,2M ELEKTRİKLİ ARAÇ ŞARJ AĞI VE İSTASYON İŞLETMECİLİĞİ ANONİM ŞİRKETİ, ,Odayeri Mahallesi  Bimola Odayeri Dinlenme Tesisi Eyüpsultan / İSTANBUL,SKT/38078,DC,DC_CCS,180.0,,
454.0,ŞRJ/14490,KMO BiMola ÇİFTALAN,HALKA_ACIK,RSŞARJ,2M ELEKTRİKLİ ARAÇ ŞARJ AĞI VE İSTASYON İŞLETMECİLİĞİ ANONİM ŞİRKETİ,2M ELEKTRİKLİ ARAÇ ŞARJ AĞI VE İSTASYON İŞLETMECİLİĞİ ANONİM ŞİRKETİ, ,Çiftalan Mahallesi  Bimola Çiftalan Dinlenme Tesisi Eyüpsultan / İSTANBUL,SKT/38166,DC,DC_CCS,180.0,,
454.0,ŞRJ/14490,KMO BiMola ÇİFTALAN,HALKA_ACIK,RSŞARJ,2M ELEKTRİKLİ ARAÇ ŞARJ AĞI VE İSTASYON İŞLETMECİLİĞİ ANONİM ŞİRKETİ,2M ELEKTRİKLİ ARAÇ ŞARJ AĞI VE İSTASYON İŞLETMECİLİĞİ ANONİM ŞİRKETİ, ,Çiftalan Mahallesi  Bimola Çiftalan Dinlenme Tesisi Eyüpsultan / İSTANBUL,SKT/38167,DC,DC_CCS,180.0,,
456.0,ŞRJ/15594,KMO BiMola POYRAZKÖY KUZEY,HALKA_ACIK,RSŞARJ,2M ELEKTRİKLİ ARAÇ ŞARJ AĞI VE İSTASYON İŞLETMECİLİĞİ ANONİM ŞİRKETİ,2M ELEKTRİKLİ ARAÇ ŞARJ AĞI VE İSTASYON İŞLETMECİLİĞİ ANONİM ŞİRKETİ, ,Poyrazköy Mahallesi 0 / 0 Sokağı  Bimola Poyrazköy Kuzey Dinlenme Tesisi  Merkez Beykoz / İSTANBUL,SKT/41655,DC,DC_CCS,180.0,,
456.0,ŞRJ/15594,KMO BiMola POYRAZKÖY KUZEY,HALKA_ACIK,RSŞARJ,2M ELEKTRİKLİ ARAÇ ŞARJ AĞI VE İSTASYON İŞLETMECİLİĞİ ANONİM ŞİRKETİ,2M ELEKTRİKLİ ARAÇ ŞARJ AĞI VE İSTASYON İŞLETMECİLİĞİ ANONİM ŞİRKETİ, ,Poyrazköy Mahallesi 0 / 0 Sokağı  Bimola Poyrazköy Kuzey Dinlenme Tesisi  Merkez Beykoz / İSTANBUL,SKT/41656,DC,DC_CCS,180.0,,
457.0,ŞRJ/15595,KMO BiMola POYRAZKÖY GÜNEY,HALKA_ACIK,RSŞARJ,2M ELEKTRİKLİ ARAÇ ŞARJ AĞI VE İSTASYON İŞLETMECİLİĞİ ANONİM ŞİRKETİ,2M ELEKTRİKLİ ARAÇ ŞARJ AĞI VE İSTASYON İŞLETMECİLİĞİ ANONİM ŞİRKETİ, ,Poyrazköy Mahallesi  No:1 / 1  Bimola Poyrazköy Güney Dinlenme Tesisi  Merkez Beykoz / İSTANBUL,SKT/41657,DC,DC_CCS,180.0,,
457.0,ŞRJ/15595,KMO BiMola POYRAZKÖY GÜNEY,HALKA_ACIK,RSŞARJ,2M ELEKTRİKLİ ARAÇ ŞARJ AĞI VE İSTASYON İŞLETMECİLİĞİ ANONİM ŞİRKETİ,2M ELEKTRİKLİ ARAÇ ŞARJ AĞI VE İSTASYON İŞLETMECİLİĞİ ANONİM ŞİRKETİ, ,Poyrazköy Mahallesi  No:1 / 1  Bimola Poyrazköy Güney Dinlenme Tesisi  Merkez Beykoz / İSTANBUL,SKT/41658,DC,DC_CCS,180.0,,
458.0,ŞRJ/15596,KMO BiMola ÇEKMEKÖY ÇAMLIK KUZEY,HALKA_ACIK,RSŞARJ,2M ELEKTRİKLİ ARAÇ ŞARJ AĞI VE İSTASYON İŞLETMECİLİĞİ ANONİM ŞİRKETİ,2M ELEKTRİKLİ ARAÇ ŞARJ AĞI VE İSTASYON İŞLETMECİLİĞİ ANONİM ŞİRKETİ, ,Yavuz Selim Mahallesi Fsm Bağlantı Yolu Sokağı  No:1 / 1  Bimola Çekmeköy Kuzey Dinlenme Tesisi Çekmeköy / İSTANBUL,SKT/41659,DC,DC_CCS,180.0,,
458.0,ŞRJ/15596,KMO BiMola ÇEKMEKÖY ÇAMLIK KUZEY,HALKA_ACIK,RSŞARJ,2M ELEKTRİKLİ ARAÇ ŞARJ AĞI VE İSTASYON İŞLETMECİLİĞİ ANONİM ŞİRKETİ,2M ELEKTRİKLİ ARAÇ ŞARJ AĞI VE İSTASYON İŞLETMECİLİĞİ ANONİM ŞİRKETİ, ,Yavuz Selim Mahallesi Fsm Bağlantı Yolu Sokağı  No:1 / 1  Bimola Çekmeköy Kuzey Dinlenme Tesisi Çekmeköy / İSTANBUL,SKT/41660,DC,DC_CCS,180.0,,
23.0,ŞRJ/10088,Atatürk Kültür Merkezi,HALKA_ACIK,Electrise,CHARGE TEKNOLOJİ SANAYİ VE TİCARET ANONİM ŞİRKETİ,CHARGE TEKNOLOJİ SANAYİ VE TİCARET ANONİM ŞİRKETİ, ,Limonluk Mahallesi Ali Kaya Mutlu Sokağı  No:11  Merkez Yenişehir / MERSİN,SKT/24283,DC,DC_CCS,60.0,,
23.0,ŞRJ/10088,Atatürk Kültür Merkezi,HALKA_ACIK,Electrise,CHARGE TEKNOLOJİ SANAYİ VE TİCARET ANONİM ŞİRKETİ,CHARGE TEKNOLOJİ SANAYİ VE TİCARET ANONİM ŞİRKETİ, ,Limonluk Mahallesi Ali Kaya Mutlu Sokağı  No:11  Merkez Yenişehir / MERSİN,SKT/24284,DC,DC_CCS,60.0,,
23.0,ŞRJ/10088,Atatürk Kültür Merkezi,HALKA_ACIK,Electrise,CHARGE TEKNOLOJİ SANAYİ VE TİCARET ANONİM ŞİRKETİ,CHARGE TEKNOLOJİ SANAYİ VE TİCARET ANONİM ŞİRKETİ, ,Limonluk Mahallesi Ali Kaya Mutlu Sokağı  No:11  Merkez Yenişehir / MERSİN,SKT/24285,DC,DC_CCS,60.0,,
23.0,ŞRJ/10088,Atatürk Kültür Merkezi,HALKA_ACIK,Electrise,CHARGE TEKNOLOJİ SANAYİ VE TİCARET ANONİM ŞİRKETİ,CHARGE TEKNOLOJİ SANAYİ VE TİCARET ANONİM ŞİRKETİ, ,Limonluk Mahallesi Ali Kaya Mutlu Sokağı  No:11  Merkez Yenişehir / MERSİN,SKT/24286,DC,DC_CCS,60.0,,
23.0,ŞRJ/10088,Atatürk Kültür Merkezi,HALKA_ACIK,Electrise,CHARGE TEKNOLOJİ SANAYİ VE TİCARET ANONİM ŞİRKETİ,CHARGE TEKNOLOJİ SANAYİ VE TİCARET ANONİM ŞİRKETİ, ,Limonluk Mahallesi Ali Kaya Mutlu Sokağı  No:11  Merkez Yenişehir / MERSİN,SKT/24287,AC,AC_TYPE2,22.0,,
23.0,ŞRJ/10088,Atatürk Kültür Merkezi,HALKA_ACIK,Electrise,CHARGE TEKNOLOJİ SANAYİ VE TİCARET ANONİM ŞİRKETİ,CHARGE TEKNOLOJİ SANAYİ VE TİCARET ANONİM ŞİRKETİ, ,Limonluk Mahallesi Ali Kaya Mutlu Sokağı  No:11  Merkez Yenişehir / MERSİN,SKT/24288,AC,AC_TYPE2,22.0,,
23.0,ŞRJ/10088,Atatürk Kültür Merkezi,HALKA_ACIK,Electrise,CHARGE TEKNOLOJİ SANAYİ VE TİCARET ANONİM ŞİRKETİ,CHARGE TEKNOLOJİ SANAYİ VE TİCARET ANONİM ŞİRKETİ, ,Limonluk Mahallesi Ali Kaya Mutlu Sokağı  No:11  Merkez Yenişehir / MERSİN,SKT/24289,AC,AC_TYPE2,22.0,,
23.0,ŞRJ/10088,Atatürk Kültür Merkezi,HALKA_ACIK,Electrise,CHARGE TEKNOLOJİ SANAYİ VE TİCARET ANONİM ŞİRKETİ,CHARGE TEKNOLOJİ SANAYİ VE TİCARET ANONİM ŞİRKETİ, ,Limonluk Mahallesi Ali Kaya Mutlu Sokağı  No:11  Merkez Yenişehir / MERSİN,SKT/24290,AC,AC_TYPE2,22.0,,
53.0,ŞRJ/4936,TIRMIL (ÇOKGÜN OTOMOTİV)#BLUE ENERJİ#,HALKA_ACIK,ŞarjMatik,ŞARJMATİK ENERJİ BİLİŞİM LİMİTED ŞİRKETİ,ÇOKGÜN OTOMOTİV TAŞIMACILIK GIDA İNŞAAT SANAYİ VE TİCARET LİMİTED ŞİRKETİ  , ,Çilek Mahallesi 63117 Sokağı  No:2/3  Tırmıl Sanayi Sitesi Akdeniz / MERSİN,SKT/10458,AC,AC_TYPE2,7.5,,
70.0,ŞRJ/12125,KENT GROUP TURİZM GIDA SANAYİ TİCARET LTD. ŞTİ.,HALKA_ACIK,ŞarjMatik,ŞARJMATİK ENERJİ BİLİŞİM LİMİTED ŞİRKETİ,AFBİM BİLGİSAYAR SANAYİ VE TİCARET LİMİTED ŞİRKETİ  , ,Esentepe Mahallesi Gül Sokağı  No:1  Yaylabağı İhsaniye / AFYONKARAHİSAR,SKT/30761,AC,AC_TYPE2,22.0,,
70.0,ŞRJ/12125,KENT GROUP TURİZM GIDA SANAYİ TİCARET LTD. ŞTİ.,HALKA_ACIK,ŞarjMatik,ŞARJMATİK ENERJİ BİLİŞİM LİMİTED ŞİRKETİ,AFBİM BİLGİSAYAR SANAYİ VE TİCARET LİMİTED ŞİRKETİ  , ,Esentepe Mahallesi Gül Sokağı  No:1  Yaylabağı İhsaniye / AFYONKARAHİSAR,SKT/30762,AC,AC_TYPE2,22.0,,
70.0,ŞRJ/12125,KENT GROUP TURİZM GIDA SANAYİ TİCARET LTD. ŞTİ.,HALKA_ACIK,ŞarjMatik,ŞARJMATİK ENERJİ BİLİŞİM LİMİTED ŞİRKETİ,AFBİM BİLGİSAYAR SANAYİ VE TİCARET LİMİTED ŞİRKETİ  , ,Esentepe Mahallesi Gül Sokağı  No:1  Yaylabağı İhsaniye / AFYONKARAHİSAR,SKT/30763,AC,AC_TYPE2,22.0,,
70.0,ŞRJ/12125,KENT GROUP TURİZM GIDA SANAYİ TİCARET LTD. ŞTİ.,HALKA_ACIK,ŞarjMatik,ŞARJMATİK ENERJİ BİLİŞİM LİMİTED ŞİRKETİ,AFBİM BİLGİSAYAR SANAYİ VE TİCARET LİMİTED ŞİRKETİ  , ,Esentepe Mahallesi Gül Sokağı  No:1  Yaylabağı İhsaniye / AFYONKARAHİSAR,SKT/30764,DC,DC_CCS,90.0,,
70.0,ŞRJ/12125,KENT GROUP TURİZM GIDA SANAYİ TİCARET LTD. ŞTİ.,HALKA_ACIK,ŞarjMatik,ŞARJMATİK ENERJİ BİLİŞİM LİMİTED ŞİRKETİ,AFBİM BİLGİSAYAR SANAYİ VE TİCARET LİMİTED ŞİRKETİ  , ,Esentepe Mahallesi Gül Sokağı  No:1  Yaylabağı İhsaniye / AFYONKARAHİSAR,SKT/30765,DC,DC_CCS,90.0,,
92.0,ŞRJ/6582,CUMHURİYET EVLER#BLUE ENERJİ#,HALKA_ACIK,ŞarjMatik,ŞARJMATİK ENERJİ BİLİŞİM LİMİTED ŞİRKETİ,ŞARJMATİK ENERJİ BİLİŞİM LİMİTED ŞİRKETİ, ,Korukent Mahallesi 96108 Sokağı  No:4 /6 Toroslar / MERSİN,SKT/14459,AC,AC_TYPE2,5.0,,
92.0,ŞRJ/6582,CUMHURİYET EVLER#BLUE ENERJİ#,HALKA_ACIK,ŞarjMatik,ŞARJMATİK ENERJİ BİLİŞİM LİMİTED ŞİRKETİ,ŞARJMATİK ENERJİ BİLİŞİM LİMİTED ŞİRKETİ, ,Korukent Mahallesi 96108 Sokağı  No:4 /6 Toroslar / MERSİN,SKT/17767,AC,AC_TYPE2,5.0,,
95.0,ŞRJ/8218,ŞERAFETTİN ÜNSAL,HALKA_ACIK,ŞarjMatik,ŞARJMATİK ENERJİ BİLİŞİM LİMİTED ŞİRKETİ,ŞARJMATİK ENERJİ BİLİŞİM LİMİTED ŞİRKETİ, ,Sancak Mahallesi Semavi Caddesi Türkler Sokağı  No:6/B Selçuklu / KONYA,SKT/18820,AC,AC_TYPE2,7.4,,
101.0,ŞRJ/5922,REGULUS TERMAL HOTEL#BLUE ENERJİ#,HALKA_ACIK,ŞarjMatik,ŞARJMATİK ENERJİ BİLİŞİM LİMİTED ŞİRKETİ,AFBİM BİLGİSAYAR SANAYİ VE TİCARET LİMİTED ŞİRKETİ  , ,Yayla Belediyesi Esentepe Mahallesi Çakmak Sokk Sokağı  No:171 C/1  Topçu Apartmanı İhsaniye / AFYONKARAHİSAR,SKT/12883,AC,AC_TYPE2,22.0,,
110.0,ŞRJ/12111,SELÇUK GIDA TURİZM,HALKA_ACIK,ŞarjMatik,ŞARJMATİK ENERJİ BİLİŞİM LİMİTED ŞİRKETİ,ŞARJMATİK ENERJİ BİLİŞİM LİMİTED ŞİRKETİ, ,Sularbaşı Mahallesi Otopark Hanımın Cami Yanı Sokağı Merkez / SİVAS,SKT/30741,AC,AC_TYPE2,22.0,,
131.0,ŞRJ/8891,VİALLİ,HALKA_ACIK,gotedygo,TEDY ENERJİ VE TEKNOLOJİ ANONİM ŞİRKETİ,TEDY ENERJİ VE TEKNOLOJİ ANONİM ŞİRKETİ, ,Soğucak Osb Mah. Mahallesi 3.osb Bölgesi Caddesi Söğütlü / SAKARYA,SKT/20523,AC,AC_TYPE2,22.0,,
131.0,ŞRJ/8891,VİALLİ,HALKA_ACIK,gotedygo,TEDY ENERJİ VE TEKNOLOJİ ANONİM ŞİRKETİ,TEDY ENERJİ VE TEKNOLOJİ ANONİM ŞİRKETİ, ,Soğucak Osb Mah. Mahallesi 3.osb Bölgesi Caddesi Söğütlü / SAKARYA,SKT/20526,AC,AC_TYPE2,22.0,,
131.0,ŞRJ/8891,VİALLİ,HALKA_ACIK,gotedygo,TEDY ENERJİ VE TEKNOLOJİ ANONİM ŞİRKETİ,TEDY ENERJİ VE TEKNOLOJİ ANONİM ŞİRKETİ, ,Soğucak Osb Mah. Mahallesi 3.osb Bölgesi Caddesi Söğütlü / SAKARYA,SKT/20528,AC,AC_TYPE2,22.0,,
131.0,ŞRJ/8891,VİALLİ,HALKA_ACIK,gotedygo,TEDY ENERJİ VE TEKNOLOJİ ANONİM ŞİRKETİ,TEDY ENERJİ VE TEKNOLOJİ ANONİM ŞİRKETİ, ,Soğucak Osb Mah. Mahallesi 3.osb Bölgesi Caddesi Söğütlü / SAKARYA,SKT/20530,AC,AC_TYPE2,22.0,,
131.0,ŞRJ/8891,VİALLİ,HALKA_ACIK,gotedygo,TEDY ENERJİ VE TEKNOLOJİ ANONİM ŞİRKETİ,TEDY ENERJİ VE TEKNOLOJİ ANONİM ŞİRKETİ, ,Soğucak Osb Mah. Mahallesi 3.osb Bölgesi Caddesi Söğütlü / SAKARYA,SKT/20551,AC,AC_TYPE2,22.0,,
131.0,ŞRJ/8891,VİALLİ,HALKA_ACIK,gotedygo,TEDY ENERJİ VE TEKNOLOJİ ANONİM ŞİRKETİ,TEDY ENERJİ VE TEKNOLOJİ ANONİM ŞİRKETİ, ,Soğucak Osb Mah. Mahallesi 3.osb Bölgesi Caddesi Söğütlü / SAKARYA,SKT/20552,AC,AC_TYPE2,22.0,,
131.0,ŞRJ/8891,VİALLİ,HALKA_ACIK,gotedygo,TEDY ENERJİ VE TEKNOLOJİ ANONİM ŞİRKETİ,TEDY ENERJİ VE TEKNOLOJİ ANONİM ŞİRKETİ, ,Soğucak Osb Mah. Mahallesi 3.osb Bölgesi Caddesi Söğütlü / SAKARYA,SKT/20553,AC,AC_TYPE2,22.0,,
131.0,ŞRJ/8891,VİALLİ,HALKA_ACIK,gotedygo,TEDY ENERJİ VE TEKNOLOJİ ANONİM ŞİRKETİ,TEDY ENERJİ VE TEKNOLOJİ ANONİM ŞİRKETİ, ,Soğucak Osb Mah. Mahallesi 3.osb Bölgesi Caddesi Söğütlü / SAKARYA,SKT/20555,AC,AC_TYPE2,22.0,,
136.0,ŞRJ/20393,ZIRHLI GROSS DÜZCE,HALKA_ACIK,gotedygo,TEDY ENERJİ VE TEKNOLOJİ ANONİM ŞİRKETİ,TEDY ENERJİ VE TEKNOLOJİ ANONİM ŞİRKETİ, ,Taşköprü Mahallesi 16044. Sokağı  No:3/2 Merkez / DÜZCE,SKT/58437,DC,DC_CCS,180.0,,
136.0,ŞRJ/20393,ZIRHLI GROSS DÜZCE,HALKA_ACIK,gotedygo,TEDY ENERJİ VE TEKNOLOJİ ANONİM ŞİRKETİ,TEDY ENERJİ VE TEKNOLOJİ ANONİM ŞİRKETİ, ,Taşköprü Mahallesi 16044. Sokağı  No:3/2 Merkez / DÜZCE,SKT/58438,DC,DC_CCS,180.0,,
136.0,ŞRJ/20393,ZIRHLI GROSS DÜZCE,HALKA_ACIK,gotedygo,TEDY ENERJİ VE TEKNOLOJİ ANONİM ŞİRKETİ,TEDY ENERJİ VE TEKNOLOJİ ANONİM ŞİRKETİ, ,Taşköprü Mahallesi 16044. Sokağı  No:3/2 Merkez / DÜZCE,SKT/58439,AC,AC_TYPE2,22.0,,
139.0,ŞRJ/17344,MİLLET BAHÇESİ YANI OTOPARK,HALKA_ACIK,Greendrive,AKKÖPRÜLÜ OTOMOTİV İNŞAAT SANAYİ VE TİCARET ANONİM ŞİRKETİ,AKKÖPRÜLÜ OTOMOTİV İNŞAAT SANAYİ VE TİCARET ANONİM ŞİRKETİ, ,Bali Bey Mahallesi Havadar Sokağı Şile / İSTANBUL,SKT/47413,AC,AC_TYPE2,22.0,,
139.0,ŞRJ/17344,MİLLET BAHÇESİ YANI OTOPARK,HALKA_ACIK,Greendrive,AKKÖPRÜLÜ OTOMOTİV İNŞAAT SANAYİ VE TİCARET ANONİM ŞİRKETİ,AKKÖPRÜLÜ OTOMOTİV İNŞAAT SANAYİ VE TİCARET ANONİM ŞİRKETİ, ,Bali Bey Mahallesi Havadar Sokağı Şile / İSTANBUL,SKT/47414,AC,AC_TYPE2,22.0,,
153.0,ŞRJ/10812,AYDINLAR OTO AC,HALKA_ACIK,Greendrive,AKKÖPRÜLÜ OTOMOTİV İNŞAAT SANAYİ VE TİCARET ANONİM ŞİRKETİ,AKKÖPRÜLÜ OTOMOTİV İNŞAAT SANAYİ VE TİCARET ANONİM ŞİRKETİ, ,Şemsibey Mahallesi  No:400  Erciş Yolu Üzeri 8. Km Tüv Karşısı Tuşba / VAN,SKT/26463,AC,AC_TYPE2,22.0,,
153.0,ŞRJ/10812,AYDINLAR OTO AC,HALKA_ACIK,Greendrive,AKKÖPRÜLÜ OTOMOTİV İNŞAAT SANAYİ VE TİCARET ANONİM ŞİRKETİ,AKKÖPRÜLÜ OTOMOTİV İNŞAAT SANAYİ VE TİCARET ANONİM ŞİRKETİ, ,Şemsibey Mahallesi  No:400  Erciş Yolu Üzeri 8. Km Tüv Karşısı Tuşba / VAN,SKT/26464,AC,AC_TYPE2,22.0,,
157.0,ŞRJ/9938,Özsalbaş Kasabı,HALKA_ACIK,RUG PAGE,D RECT CHARGE ELEKTRİK ENERJİ SANAYİ VE TİCARET ANONİM ŞİRKETİ,D RECT CHARGE ELEKTRİK ENERJİ SANAYİ VE TİCARET ANONİM ŞİRKETİ, ,Pirili Mahallesi Kütüklü Sokağı  No:29  Bucak Çukurova / ADANA,SKT/23825,DC,DC_CCS,80.0,,
157.0,ŞRJ/9938,Özsalbaş Kasabı,HALKA_ACIK,RUG PAGE,D RECT CHARGE ELEKTRİK ENERJİ SANAYİ VE TİCARET ANONİM ŞİRKETİ,D RECT CHARGE ELEKTRİK ENERJİ SANAYİ VE TİCARET ANONİM ŞİRKETİ, ,Pirili Mahallesi Kütüklü Sokağı  No:29  Bucak Çukurova / ADANA,SKT/23826,DC,DC_CCS,80.0,,
172.0,ŞRJ/18821,Forya Otel,HALKA_ACIK,d-rect charge,D RECT CHARGE ELEKTRİK ENERJİ SANAYİ VE TİCARET ANONİM ŞİRKETİ,D RECT CHARGE ELEKTRİK ENERJİ SANAYİ VE TİCARET ANONİM ŞİRKETİ, ,Kuzeykent Mahallesi 31168 Sokağı  No:7 Yenişehir / MERSİN,SKT/52202,DC,DC_CCS,160.0,,
172.0,ŞRJ/18821,Forya Otel,HALKA_ACIK,d-rect charge,D RECT CHARGE ELEKTRİK ENERJİ SANAYİ VE TİCARET ANONİM ŞİRKETİ,D RECT CHARGE ELEKTRİK ENERJİ SANAYİ VE TİCARET ANONİM ŞİRKETİ, ,Kuzeykent Mahallesi 31168 Sokağı  No:7 Yenişehir / MERSİN,SKT/52203,DC,DC_CCS,160.0,,
174.0,ŞRJ/6189,OLYMPOS LODGE OTEL,OZEL,VOLTRUN,VOLTRUN ENERJİ ANONİM ŞİRKETİ,VOLTRUN ENERJİ ANONİM ŞİRKETİ, ,Ulupınar Mahallesi . Caddesi Çıralı Sokağı  No:9 Kemer / ANTALYA,SKT/13504,AC,AC_TYPE2,22.0,,
181.0,ŞRJ/7689,CRT YÜKSEK ELEKTRİK,HALKA_ACIK,VOLTRUN,VOLTRUN ENERJİ ANONİM ŞİRKETİ,VOLTRUN ENERJİ ANONİM ŞİRKETİ, ,4 Eylül Küçük Sanayi Mahallesi Keresteciler Sokağı  No:2 Merkez / SİVAS,SKT/17504,AC,AC_TYPE2,11.0,,
186.0,ŞRJ/9974,10 BURDA AVM,HALKA_ACIK,VOLTRUN,VOLTRUN ENERJİ ANONİM ŞİRKETİ,VOLTRUN ENERJİ ANONİM ŞİRKETİ, ,Gaziosmanpaşa Mahallesi Atatürk Devlet Hastanesi Acil Girişi Yanı Caddesi Altıeylül / BALIKESİR,SKT/23977,DC,DC_CCS,120.0,,
186.0,ŞRJ/9974,10 BURDA AVM,HALKA_ACIK,VOLTRUN,VOLTRUN ENERJİ ANONİM ŞİRKETİ,VOLTRUN ENERJİ ANONİM ŞİRKETİ, ,Gaziosmanpaşa Mahallesi Atatürk Devlet Hastanesi Acil Girişi Yanı Caddesi Altıeylül / BALIKESİR,SKT/23978,DC,DC_CCS,120.0,,
198.0,ŞRJ/11362,CEPA ALIŞVERİŞ MERKEZİ,HALKA_ACIK,VOLTRUN,VOLTRUN ENERJİ ANONİM ŞİRKETİ,VOLTRUN ENERJİ ANONİM ŞİRKETİ, ,Mustafa Kemal Mahallesi Cepa Alışveriş Merkezi Sokağı  No:2 Çankaya / ANKARA,SKT/28135,DC,DC_CCS,120.0,,
198.0,ŞRJ/11362,CEPA ALIŞVERİŞ MERKEZİ,HALKA_ACIK,VOLTRUN,VOLTRUN ENERJİ ANONİM ŞİRKETİ,VOLTRUN ENERJİ ANONİM ŞİRKETİ, ,Mustafa Kemal Mahallesi Cepa Alışveriş Merkezi Sokağı  No:2 Çankaya / ANKARA,SKT/28136,DC,DC_CCS,120.0,,
208.0,ŞRJ/12587,İSTANBUL KAYAŞEHİR 15. BÖLGE 2. KISIM İNCİ SİTESİ,OZEL,VOLTRUN,VOLTRUN ENERJİ ANONİM ŞİRKETİ,VOLTRUN ENERJİ ANONİM ŞİRKETİ, ,Kayabaşı Mahallesi Ali Albayrak Caddesi  No:2 Başakşehir / İSTANBUL,SKT/32282,AC,AC_TYPE2,22.0,,
208.0,ŞRJ/12587,İSTANBUL KAYAŞEHİR 15. BÖLGE 2. KISIM İNCİ SİTESİ,OZEL,VOLTRUN,VOLTRUN ENERJİ ANONİM ŞİRKETİ,VOLTRUN ENERJİ ANONİM ŞİRKETİ, ,Kayabaşı Mahallesi Ali Albayrak Caddesi  No:2 Başakşehir / İSTANBUL,SKT/32283,AC,AC_TYPE2,22.0,,
215.0,ŞRJ/12898,MOS EXPORT,HALKA_ACIK,VOLTRUN,VOLTRUN ENERJİ ANONİM ŞİRKETİ,VOLTRUN ENERJİ ANONİM ŞİRKETİ, ,Beymelek Mahallesi Toptancı Hali Sokağı  No:K-1 BLOK Demre / ANTALYA,SKT/33261,AC,AC_TYPE2,22.0,,
219.0,ŞRJ/12986,GÖKÇENOĞLU MOBİLYA DOĞTAŞ,HALKA_ACIK,VOLTRUN,VOLTRUN ENERJİ ANONİM ŞİRKETİ,VOLTRUN ENERJİ ANONİM ŞİRKETİ, ,Çankaya Mahallesi Akarca Sokağı  No:205/A Kepez / ANTALYA,SKT/33469,AC,AC_TYPE2,22.0,,
227.0,ŞRJ/13223,MAISON GREEN HILL BUTIK OTEL,HALKA_ACIK,VOLTRUN,VOLTRUN ENERJİ ANONİM ŞİRKETİ,VOLTRUN ENERJİ ANONİM ŞİRKETİ, ,Karabük Mahallesi Pelitdibi Sokağı  No:15/1 Manavgat / ANTALYA,SKT/34377,AC,AC_TYPE2,22.0,,
231.0,ŞRJ/13521,Bİ MOLA ÇİFTALAN,HALKA_ACIK,VOLTRUN,VOLTRUN ENERJİ ANONİM ŞİRKETİ,VOLTRUN ENERJİ ANONİM ŞİRKETİ, ,Çiftalan Köyü Mahallesi Kırkmerdiven Göleti Sokağı Eyüpsultan / İSTANBUL,SKT/35138,DC,DC_CCS,200.0,,
231.0,ŞRJ/13521,Bİ MOLA ÇİFTALAN,HALKA_ACIK,VOLTRUN,VOLTRUN ENERJİ ANONİM ŞİRKETİ,VOLTRUN ENERJİ ANONİM ŞİRKETİ, ,Çiftalan Köyü Mahallesi Kırkmerdiven Göleti Sokağı Eyüpsultan / İSTANBUL,SKT/35139,DC,DC_CCS,200.0,,
251.0,ŞRJ/13753,RELAX PLUS SİTESİ,OZEL,VOLTRUN,VOLTRUN ENERJİ ANONİM ŞİRKETİ,VOLTRUN ENERJİ ANONİM ŞİRKETİ, ,Alacaatlı Mahallesi 5088 Sokağı  No:67/F Çankaya / ANKARA,SKT/36012,AC,AC_TYPE2,21.0,,
251.0,ŞRJ/13753,RELAX PLUS SİTESİ,OZEL,VOLTRUN,VOLTRUN ENERJİ ANONİM ŞİRKETİ,VOLTRUN ENERJİ ANONİM ŞİRKETİ, ,Alacaatlı Mahallesi 5088 Sokağı  No:67/F Çankaya / ANKARA,SKT/36013,AC,AC_TYPE2,10.0,,
251.0,ŞRJ/13753,RELAX PLUS SİTESİ,OZEL,VOLTRUN,VOLTRUN ENERJİ ANONİM ŞİRKETİ,VOLTRUN ENERJİ ANONİM ŞİRKETİ, ,Alacaatlı Mahallesi 5088 Sokağı  No:67/F Çankaya / ANKARA,SKT/36014,AC,AC_TYPE2,10.0,,
251.0,ŞRJ/13753,RELAX PLUS SİTESİ,OZEL,VOLTRUN,VOLTRUN ENERJİ ANONİM ŞİRKETİ,VOLTRUN ENERJİ ANONİM ŞİRKETİ, ,Alacaatlı Mahallesi 5088 Sokağı  No:67/F Çankaya / ANKARA,SKT/36015,AC,AC_TYPE2,21.0,,
251.0,ŞRJ/13753,RELAX PLUS SİTESİ,OZEL,VOLTRUN,VOLTRUN ENERJİ ANONİM ŞİRKETİ,VOLTRUN ENERJİ ANONİM ŞİRKETİ, ,Alacaatlı Mahallesi 5088 Sokağı  No:67/F Çankaya / ANKARA,SKT/36016,AC,AC_TYPE2,21.0,,
251.0,ŞRJ/13753,RELAX PLUS SİTESİ,OZEL,VOLTRUN,VOLTRUN ENERJİ ANONİM ŞİRKETİ,VOLTRUN ENERJİ ANONİM ŞİRKETİ, ,Alacaatlı Mahallesi 5088 Sokağı  No:67/F Çankaya / ANKARA,SKT/36017,AC,AC_TYPE2,21.0,,
251.0,ŞRJ/13753,RELAX PLUS SİTESİ,OZEL,VOLTRUN,VOLTRUN ENERJİ ANONİM ŞİRKETİ,VOLTRUN ENERJİ ANONİM ŞİRKETİ, ,Alacaatlı Mahallesi 5088 Sokağı  No:67/F Çankaya / ANKARA,SKT/36018,AC,AC_TYPE2,21.0,,
276.0,ŞRJ/14657,NEŞE CONCEPT SİTESİ,OZEL,VOLTRUN,VOLTRUN ENERJİ ANONİM ŞİRKETİ,VOLTRUN ENERJİ ANONİM ŞİRKETİ, ,30 Ağustos Mahallesi 77 (520) Sokağı  No:7/B Nilüfer / BURSA,SKT/38757,AC,AC_TYPE2,10.0,,
279.0,ŞRJ/14703,YILDIZ LİFE OTEL,HALKA_ACIK,VOLTRUN,VOLTRUN ENERJİ ANONİM ŞİRKETİ,VOLTRUN ENERJİ ANONİM ŞİRKETİ, ,Çimenli Mahallesi Yalı Sokağı  No:42/A Ortahisar / TRABZON,SKT/38898,AC,AC_TYPE2,22.0,,
292.0,ŞRJ/13957,AĞAOĞLU MASLAK 1453,OZEL,VOLTRUN,VOLTRUN ENERJİ ANONİM ŞİRKETİ,VOLTRUN ENERJİ ANONİM ŞİRKETİ, ,Maslak Mahallesi Söğüt Sokağı  No:20 D-ETAP Sarıyer / İSTANBUL,SKT/36624,AC,AC_TYPE2,21.0,,
292.0,ŞRJ/13957,AĞAOĞLU MASLAK 1453,OZEL,VOLTRUN,VOLTRUN ENERJİ ANONİM ŞİRKETİ,VOLTRUN ENERJİ ANONİM ŞİRKETİ, ,Maslak Mahallesi Söğüt Sokağı  No:20 D-ETAP Sarıyer / İSTANBUL,SKT/36625,AC,AC_TYPE2,21.0,,
292.0,ŞRJ/13957,AĞAOĞLU MASLAK 1453,OZEL,VOLTRUN,VOLTRUN ENERJİ ANONİM ŞİRKETİ,VOLTRUN ENERJİ ANONİM ŞİRKETİ, ,Maslak Mahallesi Söğüt Sokağı  No:20 D-ETAP Sarıyer / İSTANBUL,SKT/36626,AC,AC_TYPE2,21.0,,
337.0,ŞRJ/13859,ESAS PLAZA 1,OZEL,VOLTRUN,VOLTRUN ENERJİ ANONİM ŞİRKETİ,VOLTRUN ENERJİ ANONİM ŞİRKETİ, ,Rüzgarlıbahçe Mahallesi Çam Pınarı Sokağı  No:8 Beykoz / İSTANBUL,SKT/36327,DC,DC_CCS,80.0,,
337.0,ŞRJ/13859,ESAS PLAZA 1,OZEL,VOLTRUN,VOLTRUN ENERJİ ANONİM ŞİRKETİ,VOLTRUN ENERJİ ANONİM ŞİRKETİ, ,Rüzgarlıbahçe Mahallesi Çam Pınarı Sokağı  No:8 Beykoz / İSTANBUL,SKT/36328,DC,DC_CCS,80.0,,
340.0,ŞRJ/3441,EUROMASTER - İSTANBUL,HALKA_ACIK,VOLTRUN,VOLTRUN ENERJİ ANONİM ŞİRKETİ,VOLTRUN ENERJİ ANONİM ŞİRKETİ, ,Çakmaklı Mahallesi 561 Sokağı  No:4/A Fatih / İSTANBUL,SKT/6862,AC,AC_TYPE2,22.0,,
389.0,ŞRJ/13958,AĞAOĞLU MASLAK 1453 - ÇARŞI,HALKA_ACIK,VOLTRUN,VOLTRUN ENERJİ ANONİM ŞİRKETİ,VOLTRUN ENERJİ ANONİM ŞİRKETİ, ,Maslak Mahallesi Söğüt Sokağı  No:20H OB ETAP Sarıyer / İSTANBUL,SKT/36627,AC,AC_TYPE2,22.0,,
390.0,ŞRJ/6479,BİLKENT CENTER AVM,HALKA_ACIK,VOLTRUN,VOLTRUN ENERJİ ANONİM ŞİRKETİ,VOLTRUN ENERJİ ANONİM ŞİRKETİ, ,Üniveristeler Mahallesi . Caddesi 1597 Sokağı  No:3 Çankaya / ANKARA,SKT/14177,DC,DC_CCS,180.0,,
390.0,ŞRJ/6479,BİLKENT CENTER AVM,HALKA_ACIK,VOLTRUN,VOLTRUN ENERJİ ANONİM ŞİRKETİ,VOLTRUN ENERJİ ANONİM ŞİRKETİ, ,Üniveristeler Mahallesi . Caddesi 1597 Sokağı  No:3 Çankaya / ANKARA,SKT/14178,DC,DC_CCS,180.0,,
390.0,ŞRJ/6479,BİLKENT CENTER AVM,HALKA_ACIK,VOLTRUN,VOLTRUN ENERJİ ANONİM ŞİRKETİ,VOLTRUN ENERJİ ANONİM ŞİRKETİ, ,Üniveristeler Mahallesi . Caddesi 1597 Sokağı  No:3 Çankaya / ANKARA,SKT/14179,AC,AC_TYPE2,22.0,,
390.0,ŞRJ/6479,BİLKENT CENTER AVM,HALKA_ACIK,VOLTRUN,VOLTRUN ENERJİ ANONİM ŞİRKETİ,VOLTRUN ENERJİ ANONİM ŞİRKETİ, ,Üniveristeler Mahallesi . Caddesi 1597 Sokağı  No:3 Çankaya / ANKARA,SKT/14180,AC,AC_TYPE2,22.0,,
414.0,ŞRJ/15971,ARZEN CAFE RESTAURANT,HALKA_ACIK,VOLTRUN,VOLTRUN ENERJİ ANONİM ŞİRKETİ,VOLTRUN ENERJİ ANONİM ŞİRKETİ, ,E80 Karayolu Mahallesi Dadaşkent Sokağı  No:5KM Aziziye / ERZURUM,SKT/42947,AC,AC_TYPE2,22.0,,
423.0,ŞRJ/16109,FORUM CENTER AVM OFİS,HALKA_ACIK,VOLTRUN,VOLTRUN ENERJİ ANONİM ŞİRKETİ,VOLTRUN ENERJİ ANONİM ŞİRKETİ, ,Malazgirt Mahallesi Eyüpsultan Caddesi  No:UT Selçuklu / KONYA,SKT/43534,DC,DC_CCS,80.0,,
423.0,ŞRJ/16109,FORUM CENTER AVM OFİS,HALKA_ACIK,VOLTRUN,VOLTRUN ENERJİ ANONİM ŞİRKETİ,VOLTRUN ENERJİ ANONİM ŞİRKETİ, ,Malazgirt Mahallesi Eyüpsultan Caddesi  No:UT Selçuklu / KONYA,SKT/43535,DC,DC_CCS,80.0,,
423.0,ŞRJ/16109,FORUM CENTER AVM OFİS,HALKA_ACIK,VOLTRUN,VOLTRUN ENERJİ ANONİM ŞİRKETİ,VOLTRUN ENERJİ ANONİM ŞİRKETİ, ,Malazgirt Mahallesi Eyüpsultan Caddesi  No:UT Selçuklu / KONYA,SKT/43536,AC,AC_TYPE2,22.0,,
424.0,ŞRJ/16149,Bİ MOLA FENERTEPE,HALKA_ACIK,VOLTRUN,VOLTRUN ENERJİ ANONİM ŞİRKETİ,VOLTRUN ENERJİ ANONİM ŞİRKETİ, ,Fenertepe Mahallesi  3.boğazköprüsü Şantiyesi Sultangazi / İSTANBUL,SKT/43664,DC,DC_CCS,200.0,,
424.0,ŞRJ/16149,Bİ MOLA FENERTEPE,HALKA_ACIK,VOLTRUN,VOLTRUN ENERJİ ANONİM ŞİRKETİ,VOLTRUN ENERJİ ANONİM ŞİRKETİ, ,Fenertepe Mahallesi  3.boğazköprüsü Şantiyesi Sultangazi / İSTANBUL,SKT/43665,DC,DC_CCS,200.0,,
426.0,ŞRJ/15740,SUENO HOTEL BEACH SİDE,HALKA_ACIK,VOLTRUN,VOLTRUN ENERJİ ANONİM ŞİRKETİ,VOLTRUN ENERJİ ANONİM ŞİRKETİ, ,Sueno Beach Hotel Side Mahallesi  No:0  Sorgun Yolu Manavgat / ANTALYA,SKT/42183,AC,AC_TYPE2,22.0,,
426.0,ŞRJ/15740,SUENO HOTEL BEACH SİDE,HALKA_ACIK,VOLTRUN,VOLTRUN ENERJİ ANONİM ŞİRKETİ,VOLTRUN ENERJİ ANONİM ŞİRKETİ, ,Sueno Beach Hotel Side Mahallesi  No:0  Sorgun Yolu Manavgat / ANTALYA,SKT/42184,AC,AC_TYPE2,22.0,,
426.0,ŞRJ/15740,SUENO HOTEL BEACH SİDE,HALKA_ACIK,VOLTRUN,VOLTRUN ENERJİ ANONİM ŞİRKETİ,VOLTRUN ENERJİ ANONİM ŞİRKETİ, ,Sueno Beach Hotel Side Mahallesi  No:0  Sorgun Yolu Manavgat / ANTALYA,SKT/42185,AC,AC_TYPE2,22.0,,
428.0,ŞRJ/16150,Bİ MOLA IŞIKLAR,HALKA_ACIK,VOLTRUN,VOLTRUN ENERJİ ANONİM ŞİRKETİ,VOLTRUN ENERJİ ANONİM ŞİRKETİ, ,Fenertepe Mahallesi  3.boğazköprüsü Şantiyesi Sultangazi / İSTANBUL,SKT/43666,DC,DC_CCS,200.0,,
428.0,ŞRJ/16150,Bİ MOLA IŞIKLAR,HALKA_ACIK,VOLTRUN,VOLTRUN ENERJİ ANONİM ŞİRKETİ,VOLTRUN ENERJİ ANONİM ŞİRKETİ, ,Fenertepe Mahallesi  3.boğazköprüsü Şantiyesi Sultangazi / İSTANBUL,SKT/43667,DC,DC_CCS,200.0,,
438.0,ŞRJ/13853,ST MOTORS,HALKA_ACIK,VOLTRUN,VOLTRUN ENERJİ ANONİM ŞİRKETİ,VOLTRUN ENERJİ ANONİM ŞİRKETİ, ,Yaylacık Mahallesi İki Kule A Blok Sokağı  No:9/A Akçaabat / TRABZON,SKT/36310,AC,AC_TYPE2,22.0,,
454.0,ŞRJ/16566,LİVA PARK SİTESİ,OZEL,VOLTRUN,VOLTRUN ENERJİ ANONİM ŞİRKETİ,VOLTRUN ENERJİ ANONİM ŞİRKETİ, ,Feyzi Çakmak Mahallesi Altunyunus Sokağı  No:15 Atakum / SAMSUN,SKT/45045,AC,AC_TYPE2,22.0,,
454.0,ŞRJ/16566,LİVA PARK SİTESİ,OZEL,VOLTRUN,VOLTRUN ENERJİ ANONİM ŞİRKETİ,VOLTRUN ENERJİ ANONİM ŞİRKETİ, ,Feyzi Çakmak Mahallesi Altunyunus Sokağı  No:15 Atakum / SAMSUN,SKT/45046,AC,AC_TYPE2,22.0,,
481.0,ŞRJ/16815,PANORAMA EVLERİ 2 SİTESİ,OZEL,VOLTRUN,VOLTRUN ENERJİ ANONİM ŞİRKETİ,VOLTRUN ENERJİ ANONİM ŞİRKETİ, ,Çankaya Mahallesi 6375 Sokağı  No:2/A Kepez / ANTALYA,SKT/45754,AC,AC_TYPE2,21.0,,
481.0,ŞRJ/16815,PANORAMA EVLERİ 2 SİTESİ,OZEL,VOLTRUN,VOLTRUN ENERJİ ANONİM ŞİRKETİ,VOLTRUN ENERJİ ANONİM ŞİRKETİ, ,Çankaya Mahallesi 6375 Sokağı  No:2/A Kepez / ANTALYA,SKT/45755,AC,AC_TYPE2,21.0,,
28.0,ŞRJ/3370,DOĞUŞ DİJİTAL ENERJİ-ELİTE HOTEL DRAGOS,HALKA_ACIK,dgdoğuşgıda,DOĞUŞ DİJİTAL ENERJİ LİMİTED ŞİRKETİ,DOĞUŞ DİJİTAL ENERJİ LİMİTED ŞİRKETİ, ,Sahrayıcedit Mahallesi Feritbey Sokağı  No:1-3 / 34  Bucak Merkez Maltepe / İSTANBUL,SKT/6652,AC,AC_TYPE2,22.0,,
28.0,ŞRJ/3370,DOĞUŞ DİJİTAL ENERJİ-ELİTE HOTEL DRAGOS,HALKA_ACIK,dgdoğuşgıda,DOĞUŞ DİJİTAL ENERJİ LİMİTED ŞİRKETİ,DOĞUŞ DİJİTAL ENERJİ LİMİTED ŞİRKETİ, ,Sahrayıcedit Mahallesi Feritbey Sokağı  No:1-3 / 34  Bucak Merkez Maltepe / İSTANBUL,SKT/6653,AC,AC_TYPE2,22.0,,
49.0,ŞRJ/20197,DEMİRKAZIK AC-1,HALKA_ACIK,dgdoğuşgıda,DOĞUŞ DİJİTAL ENERJİ LİMİTED ŞİRKETİ,DOĞUŞ DİJİTAL ENERJİ LİMİTED ŞİRKETİ, ,Zühtü Paşa Mahallesi Cemre Sokağı  No:14 Kadıköy / İSTANBUL,SKT/57552,AC,AC_TYPE2,11.0,,
105.0,ŞRJ/8449,TOGER - KIZKULESİ SİTESİ,HALKA_ACIK,TOGER,MİONTİ ENERJİ VE TEKNOLOJİ ANONİM ŞİRKETİ,MİONTİ ENERJİ VE TEKNOLOJİ ANONİM ŞİRKETİ, ,Kayaşehir Mahallesi  11.bölge Toki Konutları Başakşehir / İSTANBUL,SKT/19367,AC,AC_TYPE2,9.0,,
105.0,ŞRJ/8449,TOGER - KIZKULESİ SİTESİ,HALKA_ACIK,TOGER,MİONTİ ENERJİ VE TEKNOLOJİ ANONİM ŞİRKETİ,MİONTİ ENERJİ VE TEKNOLOJİ ANONİM ŞİRKETİ, ,Kayaşehir Mahallesi  11.bölge Toki Konutları Başakşehir / İSTANBUL,SKT/41457,AC,AC_TYPE2,8.0,,
113.0,ŞRJ/16878,BURGAZ ÇARŞI EVLERİ,HALKA_ACIK,TOGER,MİONTİ ENERJİ VE TEKNOLOJİ ANONİM ŞİRKETİ,MİONTİ ENERJİ VE TEKNOLOJİ ANONİM ŞİRKETİ, ,Şahin Mahallesi Bilgin Sokağı  No:112/A Başakşehir / İSTANBUL,SKT/45937,AC,AC_TYPE2,22.0,,
113.0,ŞRJ/16878,BURGAZ ÇARŞI EVLERİ,HALKA_ACIK,TOGER,MİONTİ ENERJİ VE TEKNOLOJİ ANONİM ŞİRKETİ,MİONTİ ENERJİ VE TEKNOLOJİ ANONİM ŞİRKETİ, ,Şahin Mahallesi Bilgin Sokağı  No:112/A Başakşehir / İSTANBUL,SKT/45938,AC,AC_TYPE2,22.0,,
125.0,ŞRJ/16890,Kayaşehir Vadi Konutları,HALKA_ACIK,TOGER,MİONTİ ENERJİ VE TEKNOLOJİ ANONİM ŞİRKETİ,MİONTİ ENERJİ VE TEKNOLOJİ ANONİM ŞİRKETİ, ,Kayabaşı Mahallesi Çimen Sokağı  Kayabası 16 Gölge Başakşehir / İSTANBUL,SKT/45955,AC,AC_TYPE2,4.0,,
125.0,ŞRJ/16890,Kayaşehir Vadi Konutları,HALKA_ACIK,TOGER,MİONTİ ENERJİ VE TEKNOLOJİ ANONİM ŞİRKETİ,MİONTİ ENERJİ VE TEKNOLOJİ ANONİM ŞİRKETİ, ,Kayabaşı Mahallesi Çimen Sokağı  Kayabası 16 Gölge Başakşehir / İSTANBUL,SKT/45956,AC,AC_TYPE2,3.0,,
144.0,ŞRJ/5128,TOGER - BAŞAKŞEHİR BELEDİYESİ,HALKA_ACIK,TOGER,MİONTİ ENERJİ VE TEKNOLOJİ ANONİM ŞİRKETİ,MİONTİ ENERJİ VE TEKNOLOJİ ANONİM ŞİRKETİ, ,Kayabaşı Mahallesi 15 Temmuz Sokağı  No:7 Başakşehir / İSTANBUL,SKT/10954,DC,DC_CCS,60.0,,
144.0,ŞRJ/5128,TOGER - BAŞAKŞEHİR BELEDİYESİ,HALKA_ACIK,TOGER,MİONTİ ENERJİ VE TEKNOLOJİ ANONİM ŞİRKETİ,MİONTİ ENERJİ VE TEKNOLOJİ ANONİM ŞİRKETİ, ,Kayabaşı Mahallesi 15 Temmuz Sokağı  No:7 Başakşehir / İSTANBUL,SKT/10955,DC,DC_CCS,60.0,,
144.0,ŞRJ/5128,TOGER - BAŞAKŞEHİR BELEDİYESİ,HALKA_ACIK,TOGER,MİONTİ ENERJİ VE TEKNOLOJİ ANONİM ŞİRKETİ,MİONTİ ENERJİ VE TEKNOLOJİ ANONİM ŞİRKETİ, ,Kayabaşı Mahallesi 15 Temmuz Sokağı  No:7 Başakşehir / İSTANBUL,SKT/40058,AC,AC_TYPE2,22.0,,
144.0,ŞRJ/5128,TOGER - BAŞAKŞEHİR BELEDİYESİ,HALKA_ACIK,TOGER,MİONTİ ENERJİ VE TEKNOLOJİ ANONİM ŞİRKETİ,MİONTİ ENERJİ VE TEKNOLOJİ ANONİM ŞİRKETİ, ,Kayabaşı Mahallesi 15 Temmuz Sokağı  No:7 Başakşehir / İSTANBUL,SKT/40060,AC,AC_TYPE2,22.0,,
144.0,ŞRJ/5128,TOGER - BAŞAKŞEHİR BELEDİYESİ,HALKA_ACIK,TOGER,MİONTİ ENERJİ VE TEKNOLOJİ ANONİM ŞİRKETİ,MİONTİ ENERJİ VE TEKNOLOJİ ANONİM ŞİRKETİ, ,Kayabaşı Mahallesi 15 Temmuz Sokağı  No:7 Başakşehir / İSTANBUL,SKT/40062,AC,AC_TYPE2,22.0,,
144.0,ŞRJ/5128,TOGER - BAŞAKŞEHİR BELEDİYESİ,HALKA_ACIK,TOGER,MİONTİ ENERJİ VE TEKNOLOJİ ANONİM ŞİRKETİ,MİONTİ ENERJİ VE TEKNOLOJİ ANONİM ŞİRKETİ, ,Kayabaşı Mahallesi 15 Temmuz Sokağı  No:7 Başakşehir / İSTANBUL,SKT/40063,AC,AC_TYPE2,22.0,,
156.0,ŞRJ/19951,Metrokent - Imam-i Azam Camii,HALKA_ACIK,TOGER,MİONTİ ENERJİ VE TEKNOLOJİ ANONİM ŞİRKETİ,MİONTİ ENERJİ VE TEKNOLOJİ ANONİM ŞİRKETİ, ,Başak Mahallesi Yeşilvadi Caddesi  Araç Şarj İstasyonu Başakşehir / İSTANBUL,SKT/56699,AC,AC_TYPE2,22.0,,
156.0,ŞRJ/19951,Metrokent - Imam-i Azam Camii,HALKA_ACIK,TOGER,MİONTİ ENERJİ VE TEKNOLOJİ ANONİM ŞİRKETİ,MİONTİ ENERJİ VE TEKNOLOJİ ANONİM ŞİRKETİ, ,Başak Mahallesi Yeşilvadi Caddesi  Araç Şarj İstasyonu Başakşehir / İSTANBUL,SKT/56701,AC,AC_TYPE2,22.0,,
156.0,ŞRJ/19951,Metrokent - Imam-i Azam Camii,HALKA_ACIK,TOGER,MİONTİ ENERJİ VE TEKNOLOJİ ANONİM ŞİRKETİ,MİONTİ ENERJİ VE TEKNOLOJİ ANONİM ŞİRKETİ, ,Başak Mahallesi Yeşilvadi Caddesi  Araç Şarj İstasyonu Başakşehir / İSTANBUL,SKT/56705,DC,DC_CCS,240.0,,
156.0,ŞRJ/19951,Metrokent - Imam-i Azam Camii,HALKA_ACIK,TOGER,MİONTİ ENERJİ VE TEKNOLOJİ ANONİM ŞİRKETİ,MİONTİ ENERJİ VE TEKNOLOJİ ANONİM ŞİRKETİ, ,Başak Mahallesi Yeşilvadi Caddesi  Araç Şarj İstasyonu Başakşehir / İSTANBUL,SKT/56707,DC,DC_CCS,240.0,,
156.0,ŞRJ/19951,Metrokent - Imam-i Azam Camii,HALKA_ACIK,TOGER,MİONTİ ENERJİ VE TEKNOLOJİ ANONİM ŞİRKETİ,MİONTİ ENERJİ VE TEKNOLOJİ ANONİM ŞİRKETİ, ,Başak Mahallesi Yeşilvadi Caddesi  Araç Şarj İstasyonu Başakşehir / İSTANBUL,SKT/56708,DC,DC_CCS,240.0,,
156.0,ŞRJ/19951,Metrokent - Imam-i Azam Camii,HALKA_ACIK,TOGER,MİONTİ ENERJİ VE TEKNOLOJİ ANONİM ŞİRKETİ,MİONTİ ENERJİ VE TEKNOLOJİ ANONİM ŞİRKETİ, ,Başak Mahallesi Yeşilvadi Caddesi  Araç Şarj İstasyonu Başakşehir / İSTANBUL,SKT/56709,DC,DC_CCS,240.0,,
161.0,ŞRJ/18309,İstanbul Gıda Toptancılar Çarşısı,HALKA_ACIK,TOGER,MİONTİ ENERJİ VE TEKNOLOJİ ANONİM ŞİRKETİ,MİONTİ ENERJİ VE TEKNOLOJİ ANONİM ŞİRKETİ, ,Şahintepe Mahallesi G-602 Caddesi  Araç Şarj İstasyonu Başakşehir / İSTANBUL,SKT/50524,DC,DC_CCS,120.0,,
161.0,ŞRJ/18309,İstanbul Gıda Toptancılar Çarşısı,HALKA_ACIK,TOGER,MİONTİ ENERJİ VE TEKNOLOJİ ANONİM ŞİRKETİ,MİONTİ ENERJİ VE TEKNOLOJİ ANONİM ŞİRKETİ, ,Şahintepe Mahallesi G-602 Caddesi  Araç Şarj İstasyonu Başakşehir / İSTANBUL,SKT/50525,DC,DC_CCS,120.0,,
161.0,ŞRJ/18309,İstanbul Gıda Toptancılar Çarşısı,HALKA_ACIK,TOGER,MİONTİ ENERJİ VE TEKNOLOJİ ANONİM ŞİRKETİ,MİONTİ ENERJİ VE TEKNOLOJİ ANONİM ŞİRKETİ, ,Şahintepe Mahallesi G-602 Caddesi  Araç Şarj İstasyonu Başakşehir / İSTANBUL,SKT/50526,AC,AC_TYPE2,20.0,,
161.0,ŞRJ/18309,İstanbul Gıda Toptancılar Çarşısı,HALKA_ACIK,TOGER,MİONTİ ENERJİ VE TEKNOLOJİ ANONİM ŞİRKETİ,MİONTİ ENERJİ VE TEKNOLOJİ ANONİM ŞİRKETİ, ,Şahintepe Mahallesi G-602 Caddesi  Araç Şarj İstasyonu Başakşehir / İSTANBUL,SKT/50527,AC,AC_TYPE2,20.0,,
161.0,ŞRJ/18309,İstanbul Gıda Toptancılar Çarşısı,HALKA_ACIK,TOGER,MİONTİ ENERJİ VE TEKNOLOJİ ANONİM ŞİRKETİ,MİONTİ ENERJİ VE TEKNOLOJİ ANONİM ŞİRKETİ, ,Şahintepe Mahallesi G-602 Caddesi  Araç Şarj İstasyonu Başakşehir / İSTANBUL,SKT/50528,AC,AC_TYPE2,20.0,,
161.0,ŞRJ/18309,İstanbul Gıda Toptancılar Çarşısı,HALKA_ACIK,TOGER,MİONTİ ENERJİ VE TEKNOLOJİ ANONİM ŞİRKETİ,MİONTİ ENERJİ VE TEKNOLOJİ ANONİM ŞİRKETİ, ,Şahintepe Mahallesi G-602 Caddesi  Araç Şarj İstasyonu Başakşehir / İSTANBUL,SKT/50529,AC,AC_TYPE2,20.0,,
204.0,ŞRJ/20629,Şafak Bilgi Teknolojileri Şarj İstasyonu,HALKA_ACIK,TÜRKŞARJ,ENERJİTURK ENERJİ YATIRIM ANONİM ŞİRKETİ,ENERJİTURK ENERJİ YATIRIM ANONİM ŞİRKETİ, ,Rabia Ana Mahallesi Kars Kapı Caddesi  No:B-4 BLOK 96 Yakutiye / ERZURUM,SKT/59285,AC,AC_TYPE2,22.0,,
208.0,ŞRJ/9239,Highway,HALKA_ACIK,FORTIS ENERJİ,FORTİS ENERJİ ELEKTRİK ÜRETİM ANONİM ŞİRKETİ,FORTİS ENERJİ ELEKTRİK ÜRETİM ANONİM ŞİRKETİ, ,"Kuruçay Kpr, Istanbul 227. Km Elmalık Mevkii No:5, Anadolu Otoyolu Abant Bağlantısı Mahallesi Merkez / BOLU",SKT/21668,DC,DC_CCS,180.0,,
208.0,ŞRJ/9239,Highway,HALKA_ACIK,FORTIS ENERJİ,FORTİS ENERJİ ELEKTRİK ÜRETİM ANONİM ŞİRKETİ,FORTİS ENERJİ ELEKTRİK ÜRETİM ANONİM ŞİRKETİ, ,"Kuruçay Kpr, Istanbul 227. Km Elmalık Mevkii No:5, Anadolu Otoyolu Abant Bağlantısı Mahallesi Merkez / BOLU",SKT/21669,DC,DC_CCS,180.0,,
208.0,ŞRJ/9239,Highway,HALKA_ACIK,FORTIS ENERJİ,FORTİS ENERJİ ELEKTRİK ÜRETİM ANONİM ŞİRKETİ,FORTİS ENERJİ ELEKTRİK ÜRETİM ANONİM ŞİRKETİ, ,"Kuruçay Kpr, Istanbul 227. Km Elmalık Mevkii No:5, Anadolu Otoyolu Abant Bağlantısı Mahallesi Merkez / BOLU",SKT/21670,DC,DC_CCS,180.0,,
208.0,ŞRJ/9239,Highway,HALKA_ACIK,FORTIS ENERJİ,FORTİS ENERJİ ELEKTRİK ÜRETİM ANONİM ŞİRKETİ,FORTİS ENERJİ ELEKTRİK ÜRETİM ANONİM ŞİRKETİ, ,"Kuruçay Kpr, Istanbul 227. Km Elmalık Mevkii No:5, Anadolu Otoyolu Abant Bağlantısı Mahallesi Merkez / BOLU",SKT/21671,DC,DC_CCS,180.0,,
217.0,ŞRJ/5641,GSM CHARGE SUSER (YENİKAPI HİZMET BİNASI) FATİH BELEDİYESİ,HALKA_ACIK,GSM CHARGE,GS MAR ELEKTRİK VE ELEKTRONİK CİHAZLAR SANAYİ DIŞ TİCARET ANONİM ŞİRKETİ,GS MAR ELEKTRİK VE ELEKTRONİK CİHAZLAR SANAYİ DIŞ TİCARET ANONİM ŞİRKETİ, ,Saraç İshak Mah. Mahallesi Uysal Sk. Sokağı  No:No:1  Fatih Belediyesi Ek Hizmet Binası Yenikapı İski Arkası Fatih / İSTANBUL,SKT/12190,AC,AC_TYPE2,22.0,,
233.0,ŞRJ/2251,GSM CHARGE KONAKOĞLU ŞARJ İSTASYONU,HALKA_ACIK,GSM CHARGE,GS MAR ELEKTRİK VE ELEKTRONİK CİHAZLAR SANAYİ DIŞ TİCARET ANONİM ŞİRKETİ,GS MAR ELEKTRİK VE ELEKTRONİK CİHAZLAR SANAYİ DIŞ TİCARET ANONİM ŞİRKETİ, ,Akpınar Mahallesi Semaver Sokağı  No:3 /İşyeri Sancaktepe / İSTANBUL,SKT/4117,AC,AC_TYPE2,22.0,,
233.0,ŞRJ/2251,GSM CHARGE KONAKOĞLU ŞARJ İSTASYONU,HALKA_ACIK,GSM CHARGE,GS MAR ELEKTRİK VE ELEKTRONİK CİHAZLAR SANAYİ DIŞ TİCARET ANONİM ŞİRKETİ,GS MAR ELEKTRİK VE ELEKTRONİK CİHAZLAR SANAYİ DIŞ TİCARET ANONİM ŞİRKETİ, ,Akpınar Mahallesi Semaver Sokağı  No:3 /İşyeri Sancaktepe / İSTANBUL,SKT/4118,AC,AC_TYPE2,22.0,,
247.0,ŞRJ/5640,GSM CHARGE ÇATLADIKAPI,HALKA_ACIK,GSM CHARGE,GS MAR ELEKTRİK VE ELEKTRONİK CİHAZLAR SANAYİ DIŞ TİCARET ANONİM ŞİRKETİ,GS MAR ELEKTRİK VE ELEKTRONİK CİHAZLAR SANAYİ DIŞ TİCARET ANONİM ŞİRKETİ, ,Kenedy Caddesi Sahil Yolu Mahallesi Kumkapı Caddesi  Çatladıkapı Evlendirme Dairesi Fatih / İSTANBUL,SKT/12188,AC,AC_TYPE2,22.0,,
247.0,ŞRJ/5640,GSM CHARGE ÇATLADIKAPI,HALKA_ACIK,GSM CHARGE,GS MAR ELEKTRİK VE ELEKTRONİK CİHAZLAR SANAYİ DIŞ TİCARET ANONİM ŞİRKETİ,GS MAR ELEKTRİK VE ELEKTRONİK CİHAZLAR SANAYİ DIŞ TİCARET ANONİM ŞİRKETİ, ,Kenedy Caddesi Sahil Yolu Mahallesi Kumkapı Caddesi  Çatladıkapı Evlendirme Dairesi Fatih / İSTANBUL,SKT/12189,AC,AC_TYPE2,22.0,,
276.0,ŞRJ/5643,SELİMPAŞA,HALKA_ACIK,onLIFE,FİLOPORT ARAÇ KİRALAMA VE SERVİS ANONİM ŞİRKETİ,ÖZEN ALIŞ VERİŞ HİZMETLERİ ANONİM ŞİRKETİ  , ,Selimpaşa Merkez Mahallesi 2050 Sokağı  No:31 Silivri / İSTANBUL,SKT/12193,AC,AC_TYPE2,22.0,,
306.0,ŞRJ/5467,HADIMKÖY KİPTAŞ,HALKA_ACIK,onLIFE,FİLOPORT ARAÇ KİRALAMA VE SERVİS ANONİM ŞİRKETİ,ÖZEN ALIŞ VERİŞ HİZMETLERİ ANONİM ŞİRKETİ  , ,"Ömerli Köyü Kiptaş Başak Knutları 2.etap 2.kısım İnş. Mahallesi  No:05-1,35  Kiptaş Başak Knutları 2.etap 2.kısım İnş Büyükçekmece / İSTANBUL",SKT/57717,AC,AC_TYPE2,22.0,,
365.0,ŞRJ/17174,MİGROS SİDE MMM,HALKA_ACIK,MİGGO,MİGEN ENERJİ VE ELEKTRİKLİ ARAÇ ŞARJ HİZMETLERİ ANONİM ŞİRKETİ,MİGEN ENERJİ VE ELEKTRİKLİ ARAÇ ŞARJ HİZMETLERİ ANONİM ŞİRKETİ, ,Hatipler Mahallesi Eski Side Kvş Sokağı  No:1 Manavgat / ANTALYA,SKT/46840,DC,DC_CCS,60.0,,
365.0,ŞRJ/17174,MİGROS SİDE MMM,HALKA_ACIK,MİGGO,MİGEN ENERJİ VE ELEKTRİKLİ ARAÇ ŞARJ HİZMETLERİ ANONİM ŞİRKETİ,MİGEN ENERJİ VE ELEKTRİKLİ ARAÇ ŞARJ HİZMETLERİ ANONİM ŞİRKETİ, ,Hatipler Mahallesi Eski Side Kvş Sokağı  No:1 Manavgat / ANTALYA,SKT/46841,DC,DC_CCS,60.0,,
368.0,ŞRJ/17532,MİGROS DATÇA MM,HALKA_ACIK,MİGGO,MİGEN ENERJİ VE ELEKTRİKLİ ARAÇ ŞARJ HİZMETLERİ ANONİM ŞİRKETİ,MİGEN ENERJİ VE ELEKTRİKLİ ARAÇ ŞARJ HİZMETLERİ ANONİM ŞİRKETİ, ,Jandarma Karşısı İskele Mh Mahallesi  No:No:33  Belediye Eski Terminali Datça / MUĞLA,SKT/47895,AC,AC_TYPE2,22.0,,
396.0,ŞRJ/20132,MİGROS MERKEZ MAH MEZİTLİ MERSİN MM,HALKA_ACIK,MİGGO,MİGEN ENERJİ VE ELEKTRİKLİ ARAÇ ŞARJ HİZMETLERİ ANONİM ŞİRKETİ,MİGEN ENERJİ VE ELEKTRİKLİ ARAÇ ŞARJ HİZMETLERİ ANONİM ŞİRKETİ, ,Merkez Mahallesi  No:792A Mezitli / MERSİN,SKT/57370,AC,AC_TYPE2,22.0,,
406.0,ŞRJ/7948,3 NOLU KAPALI OTOPARK,HALKA_ACIK,EKOS,EKOS MOBİLİTE ÇÖZÜMLERİ TEKNOLOJİ TİCARET ANONİM ŞİRKETİ,EKOS MOBİLİTE ÇÖZÜMLERİ TEKNOLOJİ TİCARET ANONİM ŞİRKETİ, ,Yıldırım Mahallesi Mahallesi Paşasaray Sokak Sokağı Karesi / BALIKESİR,SKT/18123,AC,AC_TYPE2,22.0,,
406.0,ŞRJ/7948,3 NOLU KAPALI OTOPARK,HALKA_ACIK,EKOS,EKOS MOBİLİTE ÇÖZÜMLERİ TEKNOLOJİ TİCARET ANONİM ŞİRKETİ,EKOS MOBİLİTE ÇÖZÜMLERİ TEKNOLOJİ TİCARET ANONİM ŞİRKETİ, ,Yıldırım Mahallesi Mahallesi Paşasaray Sokak Sokağı Karesi / BALIKESİR,SKT/18124,AC,AC_TYPE2,22.0,,
406.0,ŞRJ/7948,3 NOLU KAPALI OTOPARK,HALKA_ACIK,EKOS,EKOS MOBİLİTE ÇÖZÜMLERİ TEKNOLOJİ TİCARET ANONİM ŞİRKETİ,EKOS MOBİLİTE ÇÖZÜMLERİ TEKNOLOJİ TİCARET ANONİM ŞİRKETİ, ,Yıldırım Mahallesi Mahallesi Paşasaray Sokak Sokağı Karesi / BALIKESİR,SKT/18125,AC,AC_TYPE2,22.0,,
406.0,ŞRJ/7948,3 NOLU KAPALI OTOPARK,HALKA_ACIK,EKOS,EKOS MOBİLİTE ÇÖZÜMLERİ TEKNOLOJİ TİCARET ANONİM ŞİRKETİ,EKOS MOBİLİTE ÇÖZÜMLERİ TEKNOLOJİ TİCARET ANONİM ŞİRKETİ, ,Yıldırım Mahallesi Mahallesi Paşasaray Sokak Sokağı Karesi / BALIKESİR,SKT/18126,AC,AC_TYPE2,22.0,,
411.0,ŞRJ/9228,AKÇAY TERMİNAL,HALKA_ACIK,EKOS,EKOS MOBİLİTE ÇÖZÜMLERİ TEKNOLOJİ TİCARET ANONİM ŞİRKETİ,EKOS MOBİLİTE ÇÖZÜMLERİ TEKNOLOJİ TİCARET ANONİM ŞİRKETİ, ,Akçay Mahallesi Mahallesi  Akçay Otobüs Terminali Edremit / BALIKESİR,SKT/21618,DC,DC_CCS,120.0,,
411.0,ŞRJ/9228,AKÇAY TERMİNAL,HALKA_ACIK,EKOS,EKOS MOBİLİTE ÇÖZÜMLERİ TEKNOLOJİ TİCARET ANONİM ŞİRKETİ,EKOS MOBİLİTE ÇÖZÜMLERİ TEKNOLOJİ TİCARET ANONİM ŞİRKETİ, ,Akçay Mahallesi Mahallesi  Akçay Otobüs Terminali Edremit / BALIKESİR,SKT/21619,DC,DC_CCS,120.0,,
411.0,ŞRJ/9228,AKÇAY TERMİNAL,HALKA_ACIK,EKOS,EKOS MOBİLİTE ÇÖZÜMLERİ TEKNOLOJİ TİCARET ANONİM ŞİRKETİ,EKOS MOBİLİTE ÇÖZÜMLERİ TEKNOLOJİ TİCARET ANONİM ŞİRKETİ, ,Akçay Mahallesi Mahallesi  Akçay Otobüs Terminali Edremit / BALIKESİR,SKT/21620,AC,AC_TYPE2,22.0,,
418.0,ŞRJ/9229,ALTINOLUK TERMİNAL,HALKA_ACIK,EKOS,EKOS MOBİLİTE ÇÖZÜMLERİ TEKNOLOJİ TİCARET ANONİM ŞİRKETİ,EKOS MOBİLİTE ÇÖZÜMLERİ TEKNOLOJİ TİCARET ANONİM ŞİRKETİ, ,Altınoluk Mahallesi Mahallesi  Şahindere Köprüsü Edremit / BALIKESİR,SKT/21621,DC,DC_CCS,90.0,,
418.0,ŞRJ/9229,ALTINOLUK TERMİNAL,HALKA_ACIK,EKOS,EKOS MOBİLİTE ÇÖZÜMLERİ TEKNOLOJİ TİCARET ANONİM ŞİRKETİ,EKOS MOBİLİTE ÇÖZÜMLERİ TEKNOLOJİ TİCARET ANONİM ŞİRKETİ, ,Altınoluk Mahallesi Mahallesi  Şahindere Köprüsü Edremit / BALIKESİR,SKT/21623,DC,DC_CCS,90.0,,
418.0,ŞRJ/9229,ALTINOLUK TERMİNAL,HALKA_ACIK,EKOS,EKOS MOBİLİTE ÇÖZÜMLERİ TEKNOLOJİ TİCARET ANONİM ŞİRKETİ,EKOS MOBİLİTE ÇÖZÜMLERİ TEKNOLOJİ TİCARET ANONİM ŞİRKETİ, ,Altınoluk Mahallesi Mahallesi  Şahindere Köprüsü Edremit / BALIKESİR,SKT/21624,AC,AC_TYPE2,11.0,,
420.0,ŞRJ/15101,Balıkesir OSB 1,HALKA_ACIK,EKOS,EKOS MOBİLİTE ÇÖZÜMLERİ TEKNOLOJİ TİCARET ANONİM ŞİRKETİ,EKOS MOBİLİTE ÇÖZÜMLERİ TEKNOLOJİ TİCARET ANONİM ŞİRKETİ, ,Gaziosmanpaşa Osb Mahallesi 5. Caddesi  No:6 Altıeylül / BALIKESİR,SKT/40249,DC,DC_CCS,60.0,,
420.0,ŞRJ/15101,Balıkesir OSB 1,HALKA_ACIK,EKOS,EKOS MOBİLİTE ÇÖZÜMLERİ TEKNOLOJİ TİCARET ANONİM ŞİRKETİ,EKOS MOBİLİTE ÇÖZÜMLERİ TEKNOLOJİ TİCARET ANONİM ŞİRKETİ, ,Gaziosmanpaşa Osb Mahallesi 5. Caddesi  No:6 Altıeylül / BALIKESİR,SKT/40250,DC,DC_CCS,60.0,,
422.0,ŞRJ/9506,AVLU PARK ALANLARI,HALKA_ACIK,EKOS,EKOS MOBİLİTE ÇÖZÜMLERİ TEKNOLOJİ TİCARET ANONİM ŞİRKETİ,EKOS MOBİLİTE ÇÖZÜMLERİ TEKNOLOJİ TİCARET ANONİM ŞİRKETİ, ,Gümüşçeşme Mahallesi 8054. Sokağı  Avlu Otopark Altıeylül / BALIKESİR,SKT/22516,DC,DC_CCS,120.0,,
422.0,ŞRJ/9506,AVLU PARK ALANLARI,HALKA_ACIK,EKOS,EKOS MOBİLİTE ÇÖZÜMLERİ TEKNOLOJİ TİCARET ANONİM ŞİRKETİ,EKOS MOBİLİTE ÇÖZÜMLERİ TEKNOLOJİ TİCARET ANONİM ŞİRKETİ, ,Gümüşçeşme Mahallesi 8054. Sokağı  Avlu Otopark Altıeylül / BALIKESİR,SKT/22517,DC,DC_CCS,120.0,,
422.0,ŞRJ/9506,AVLU PARK ALANLARI,HALKA_ACIK,EKOS,EKOS MOBİLİTE ÇÖZÜMLERİ TEKNOLOJİ TİCARET ANONİM ŞİRKETİ,EKOS MOBİLİTE ÇÖZÜMLERİ TEKNOLOJİ TİCARET ANONİM ŞİRKETİ, ,Gümüşçeşme Mahallesi 8054. Sokağı  Avlu Otopark Altıeylül / BALIKESİR,SKT/22518,AC,AC_TYPE2,22.0,,
422.0,ŞRJ/9506,AVLU PARK ALANLARI,HALKA_ACIK,EKOS,EKOS MOBİLİTE ÇÖZÜMLERİ TEKNOLOJİ TİCARET ANONİM ŞİRKETİ,EKOS MOBİLİTE ÇÖZÜMLERİ TEKNOLOJİ TİCARET ANONİM ŞİRKETİ, ,Gümüşçeşme Mahallesi 8054. Sokağı  Avlu Otopark Altıeylül / BALIKESİR,SKT/22523,AC,AC_TYPE2,22.0,,
422.0,ŞRJ/9506,AVLU PARK ALANLARI,HALKA_ACIK,EKOS,EKOS MOBİLİTE ÇÖZÜMLERİ TEKNOLOJİ TİCARET ANONİM ŞİRKETİ,EKOS MOBİLİTE ÇÖZÜMLERİ TEKNOLOJİ TİCARET ANONİM ŞİRKETİ, ,Gümüşçeşme Mahallesi 8054. Sokağı  Avlu Otopark Altıeylül / BALIKESİR,SKT/22524,AC,AC_TYPE2,22.0,,
441.0,ŞRJ/7776,Ensoinn Hotel Kayaköy 1-2-3,HALKA_ACIK,MEIS CHARGE,MEİS CHARGE TEKNOLOJİLERİ ANONİM ŞİRKETİ,MEİS CHARGE TEKNOLOJİLERİ ANONİM ŞİRKETİ, ,Kayaköy Mahallesi Kuyubaşı (belen)(kyk) Sokağı  No:29  Çaykuyu Fethiye / MUĞLA,SKT/17717,AC,AC_TYPE2,22.0,,
441.0,ŞRJ/7776,Ensoinn Hotel Kayaköy 1-2-3,HALKA_ACIK,MEIS CHARGE,MEİS CHARGE TEKNOLOJİLERİ ANONİM ŞİRKETİ,MEİS CHARGE TEKNOLOJİLERİ ANONİM ŞİRKETİ, ,Kayaköy Mahallesi Kuyubaşı (belen)(kyk) Sokağı  No:29  Çaykuyu Fethiye / MUĞLA,SKT/17718,AC,AC_TYPE2,22.0,,
441.0,ŞRJ/7776,Ensoinn Hotel Kayaköy 1-2-3,HALKA_ACIK,MEIS CHARGE,MEİS CHARGE TEKNOLOJİLERİ ANONİM ŞİRKETİ,MEİS CHARGE TEKNOLOJİLERİ ANONİM ŞİRKETİ, ,Kayaköy Mahallesi Kuyubaşı (belen)(kyk) Sokağı  No:29  Çaykuyu Fethiye / MUĞLA,SKT/17719,AC,AC_TYPE2,22.0,,
462.0,ŞRJ/16476,Rönesans Osmaniye Şantiye,OZEL,RÖNESANS CHARGER,RÖNESANS ŞARJ İSTASYON ENERJİ YATIRIMLARI ANONİM ŞİRKETİ,RÖNESANS ŞARJ İSTASYON ENERJİ YATIRIMLARI ANONİM ŞİRKETİ, ,Karacaören Mahallesi Yollararası Sokağı  No:72  Yarbaşı Düziçi / OSMANİYE,SKT/44800,AC,AC_TYPE2,22.0,,
464.0,ŞRJ/16841,Rönesans Filyos Şantiye,OZEL,RÖNESANS CHARGER,RÖNESANS ŞARJ İSTASYON ENERJİ YATIRIMLARI ANONİM ŞİRKETİ,RÖNESANS ŞARJ İSTASYON ENERJİ YATIRIMLARI ANONİM ŞİRKETİ, ,Köyün Kendisi Mahallesi  No:18  Bucak Sazköy Çaycuma / ZONGULDAK,SKT/45840,AC,AC_TYPE2,22.0,,
464.0,ŞRJ/16841,Rönesans Filyos Şantiye,OZEL,RÖNESANS CHARGER,RÖNESANS ŞARJ İSTASYON ENERJİ YATIRIMLARI ANONİM ŞİRKETİ,RÖNESANS ŞARJ İSTASYON ENERJİ YATIRIMLARI ANONİM ŞİRKETİ, ,Köyün Kendisi Mahallesi  No:18  Bucak Sazköy Çaycuma / ZONGULDAK,SKT/45841,AC,AC_TYPE2,22.0,,
