name,href,range_km,one_stop_range_km,efficiency_wh_per_km,battery_kwh,fastcharge_kw,acceleration_0_100_sec,towing_kg,cargo_l,weight_kg,raw_text,page_url
Tesla Model 3 RWD (Highland) Available,https://ev-database.org/car/3403/Tesla-Model-3-RWD,445.0,523.0,135.0,60.0,110.0,6.2,1000.0,682.0,1847.0,"Tesla Model 3 RWD (Highland) Available to order since December 2025 D 5 V2 L H G Range* 445 km Efficiency* 135 Wh/km Weight 1,847 kg 0-100 6.2 sec 1-Stop Range 523 km Battery* 60.0 kWh Fastcharge 110 kW Towing 1,000 kg Cargo Vol. 682 L Price/range* €89 /km €37,970 €36,990 £37,990",https://ev-database.org/#group=vehicle-group&rs-pr=10000_100000&rs-er=0_1000&rs-ld=0_1000&rs-ac=2_23&rs-dcfc=0_400&rs-ub=10_200&rs-tw=0_3000&rs-ef=100_350&rs-sa=-1_5&rs-w=1000_3500&rs-c=0_5000&rs-y=2010_2030&s=1&p=0-50
BMW iX3 50 xDrive (MY26) Available,https://ev-database.org/car/3290/BMW-iX3-50-xDrive,635.0,770.0,171.0,108.7,230.0,4.9,2000.0,578.0,2360.0,"BMW iX3 50 xDrive (MY26) Available to order since September 2025 D 5 V2 L H G Range 635 km Efficiency 171 Wh/km Weight 2,360 kg 0-100 4.9 sec 1-Stop Range 770 km Battery 108.7 kWh Fastcharge 230 kW Towing 2,000 kg Cargo Vol. 578 L Price/range €110 /km €70,900 €70,501 £58,755",https://ev-database.org/#group=vehicle-group&rs-pr=10000_100000&rs-er=0_1000&rs-ld=0_1000&rs-ac=2_23&rs-dcfc=0_400&rs-ub=10_200&rs-tw=0_3000&rs-ef=100_350&rs-sa=-1_5&rs-w=1000_3500&rs-c=0_5000&rs-y=2010_2030&s=1&p=0-50
MG MG4 Electric 64 kWh (MY22-25),https://ev-database.org/car/1708/MG-MG4-Electric-64-kWh,360.0,401.0,171.0,61.7,107.0,7.9,500.0,363.0,1726.0,"MG MG4 Electric 64 kWh (MY22-25) Discontinued (October 2022 - February 2026) C 5 5 V2 L H G Range 360 km Efficiency 171 Wh/km Weight 1,726 kg 0-100 7.9 sec 1-Stop Range 401 km Battery 61.7 kWh Fastcharge 107 kW Towing 500 kg Cargo Vol. 363 L Price/range €103 /km €39,990 €37,570 £29,745",https://ev-database.org/#group=vehicle-group&rs-pr=10000_100000&rs-er=0_1000&rs-ld=0_1000&rs-ac=2_23&rs-dcfc=0_400&rs-ub=10_200&rs-tw=0_3000&rs-ef=100_350&rs-sa=-1_5&rs-w=1000_3500&rs-c=0_5000&rs-y=2010_2030&s=1&p=0-50
BMW iX xDrive40 Discontinued (October 2021,https://ev-database.org/car/1472/BMW-iX-xDrive40,360.0,382.0,197.0,71.0,92.0,6.1,2500.0,500.0,2440.0,"BMW iX xDrive40 Discontinued (October 2021 - January 2025) E 5 5 V2 L H G Range 360 km Efficiency 197 Wh/km Weight 2,440 kg 0-100 6.1 sec 1-Stop Range 382 km Battery 71.0 kWh Fastcharge 92 kW Towing 2,500 kg Cargo Vol. 500 L Price/range €225 /km €77,300 €84,998 £69,905",https://ev-database.org/#group=vehicle-group&rs-pr=10000_100000&rs-er=0_1000&rs-ld=0_1000&rs-ac=2_23&rs-dcfc=0_400&rs-ub=10_200&rs-tw=0_3000&rs-ef=100_350&rs-sa=-1_5&rs-w=1000_3500&rs-c=0_5000&rs-y=2010_2030&s=1&p=0-50
Hyundai IONIQ 3 61 kWh (MY27),https://ev-database.org/car/3555/Hyundai-IONIQ-3-61-kWh,375.0,399.0,155.0,58.0,85.0,9.6,,441.0,1580.0,"Hyundai IONIQ 3 61 kWh (MY27) Available to order from July 2026* B 5 V2 L H G Range* 375 km Efficiency* 155 Wh/km Weight 1,580 kg 0-100 9.6 sec 1-Stop Range 399 km Battery* 58.0 kWh Fastcharge 85 kW Towing unknown Cargo Vol. 441 L Price/range* €91 /km * €34,000 * €34,000 * £30,000",https://ev-database.org/#group=vehicle-group&rs-pr=10000_100000&rs-er=0_1000&rs-ld=0_1000&rs-ac=2_23&rs-dcfc=0_400&rs-ub=10_200&rs-tw=0_3000&rs-ef=100_350&rs-sa=-1_5&rs-w=1000_3500&rs-c=0_5000&rs-y=2010_2030&s=1&p=0-50
Fiat 500e Hatchback 42 kWh Available,https://ev-database.org/car/1285/Fiat-500e-Hatchback-42-kWh,235.0,260.0,159.0,37.3,65.0,9.0,0.0,185.0,1365.0,"Fiat 500e Hatchback 42 kWh Available to order since November 2020 B 4 4 V2 L H G Range 235 km Efficiency 159 Wh/km Weight 1,365 kg 0-100 9.0 sec 1-Stop Range 260 km Battery 37.3 kWh Fastcharge 65 kW Towing 0 kg Cargo Vol. 185 L Price/range €128 /km €34,990 €27,999 £23,995",https://ev-database.org/#group=vehicle-group&rs-pr=10000_100000&rs-er=0_1000&rs-ld=0_1000&rs-ac=2_23&rs-dcfc=0_400&rs-ub=10_200&rs-tw=0_3000&rs-ef=100_350&rs-sa=-1_5&rs-w=1000_3500&rs-c=0_5000&rs-y=2010_2030&s=1&p=0-50
CUPRA Born 150 kW - 58,https://ev-database.org/car/1516/CUPRA-Born-150-kW---58-kWh,350.0,369.0,166.0,58.0,75.0,7.3,0.0,385.0,1811.0,"CUPRA Born 150 kW - 58 kWh (MY22-24) Discontinued (October 2021 - July 2024) C 5 5 V2 L H G Range* 350 km Efficiency* 166 Wh/km Weight 1,811 kg 0-100 7.3 sec 1-Stop Range 369 km Battery 58.0 kWh Fastcharge 75 kW Towing 0 kg Cargo Vol. 385 L Price/range* €110 /km €39,370 €36,939 £34,125",https://ev-database.org/#group=vehicle-group&rs-pr=10000_100000&rs-er=0_1000&rs-ld=0_1000&rs-ac=2_23&rs-dcfc=0_400&rs-ub=10_200&rs-tw=0_3000&rs-ef=100_350&rs-sa=-1_5&rs-w=1000_3500&rs-c=0_5000&rs-y=2010_2030&s=1&p=0-50
Mercedes-Benz CLA 250+ Available to order,https://ev-database.org/car/3139/Mercedes-Benz-CLA-250plus,585.0,746.0,145.0,85.0,208.0,6.7,1500.0,506.0,2055.0,"Mercedes-Benz CLA 250+ Available to order since May 2025 D 5 V2 L H G Range* 585 km Efficiency* 145 Wh/km Weight 2,055 kg 0-100 6.7 sec 1-Stop Range 746 km Battery 85.0 kWh Fastcharge 208 kW Towing 1,500 kg Cargo Vol. 506 L Price/range* €92 /km €55,728 €53,554 £45,615",https://ev-database.org/#group=vehicle-group&rs-pr=10000_100000&rs-er=0_1000&rs-ld=0_1000&rs-ac=2_23&rs-dcfc=0_400&rs-ub=10_200&rs-tw=0_3000&rs-ef=100_350&rs-sa=-1_5&rs-w=1000_3500&rs-c=0_5000&rs-y=2010_2030&s=1&p=0-50
Tesla Model Y Long Range AWD,https://ev-database.org/car/3104/Tesla-Model-Y-Long-Range-AWD,455.0,535.0,165.0,75.0,124.0,4.8,1600.0,971.0,2072.0,"Tesla Model Y Long Range AWD (Juniper) Discontinued (February 2025 - October 2025) D 5 5 V2 L H G Range* 455 km Efficiency* 165 Wh/km Weight 2,072 kg 0-100 4.8 sec 1-Stop Range 535 km Battery* 75.0 kWh Fastcharge 124 kW Towing 1,600 kg Cargo Vol. 971 L Price/range* €122 /km €52,990 €53,990 £51,990",https://ev-database.org/#group=vehicle-group&rs-pr=10000_100000&rs-er=0_1000&rs-ld=0_1000&rs-ac=2_23&rs-dcfc=0_400&rs-ub=10_200&rs-tw=0_3000&rs-ef=100_350&rs-sa=-1_5&rs-w=1000_3500&rs-c=0_5000&rs-y=2010_2030&s=1&p=0-50
Kia EV3 Long Range Available to,https://ev-database.org/car/2212/Kia-EV3-Long-Range,455.0,472.0,171.0,78.0,105.0,7.7,1000.0,485.0,1885.0,"Kia EV3 Long Range Available to order since July 2024 B 5 5 V2 L H G Range 455 km Efficiency 171 Wh/km Weight 1,885 kg 0-100 7.7 sec 1-Stop Range 472 km Battery* 78.0 kWh Fastcharge 105 kW Towing 1,000 kg Cargo Vol. 485 L Price/range €90 /km €41,390 €41,495 £34,555",https://ev-database.org/#group=vehicle-group&rs-pr=10000_100000&rs-er=0_1000&rs-ld=0_1000&rs-ac=2_23&rs-dcfc=0_400&rs-ub=10_200&rs-tw=0_3000&rs-ef=100_350&rs-sa=-1_5&rs-w=1000_3500&rs-c=0_5000&rs-y=2010_2030&s=1&p=0-50
CUPRA Born 170 kW - 77,https://ev-database.org/car/1518/CUPRA-Born-170-kW---77-kWh,450.0,479.0,171.0,77.0,103.0,7.0,0.0,385.0,1946.0,"CUPRA Born 170 kW - 77 kWh (MY22-24) Discontinued (March 2022 - July 2024) C 4 5 V2 L H G Range 450 km Efficiency 171 Wh/km Weight 1,946 kg 0-100 7.0 sec 1-Stop Range 479 km Battery 77.0 kWh Fastcharge 103 kW Towing 0 kg Cargo Vol. 385 L Price/range €103 /km €46,450 €46,989 £39,625",https://ev-database.org/#group=vehicle-group&rs-pr=10000_100000&rs-er=0_1000&rs-ld=0_1000&rs-ac=2_23&rs-dcfc=0_400&rs-ub=10_200&rs-tw=0_3000&rs-ef=100_350&rs-sa=-1_5&rs-w=1000_3500&rs-c=0_5000&rs-y=2010_2030&s=1&p=0-50
Volkswagen ID. Polo 52 kWh Available,https://ev-database.org/car/3581/Volkswagen-ID-Polo-52-kWh,335.0,362.0,155.0,52.0,95.0,7.1,1200.0,441.0,1576.0,"Volkswagen ID. Polo 52 kWh Available to order since April 2026 B 5 V2 L H G Range* 335 km Efficiency* 155 Wh/km Weight 1,576 kg 0-100 7.1 sec 1-Stop Range 362 km Battery 52.0 kWh Fastcharge 95 kW Towing 1,200 kg Cargo Vol. 441 L Price/range* €102 /km €33,795 * €34,000 * £30,000",https://ev-database.org/#group=vehicle-group&rs-pr=10000_100000&rs-er=0_1000&rs-ld=0_1000&rs-ac=2_23&rs-dcfc=0_400&rs-ub=10_200&rs-tw=0_3000&rs-ef=100_350&rs-sa=-1_5&rs-w=1000_3500&rs-c=0_5000&rs-y=2010_2030&s=1&p=0-50
Leapmotor B05 67.1 kWh Available to,https://ev-database.org/car/3564/Leapmotor-B05-671-kWh,375.0,426.0,173.0,65.0,110.0,6.6,,345.0,1912.0,"Leapmotor B05 67.1 kWh Available to order since April 2026 C 5 V2 L H G Range* 375 km Efficiency* 173 Wh/km Weight 1,912 kg 0-100 6.6 sec 1-Stop Range 426 km Battery* 65.0 kWh Fastcharge 110 kW Towing unknown Cargo Vol. 345 L Price/range* €80 /km * €29,000 €28,995 * £28,000",https://ev-database.org/#group=vehicle-group&rs-pr=10000_100000&rs-er=0_1000&rs-ld=0_1000&rs-ac=2_23&rs-dcfc=0_400&rs-ub=10_200&rs-tw=0_3000&rs-ef=100_350&rs-sa=-1_5&rs-w=1000_3500&rs-c=0_5000&rs-y=2010_2030&s=1&p=0-50
Tesla Model Y RWD (Juniper) Available,https://ev-database.org/car/3362/Tesla-Model-Y-RWD,380.0,440.0,158.0,60.0,110.0,7.2,1600.0,952.0,1981.0,"Tesla Model Y RWD (Juniper) Available to order since October 2025 D 5 V2 L H G Range* 380 km Efficiency* 158 Wh/km Weight 1,981 kg 0-100 7.2 sec 1-Stop Range 440 km Battery* 60.0 kWh Fastcharge 110 kW Towing 1,600 kg Cargo Vol. 952 L Price/range* €113 /km €40,970 €39,990 £41,990",https://ev-database.org/#group=vehicle-group&rs-pr=10000_100000&rs-er=0_1000&rs-ld=0_1000&rs-ac=2_23&rs-dcfc=0_400&rs-ub=10_200&rs-tw=0_3000&rs-ef=100_350&rs-sa=-1_5&rs-w=1000_3500&rs-c=0_5000&rs-y=2010_2030&s=1&p=0-50
Tesla Model Y Long Range AWD,https://ev-database.org/car/1619/Tesla-Model-Y-Long-Range-AWD,445.0,524.0,169.0,75.0,124.0,5.0,1600.0,971.0,2054.0,"Tesla Model Y Long Range AWD Discontinued (February 2022 - February 2025) D 7 5 V2 L H G Range* 445 km Efficiency* 169 Wh/km Weight 2,054 kg 0-100 5.0 sec 1-Stop Range 524 km Battery* 75.0 kWh Fastcharge 124 kW Towing 1,600 kg Cargo Vol. 971 L Price/range* €126 /km €55,970 €52,990 £51,990",https://ev-database.org/#group=vehicle-group&rs-pr=10000_100000&rs-er=0_1000&rs-ld=0_1000&rs-ac=2_23&rs-dcfc=0_400&rs-ub=10_200&rs-tw=0_3000&rs-ef=100_350&rs-sa=-1_5&rs-w=1000_3500&rs-c=0_5000&rs-y=2010_2030&s=1&p=0-50
Tesla Model 3 Premium RWD (Highland),https://ev-database.org/car/3404/Tesla-Model-3-Premium-RWD,580.0,688.0,136.0,79.0,125.0,5.2,1000.0,682.0,1822.0,"Tesla Model 3 Premium RWD (Highland) Available to order since December 2025 D 5 5 V2 L H G Range* 580 km Efficiency* 136 Wh/km Weight 1,822 kg 0-100 5.2 sec 1-Stop Range 688 km Battery* 79.0 kWh Fastcharge 125 kW Towing 1,000 kg Cargo Vol. 682 L Price/range* €83 /km €45,970 €45,990 £44,990",https://ev-database.org/#group=vehicle-group&rs-pr=10000_100000&rs-er=0_1000&rs-ld=0_1000&rs-ac=2_23&rs-dcfc=0_400&rs-ub=10_200&rs-tw=0_3000&rs-ef=100_350&rs-sa=-1_5&rs-w=1000_3500&rs-c=0_5000&rs-y=2010_2030&s=1&p=0-50
Mercedes-Benz GLC 400 4MATIC Available to,https://ev-database.org/car/3296/Mercedes-Benz-GLC-400-4MATIC,500.0,606.0,188.0,94.0,190.0,4.3,2400.0,698.0,2535.0,"Mercedes-Benz GLC 400 4MATIC Available to order since October 2025 D 5 V2 L H G Range* 500 km Efficiency* 188 Wh/km Weight 2,535 kg 0-100 4.3 sec 1-Stop Range 606 km Battery 94.0 kWh Fastcharge 190 kW Towing 2,400 kg Cargo Vol. 698 L Price/range* €142 /km €71,281 €72,631 £60,350",https://ev-database.org/#group=vehicle-group&rs-pr=10000_100000&rs-er=0_1000&rs-ld=0_1000&rs-ac=2_23&rs-dcfc=0_400&rs-ub=10_200&rs-tw=0_3000&rs-ef=100_350&rs-sa=-1_5&rs-w=1000_3500&rs-c=0_5000&rs-y=2010_2030&s=1&p=0-50
BYD SEALION 7 91.3 kWh AWD,https://ev-database.org/car/3072/BYD-SEALION-7-913-kWh-AWD-Excellence,440.0,502.0,208.0,91.3,165.0,4.5,1500.0,578.0,2510.0,"BYD SEALION 7 91.3 kWh AWD Excellence Available to order since December 2024 D 5 5 V2 L H G Range 440 km Efficiency 208 Wh/km Weight 2,510 kg 0-100 4.5 sec 1-Stop Range 502 km Battery 91.3 kWh Fastcharge 165 kW Towing 1,500 kg Cargo Vol. 578 L Price/range €140 /km €58,990 €58,190 £58,990",https://ev-database.org/#group=vehicle-group&rs-pr=10000_100000&rs-er=0_1000&rs-ld=0_1000&rs-ac=2_23&rs-dcfc=0_400&rs-ub=10_200&rs-tw=0_3000&rs-ef=100_350&rs-sa=-1_5&rs-w=1000_3500&rs-c=0_5000&rs-y=2010_2030&s=1&p=0-50
XPENG G9 AWD Performance (MY25) Available,https://ev-database.org/car/3279/XPENG-G9-AWD-Performance,465.0,600.0,198.0,92.2,330.0,4.2,1500.0,731.0,2470.0,"XPENG G9 AWD Performance (MY25) Available to order since August 2025 E 5 V2 L H G Range* 465 km Efficiency* 198 Wh/km Weight 2,470 kg 0-100 4.2 sec 1-Stop Range 600 km Battery 92.2 kWh Fastcharge 330 kW Towing 1,500 kg Cargo Vol. 731 L Price/range* €160 /km €72,600 €75,990 N/A",https://ev-database.org/#group=vehicle-group&rs-pr=10000_100000&rs-er=0_1000&rs-ld=0_1000&rs-ac=2_23&rs-dcfc=0_400&rs-ub=10_200&rs-tw=0_3000&rs-ef=100_350&rs-sa=-1_5&rs-w=1000_3500&rs-c=0_5000&rs-y=2010_2030&s=1&p=0-50
Volkswagen ID.3 Neo 79 kWh (MY27),https://ev-database.org/car/3522/Volkswagen-ID3-Neo-79-kWh,490.0,549.0,161.0,79.0,135.0,7.1,0.0,385.0,1966.0,"Volkswagen ID.3 Neo 79 kWh (MY27) Available to order since April 2026 C 5 V2 L H G Range* 490 km Efficiency* 161 Wh/km Weight 1,966 kg 0-100 7.1 sec 1-Stop Range 549 km Battery 79.0 kWh Fastcharge 135 kW Towing 0 kg Cargo Vol. 385 L Price/range* €93 /km €44,995 * €45,000 * £40,000",https://ev-database.org/#group=vehicle-group&rs-pr=10000_100000&rs-er=0_1000&rs-ld=0_1000&rs-ac=2_23&rs-dcfc=0_400&rs-ub=10_200&rs-tw=0_3000&rs-ef=100_350&rs-sa=-1_5&rs-w=1000_3500&rs-c=0_5000&rs-y=2010_2030&s=1&p=0-50
Volvo EX60 P12 AWD (MY27) Available,https://ev-database.org/car/3443/Volvo-EX60-P12-AWD,610.0,742.0,184.0,112.0,250.0,3.9,2400.0,575.0,2405.0,"Volvo EX60 P12 AWD (MY27) Available to order since January 2026 D 5 V2 L H G Range* 610 km Efficiency* 184 Wh/km Weight 2,405 kg 0-100 3.9 sec 1-Stop Range 742 km Battery 112.0 kWh Fastcharge 250 kW Towing 2,400 kg Cargo Vol. 575 L Price/range* €120 /km €71,990 €72,995 £64,860",https://ev-database.org/#group=vehicle-group&rs-pr=10000_100000&rs-er=0_1000&rs-ld=0_1000&rs-ac=2_23&rs-dcfc=0_400&rs-ub=10_200&rs-tw=0_3000&rs-ef=100_350&rs-sa=-1_5&rs-w=1000_3500&rs-c=0_5000&rs-y=2010_2030&s=1&p=0-50
Toyota C-HR+ 77 kWh (MY26) Available,https://ev-database.org/car/3394/Toyota-C-HRplus-77-kWh,430.0,471.0,167.0,72.0,110.0,7.3,750.0,416.0,1940.0,"Toyota C-HR+ 77 kWh (MY26) Available to order since November 2025 C 5 V2 L H G Range* 430 km Efficiency* 167 Wh/km Weight 1,940 kg 0-100 7.3 sec 1-Stop Range 471 km Battery 72.0 kWh Fastcharge 110 kW Towing 750 kg Cargo Vol. 416 L Price/range* €101 /km €45,990 €43,995 £35,495",https://ev-database.org/#group=vehicle-group&rs-pr=10000_100000&rs-er=0_1000&rs-ld=0_1000&rs-ac=2_23&rs-dcfc=0_400&rs-ub=10_200&rs-tw=0_3000&rs-ef=100_350&rs-sa=-1_5&rs-w=1000_3500&rs-c=0_5000&rs-y=2010_2030&s=1&p=0-50
Renault 5 E-Tech 52kWh 150hp Available,https://ev-database.org/car/2135/Renault-5-E-Tech-52kWh-150hp,335.0,352.0,155.0,52.0,75.0,8.0,500.0,326.0,1504.0,"Renault 5 E-Tech 52kWh 150hp Available to order since June 2024 B 5 4 V2 L H G Range 335 km Efficiency 155 Wh/km Weight 1,504 kg 0-100 8.0 sec 1-Stop Range 352 km Battery 52.0 kWh Fastcharge 75 kW Towing 500 kg Cargo Vol. 326 L Price/range €91 /km €32,900 €30,990 £23,945",https://ev-database.org/#group=vehicle-group&rs-pr=10000_100000&rs-er=0_1000&rs-ld=0_1000&rs-ac=2_23&rs-dcfc=0_400&rs-ub=10_200&rs-tw=0_3000&rs-ef=100_350&rs-sa=-1_5&rs-w=1000_3500&rs-c=0_5000&rs-y=2010_2030&s=1&p=0-50
BYD ATTO 3 Evo RWD Design,https://ev-database.org/car/3474/BYD-ATTO-3-Evo-RWD-Design,410.0,465.0,182.0,74.8,130.0,5.5,1500.0,591.0,1955.0,"BYD ATTO 3 Evo RWD Design (MY26) Available to order since April 2026 C 5 V2 L H G Range* 410 km Efficiency* 182 Wh/km Weight 1,955 kg 0-100 5.5 sec 1-Stop Range 465 km Battery 74.8 kWh Fastcharge 130 kW Towing 1,500 kg Cargo Vol. 591 L Price/range* €106 /km €44,990 €40,990 £38,990",https://ev-database.org/#group=vehicle-group&rs-pr=10000_100000&rs-er=0_1000&rs-ld=0_1000&rs-ac=2_23&rs-dcfc=0_400&rs-ub=10_200&rs-tw=0_3000&rs-ef=100_350&rs-sa=-1_5&rs-w=1000_3500&rs-c=0_5000&rs-y=2010_2030&s=1&p=0-50
Tesla Model 3 Long Range RWD,https://ev-database.org/car/3034/Tesla-Model-3-Long-Range-RWD,550.0,655.0,136.0,75.0,124.0,5.2,1000.0,682.0,1822.0,"Tesla Model 3 Long Range RWD (Highland) Discontinued (October 2024 - October 2025) D 5 5 V2 L H G Range 550 km Efficiency 136 Wh/km Weight 1,822 kg 0-100 5.2 sec 1-Stop Range 655 km Battery* 75.0 kWh Fastcharge 124 kW Towing 1,000 kg Cargo Vol. 682 L Price/range €86 /km €44,990 €45,990 £44,990",https://ev-database.org/#group=vehicle-group&rs-pr=10000_100000&rs-er=0_1000&rs-ld=0_1000&rs-ac=2_23&rs-dcfc=0_400&rs-ub=10_200&rs-tw=0_3000&rs-ef=100_350&rs-sa=-1_5&rs-w=1000_3500&rs-c=0_5000&rs-y=2010_2030&s=1&p=0-50
Tesla Model Y Premium AWD (Juniper),https://ev-database.org/car/3333/Tesla-Model-Y-Premium-AWD,475.0,556.0,166.0,79.0,125.0,4.8,1600.0,971.0,2072.0,"Tesla Model Y Premium AWD (Juniper) Available to order since October 2025 D 7 5 V2 L H G Range* 475 km Efficiency* 166 Wh/km Weight 2,072 kg 0-100 4.8 sec 1-Stop Range 556 km Battery* 79.0 kWh Fastcharge 125 kW Towing 1,600 kg Cargo Vol. 971 L Price/range* €118 /km €53,970 €53,990 £51,990",https://ev-database.org/#group=vehicle-group&rs-pr=10000_100000&rs-er=0_1000&rs-ld=0_1000&rs-ac=2_23&rs-dcfc=0_400&rs-ub=10_200&rs-tw=0_3000&rs-ef=100_350&rs-sa=-1_5&rs-w=1000_3500&rs-c=0_5000&rs-y=2010_2030&s=1&p=0-50
BYD ATTO 2 64.8 kWh Available,https://ev-database.org/car/3268/BYD-ATTO-2-648-kWh,340.0,368.0,191.0,64.8,100.0,7.9,750.0,450.0,1795.0,"BYD ATTO 2 64.8 kWh Available to order since August 2025 B 5 V2 L H G Range* 340 km Efficiency* 191 Wh/km Weight 1,795 kg 0-100 7.9 sec 1-Stop Range 368 km Battery 64.8 kWh Fastcharge 100 kW Towing 750 kg Cargo Vol. 450 L Price/range* €117 /km €41,990 €36,690 £34,975",https://ev-database.org/#group=vehicle-group&rs-pr=10000_100000&rs-er=0_1000&rs-ld=0_1000&rs-ac=2_23&rs-dcfc=0_400&rs-ub=10_200&rs-tw=0_3000&rs-ef=100_350&rs-sa=-1_5&rs-w=1000_3500&rs-c=0_5000&rs-y=2010_2030&s=1&p=0-50
Leapmotor B10 67.1 kWh Available to,https://ev-database.org/car/3233/Leapmotor-B10-671-kWh,360.0,403.0,181.0,65.0,110.0,8.0,750.0,430.0,1920.0,"Leapmotor B10 67.1 kWh Available to order since August 2025 C 5 5 V2 L H G Range* 360 km Efficiency* 181 Wh/km Weight 1,920 kg 0-100 8.0 sec 1-Stop Range 403 km Battery* 65.0 kWh Fastcharge 110 kW Towing 750 kg Cargo Vol. 430 L Price/range* €93 /km €32,400 €31,495 £31,495",https://ev-database.org/#group=vehicle-group&rs-pr=10000_100000&rs-er=0_1000&rs-ld=0_1000&rs-ac=2_23&rs-dcfc=0_400&rs-ub=10_200&rs-tw=0_3000&rs-ef=100_350&rs-sa=-1_5&rs-w=1000_3500&rs-c=0_5000&rs-y=2010_2030&s=1&p=0-50
Changan Deepal S05 RWD Available to,https://ev-database.org/car/3367/Changan-Deepal-S05-RWD,385.0,448.0,177.0,68.0,130.0,7.5,1600.0,651.0,2015.0,"Changan Deepal S05 RWD Available to order since September 2025 C 5 5 V2 L H G Range* 385 km Efficiency* 177 Wh/km Weight 2,015 kg 0-100 7.5 sec 1-Stop Range 448 km Battery* 68.0 kWh Fastcharge 130 kW Towing 1,600 kg Cargo Vol. 651 L Price/range* €105 /km €38,990 €38,990 £37,990",https://ev-database.org/#group=vehicle-group&rs-pr=10000_100000&rs-er=0_1000&rs-ld=0_1000&rs-ac=2_23&rs-dcfc=0_400&rs-ub=10_200&rs-tw=0_3000&rs-ef=100_350&rs-sa=-1_5&rs-w=1000_3500&rs-c=0_5000&rs-y=2010_2030&s=1&p=0-50
Kia EV4 Hatchback 81.4 kWh Available,https://ev-database.org/car/3124/Kia-EV4-Hatchback-814-kWh,505.0,528.0,154.0,78.0,105.0,7.7,1000.0,435.0,1896.0,"Kia EV4 Hatchback 81.4 kWh Available to order since July 2025 C 5 V2 L H G Range 505 km Efficiency 154 Wh/km Weight 1,896 kg 0-100 7.7 sec 1-Stop Range 528 km Battery* 78.0 kWh Fastcharge 105 kW Towing 1,000 kg Cargo Vol. 435 L Price/range €83 /km €43,240 €41,195 £35,495",https://ev-database.org/#group=vehicle-group&rs-pr=10000_100000&rs-er=0_1000&rs-ld=0_1000&rs-ac=2_23&rs-dcfc=0_400&rs-ub=10_200&rs-tw=0_3000&rs-ef=100_350&rs-sa=-1_5&rs-w=1000_3500&rs-c=0_5000&rs-y=2010_2030&s=1&p=0-50
Jaecoo 5 EV Available to order,https://ev-database.org/car/3336/Jaecoo-5-EV,325.0,341.0,181.0,58.9,80.0,7.7,1250.0,480.0,1765.0,"Jaecoo 5 EV Available to order since August 2025 C 5 V2 L H G Range* 325 km Efficiency* 181 Wh/km Weight 1,765 kg 0-100 7.7 sec 1-Stop Range 341 km Battery 58.9 kWh Fastcharge 80 kW Towing 1,250 kg Cargo Vol. 480 L Price/range* €96 /km N/A €30,890 £27,505",https://ev-database.org/#group=vehicle-group&rs-pr=10000_100000&rs-er=0_1000&rs-ld=0_1000&rs-ac=2_23&rs-dcfc=0_400&rs-ub=10_200&rs-tw=0_3000&rs-ef=100_350&rs-sa=-1_5&rs-w=1000_3500&rs-c=0_5000&rs-y=2010_2030&s=1&p=0-50
Tesla Model Y RWD (Juniper) Discontinued,https://ev-database.org/car/3103/Tesla-Model-Y-RWD,375.0,438.0,160.0,60.0,,5.9,1600.0,971.0,2003.0,"Tesla Model Y RWD (Juniper) Discontinued (February 2025 - December 2025) D 5 V2 L H G Range* 375 km Efficiency* 160 Wh/km Weight 2,003 kg 0-100 5.9 sec 1-Stop Range 438 km Battery* 60.0 kWh Fastcharge* 110 kW Towing 1,600 kg Cargo Vol. 971 L Price/range* €128 /km €45,970 €45,990 £44,990",https://ev-database.org/#group=vehicle-group&rs-pr=10000_100000&rs-er=0_1000&rs-ld=0_1000&rs-ac=2_23&rs-dcfc=0_400&rs-ub=10_200&rs-tw=0_3000&rs-ef=100_350&rs-sa=-1_5&rs-w=1000_3500&rs-c=0_5000&rs-y=2010_2030&s=1&p=0-50
Mercedes-Benz C 400 4MATIC Available to,https://ev-database.org/car/3551/Mercedes-Benz-C-400-4MATIC,555.0,679.0,169.0,94.0,190.0,4.0,1800.0,571.0,2460.0,"Mercedes-Benz C 400 4MATIC Available to order from June 2026* D 5 V2 L H G Range* 555 km Efficiency* 169 Wh/km Weight 2,460 kg 0-100 4.0 sec 1-Stop Range 679 km Battery 94.0 kWh Fastcharge 190 kW Towing 1,800 kg Cargo Vol. 571 L Price/range* €124 /km * €70,000 * €70,000 * £58,000",https://ev-database.org/#group=vehicle-group&rs-pr=10000_100000&rs-er=0_1000&rs-ld=0_1000&rs-ac=2_23&rs-dcfc=0_400&rs-ub=10_200&rs-tw=0_3000&rs-ef=100_350&rs-sa=-1_5&rs-w=1000_3500&rs-c=0_5000&rs-y=2010_2030&s=1&p=0-50
Tesla Model Y Long Range RWD,https://ev-database.org/car/3417/Tesla-Model-Y-Long-Range-RWD,490.0,574.0,157.0,77.0,,7.2,1600.0,952.0,1953.0,"Tesla Model Y Long Range RWD (Juniper) Available to order since December 2025 D 5 V2 L H G Range* 490 km Efficiency* 157 Wh/km Weight 1,953 kg 0-100 7.2 sec 1-Stop Range 574 km Battery* 77.0 kWh Fastcharge* 130 kW Towing 1,600 kg Cargo Vol. 952 L Price/range* €100 /km €47,970 €46,990 £44,990",https://ev-database.org/#group=vehicle-group&rs-pr=10000_100000&rs-er=0_1000&rs-ld=0_1000&rs-ac=2_23&rs-dcfc=0_400&rs-ub=10_200&rs-tw=0_3000&rs-ef=100_350&rs-sa=-1_5&rs-w=1000_3500&rs-c=0_5000&rs-y=2010_2030&s=1&p=0-50
Hyundai IONIQ 5 84 kWh RWD,https://ev-database.org/car/2236/Hyundai-IONIQ-5-84-kWh-RWD,450.0,554.0,178.0,80.0,196.0,7.5,1600.0,577.0,2060.0,"Hyundai IONIQ 5 84 kWh RWD (MY24) Available to order since July 2024 C 5 5 V2 L H G Range* 450 km Efficiency* 178 Wh/km Weight 2,060 kg 0-100 7.5 sec 1-Stop Range 554 km Battery* 80.0 kWh Fastcharge 196 kW Towing 1,600 kg Cargo Vol. 577 L Price/range* €110 /km €51,650 €46,995 £43,400",https://ev-database.org/#group=vehicle-group&rs-pr=10000_100000&rs-er=0_1000&rs-ld=0_1000&rs-ac=2_23&rs-dcfc=0_400&rs-ub=10_200&rs-tw=0_3000&rs-ef=100_350&rs-sa=-1_5&rs-w=1000_3500&rs-c=0_5000&rs-y=2010_2030&s=1&p=0-50
BYD ATTO 3 (MY25) Available to,https://ev-database.org/car/3192/BYD-ATTO-3,340.0,348.0,178.0,60.5,75.0,7.3,750.0,440.0,1825.0,"BYD ATTO 3 (MY25) Available to order since April 2025 C 5 5 V2 L H G Range* 340 km Efficiency* 178 Wh/km Weight 1,825 kg 0-100 7.3 sec 1-Stop Range 348 km Battery 60.5 kWh Fastcharge 75 kW Towing 750 kg Cargo Vol. 440 L Price/range* €121 /km €38,990 €40,690 £37,730",https://ev-database.org/#group=vehicle-group&rs-pr=10000_100000&rs-er=0_1000&rs-ld=0_1000&rs-ac=2_23&rs-dcfc=0_400&rs-ub=10_200&rs-tw=0_3000&rs-ef=100_350&rs-sa=-1_5&rs-w=1000_3500&rs-c=0_5000&rs-y=2010_2030&s=1&p=0-50
Tesla Model 3 Long Range AWD,https://ev-database.org/car/1591/Tesla-Model-3-Long-Range-AWD,485.0,577.0,155.0,75.0,124.0,4.4,1000.0,649.0,1919.0,"Tesla Model 3 Long Range AWD Discontinued (November 2021 - October 2023) D 5 5 V2 L H G Range 485 km Efficiency 155 Wh/km Weight 1,919 kg 0-100 4.4 sec 1-Stop Range 577 km Battery* 75.0 kWh Fastcharge 124 kW Towing 1,000 kg Cargo Vol. 649 L Price/range €112 /km €53,668 €50,993 £50,990",https://ev-database.org/#group=vehicle-group&rs-pr=10000_100000&rs-er=0_1000&rs-ld=0_1000&rs-ac=2_23&rs-dcfc=0_400&rs-ub=10_200&rs-tw=0_3000&rs-ef=100_350&rs-sa=-1_5&rs-w=1000_3500&rs-c=0_5000&rs-y=2010_2030&s=1&p=0-50
Tesla Model Y RWD (CATL LFP),https://ev-database.org/car/1743/Tesla-Model-Y-RWD,345.0,409.0,165.0,57.0,108.0,6.9,1600.0,971.0,1984.0,"Tesla Model Y RWD (CATL LFP) Discontinued (November 2022 - January 2025) D 5 5 V2 L H G Range 345 km Efficiency 165 Wh/km Weight 1,984 kg 0-100 6.9 sec 1-Stop Range 409 km Battery* 57.0 kWh Fastcharge 108 kW Towing 1,600 kg Cargo Vol. 971 L Price/range €139 /km €45,970 €45,990 £44,990",https://ev-database.org/#group=vehicle-group&rs-pr=10000_100000&rs-er=0_1000&rs-ld=0_1000&rs-ac=2_23&rs-dcfc=0_400&rs-ub=10_200&rs-tw=0_3000&rs-ef=100_350&rs-sa=-1_5&rs-w=1000_3500&rs-c=0_5000&rs-y=2010_2030&s=1&p=0-50
Tesla Model Y Performance (Juniper) Available,https://ev-database.org/car/3269/Tesla-Model-Y-Performance,460.0,535.0,172.0,79.0,,,1600.0,971.0,2108.0,"Tesla Model Y Performance (Juniper) Available to order since August 2025 D 5 5 V2 L H G Range 460 km Efficiency 172 Wh/km Weight 2,108 kg 0-100* 3.8 sec 1-Stop Range 535 km Battery* 79.0 kWh Fastcharge* 125 kW Towing 1,600 kg Cargo Vol. 971 L Price/range €143 /km €62,970 €62,990 £61,990",https://ev-database.org/#group=vehicle-group&rs-pr=10000_100000&rs-er=0_1000&rs-ld=0_1000&rs-ac=2_23&rs-dcfc=0_400&rs-ub=10_200&rs-tw=0_3000&rs-ef=100_350&rs-sa=-1_5&rs-w=1000_3500&rs-c=0_5000&rs-y=2010_2030&s=1&p=0-50
Renault Twingo E-Tech 27.5 kWh Available,https://ev-database.org/car/3392/Renault-Twingo-E-Tech-275-kWh,185.0,193.0,149.0,27.5,40.0,12.1,0.0,360.0,1275.0,"Renault Twingo E-Tech 27.5 kWh Available to order since December 2025 A 4 V2 L H G Range* 185 km Efficiency* 149 Wh/km Weight 1,275 kg 0-100 12.1 sec 1-Stop Range 193 km Battery 27.5 kWh Fastcharge 40 kW Towing 0 kg Cargo Vol. 360 L Price/range* €111 /km €19,990 €20,990 * £18,000",https://ev-database.org/#group=vehicle-group&rs-pr=10000_100000&rs-er=0_1000&rs-ld=0_1000&rs-ac=2_23&rs-dcfc=0_400&rs-ub=10_200&rs-tw=0_3000&rs-ef=100_350&rs-sa=-1_5&rs-w=1000_3500&rs-c=0_5000&rs-y=2010_2030&s=1&p=0-50
Mercedes-Benz GLB 250+ Available to order,https://ev-database.org/car/3406/Mercedes-Benz-GLB-250plus,465.0,573.0,183.0,85.0,208.0,7.4,1500.0,667.0,2200.0,"Mercedes-Benz GLB 250+ Available to order since December 2025 D 7 V2 L H G Range* 465 km Efficiency* 183 Wh/km Weight 2,200 kg 0-100 7.4 sec 1-Stop Range 573 km Battery 85.0 kWh Fastcharge 208 kW Towing 1,500 kg Cargo Vol. 667 L Price/range* €121 /km €59,048 €57,184 £46,100",https://ev-database.org/#group=vehicle-group&rs-pr=10000_100000&rs-er=0_1000&rs-ld=0_1000&rs-ac=2_23&rs-dcfc=0_400&rs-ub=10_200&rs-tw=0_3000&rs-ef=100_350&rs-sa=-1_5&rs-w=1000_3500&rs-c=0_5000&rs-y=2010_2030&s=1&p=0-50
Kia PV5 Passenger 71.2 kWh (MY26),https://ev-database.org/car/3289/Kia-PV5-Passenger-712-kWh,315.0,328.0,213.0,67.0,75.0,10.6,1500.0,1330.0,2145.0,"Kia PV5 Passenger 71.2 kWh (MY26) Available to order since May 2025 N 5 V2 L H G Range* 315 km Efficiency* 213 Wh/km Weight 2,145 kg 0-100 10.6 sec 1-Stop Range 328 km Battery* 67.0 kWh Fastcharge 75 kW Towing 1,500 kg Cargo Vol. 1,330 L Price/range* €133 /km €42,290 €43,995 £34,495",https://ev-database.org/#group=vehicle-group&rs-pr=10000_100000&rs-er=0_1000&rs-ld=0_1000&rs-ac=2_23&rs-dcfc=0_400&rs-ub=10_200&rs-tw=0_3000&rs-ef=100_350&rs-sa=-1_5&rs-w=1000_3500&rs-c=0_5000&rs-y=2010_2030&s=1&p=0-50
Tesla Model 3 Standard Range Plus,https://ev-database.org/car/1485/Tesla-Model-3-Standard-Range-Plus,350.0,412.0,146.0,51.0,87.0,5.6,1000.0,649.0,1700.0,"Tesla Model 3 Standard Range Plus (PANA 2170L) Discontinued (February 2021 - December 2021) D 5 5 V2 L H G Range 350 km Efficiency 146 Wh/km Weight 1,700 kg 0-100 5.6 sec 1-Stop Range 412 km Battery* 51.0 kWh Fastcharge 87 kW Towing 1,000 kg Cargo Vol. 649 L Price/range €136 /km €45,560 €49,990 £40,990",https://ev-database.org/#group=vehicle-group&rs-pr=10000_100000&rs-er=0_1000&rs-ld=0_1000&rs-ac=2_23&rs-dcfc=0_400&rs-ub=10_200&rs-tw=0_3000&rs-ef=100_350&rs-sa=-1_5&rs-w=1000_3500&rs-c=0_5000&rs-y=2010_2030&s=1&p=0-50
Renault Megane E-Tech EV60 220hp Discontinued,https://ev-database.org/car/1521/Renault-Megane-E-Tech-EV60-220hp,380.0,404.0,158.0,60.0,80.0,7.4,900.0,440.0,1711.0,"Renault Megane E-Tech EV60 220hp Discontinued (April 2022 - April 2025) C 5 5 V2 L H G Range 380 km Efficiency 158 Wh/km Weight 1,711 kg 0-100 7.4 sec 1-Stop Range 404 km Battery 60.0 kWh Fastcharge 80 kW Towing 900 kg Cargo Vol. 440 L Price/range €117 /km €46,600 €42,990 £37,995",https://ev-database.org/#group=vehicle-group&rs-pr=10000_100000&rs-er=0_1000&rs-ld=0_1000&rs-ac=2_23&rs-dcfc=0_400&rs-ub=10_200&rs-tw=0_3000&rs-ef=100_350&rs-sa=-1_5&rs-w=1000_3500&rs-c=0_5000&rs-y=2010_2030&s=1&p=0-50
Tesla Model Y Premium RWD (Juniper),https://ev-database.org/car/3363/Tesla-Model-Y-Premium-RWD,470.0,552.0,160.0,75.0,124.0,5.6,1600.0,971.0,1976.0,"Tesla Model Y Premium RWD (Juniper) Available to order since October 2025 D 5 5 V2 L H G Range* 470 km Efficiency* 160 Wh/km Weight 1,976 kg 0-100 5.6 sec 1-Stop Range 552 km Battery* 75.0 kWh Fastcharge 124 kW Towing 1,600 kg Cargo Vol. 971 L Price/range* €112 /km €50,970 €50,990 £48,990",https://ev-database.org/#group=vehicle-group&rs-pr=10000_100000&rs-er=0_1000&rs-ld=0_1000&rs-ac=2_23&rs-dcfc=0_400&rs-ub=10_200&rs-tw=0_3000&rs-ef=100_350&rs-sa=-1_5&rs-w=1000_3500&rs-c=0_5000&rs-y=2010_2030&s=1&p=0-50
Geely EX5 Pro Available to order,https://ev-database.org/car/3308/Geely-EX5-Pro,335.0,357.0,180.0,60.2,95.0,6.9,0.0,461.0,1715.0,"Geely EX5 Pro Available to order since January 2026 C 5 5 V2 L H G Range* 335 km Efficiency* 180 Wh/km Weight 1,715 kg 0-100 6.9 sec 1-Stop Range 357 km Battery 60.2 kWh Fastcharge 95 kW Towing 0 kg Cargo Vol. 461 L Price/range* €112 /km €37,990 €37,990 £31,990",https://ev-database.org/#group=vehicle-group&rs-pr=10000_100000&rs-er=0_1000&rs-ld=0_1000&rs-ac=2_23&rs-dcfc=0_400&rs-ub=10_200&rs-tw=0_3000&rs-ef=100_350&rs-sa=-1_5&rs-w=1000_3500&rs-c=0_5000&rs-y=2010_2030&s=1&p=0-50
Tesla Model Y Performance Discontinued (March,https://ev-database.org/car/1183/Tesla-Model-Y-Performance,430.0,506.0,174.0,75.0,124.0,,1600.0,971.0,2072.0,"Tesla Model Y Performance Discontinued (March 2022 - February 2025) D 5 5 V2 L H G Range* 430 km Efficiency* 174 Wh/km Weight 2,072 kg 0-100* 4.0 sec 1-Stop Range 506 km Battery* 75.0 kWh Fastcharge 124 kW Towing 1,600 kg Cargo Vol. 971 L Price/range* €146 /km €60,970 €58,990 £59,990",https://ev-database.org/#group=vehicle-group&rs-pr=10000_100000&rs-er=0_1000&rs-ld=0_1000&rs-ac=2_23&rs-dcfc=0_400&rs-ub=10_200&rs-tw=0_3000&rs-ef=100_350&rs-sa=-1_5&rs-w=1000_3500&rs-c=0_5000&rs-y=2010_2030&s=1&p=0-50
Hyundai Kona Electric 65 kWh (MY24-25),https://ev-database.org/car/1830/Hyundai-Kona-Electric-65-kWh,390.0,390.0,168.0,65.4,79.0,7.8,750.0,493.0,1773.0,"Hyundai Kona Electric 65 kWh (MY24-25) Available to order since July 2023 B 5 4 V2 L H G Range 390 km Efficiency 168 Wh/km Weight 1,773 kg 0-100 7.8 sec 1-Stop Range 390 km Battery 65.4 kWh Fastcharge 79 kW Towing 750 kg Cargo Vol. 493 L Price/range €107 /km €47,190 €39,995 £33,500",https://ev-database.org/#group=vehicle-group&rs-pr=10000_100000&rs-er=0_1000&rs-ld=0_1000&rs-ac=2_23&rs-dcfc=0_400&rs-ub=10_200&rs-tw=0_3000&rs-ef=100_350&rs-sa=-1_5&rs-w=1000_3500&rs-c=0_5000&rs-y=2010_2030&s=1&p=0-50
BYD TANG Flagship Available to order,https://ev-database.org/car/2095/BYD-TANG-Flagship,460.0,444.0,237.0,108.8,100.0,4.9,1500.0,235.0,2705.0,"BYD TANG Flagship Available to order since November 2024 E 7 5 V2 L H G Range* 460 km Efficiency* 237 Wh/km Weight 2,705 kg 0-100 4.9 sec 1-Stop Range 444 km Battery 108.8 kWh Fastcharge 100 kW Towing 1,500 kg Cargo Vol. 235 L Price/range* €149 /km €69,615 €67,390 N/A",https://ev-database.org/#group=vehicle-group&rs-pr=10000_100000&rs-er=0_1000&rs-ld=0_1000&rs-ac=2_23&rs-dcfc=0_400&rs-ub=10_200&rs-tw=0_3000&rs-ef=100_350&rs-sa=-1_5&rs-w=1000_3500&rs-c=0_5000&rs-y=2010_2030&s=1&p=0-50
Fiat Grande Panda Available to order,https://ev-database.org/car/2251/Fiat-Grande-Panda,260.0,271.0,168.0,43.8,62.0,11.0,550.0,361.0,1511.0,"Fiat Grande Panda Available to order since October 2024 B 5 V2 L H G Range* 260 km Efficiency* 168 Wh/km Weight 1,511 kg 0-100 11.0 sec 1-Stop Range 271 km Battery 43.8 kWh Fastcharge 62 kW Towing 550 kg Cargo Vol. 361 L Price/range* €95 /km €24,990 €24,999 £20,995",https://ev-database.org/#group=vehicle-group&rs-pr=10000_100000&rs-er=0_1000&rs-ld=0_1000&rs-ac=2_23&rs-dcfc=0_400&rs-ub=10_200&rs-tw=0_3000&rs-ef=100_350&rs-sa=-1_5&rs-w=1000_3500&rs-c=0_5000&rs-y=2010_2030&s=1&p=0-50
XPENG G6 RWD Long Range (MY25),https://ev-database.org/car/3275/XPENG-G6-RWD-Long-Range,435.0,559.0,184.0,80.0,290.0,6.7,1500.0,571.0,2190.0,"XPENG G6 RWD Long Range (MY25) Available to order since August 2025 D 5 5 V2 L H G Range* 435 km Efficiency* 184 Wh/km Weight 2,190 kg 0-100 6.7 sec 1-Stop Range 559 km Battery 80.0 kWh Fastcharge 290 kW Towing 1,500 kg Cargo Vol. 571 L Price/range* €114 /km €47,600 €48,990 £44,990",https://ev-database.org/#group=vehicle-group&rs-pr=10000_100000&rs-er=0_1000&rs-ld=0_1000&rs-ac=2_23&rs-dcfc=0_400&rs-ub=10_200&rs-tw=0_3000&rs-ef=100_350&rs-sa=-1_5&rs-w=1000_3500&rs-c=0_5000&rs-y=2010_2030&s=1&p=1-50
Kia Niro EV Discontinued (June 2022,https://ev-database.org/car/1666/Kia-Niro-EV,385.0,379.0,168.0,64.8,70.0,7.8,750.0,495.0,1757.0,"Kia Niro EV Discontinued (June 2022 - December 2025) C 5 4 V2 L H G Range 385 km Efficiency 168 Wh/km Weight 1,757 kg 0-100 7.8 sec 1-Stop Range 379 km Battery 64.8 kWh Fastcharge 70 kW Towing 750 kg Cargo Vol. 495 L Price/range €110 /km €45,690 €38,995 £37,295",https://ev-database.org/#group=vehicle-group&rs-pr=10000_100000&rs-er=0_1000&rs-ld=0_1000&rs-ac=2_23&rs-dcfc=0_400&rs-ub=10_200&rs-tw=0_3000&rs-ef=100_350&rs-sa=-1_5&rs-w=1000_3500&rs-c=0_5000&rs-y=2010_2030&s=1&p=1-50
Tesla Model 3 Standard Range Plus,https://ev-database.org/car/1177/Tesla-Model-3-Standard-Range-Plus,320.0,382.0,153.0,49.0,87.0,5.6,1000.0,542.0,1684.0,"Tesla Model 3 Standard Range Plus Discontinued (April 2019 - October 2020) D 5 5 V2 L H G Range 320 km Efficiency 153 Wh/km Weight 1,684 kg 0-100 5.6 sec 1-Stop Range 382 km Battery* 49.0 kWh Fastcharge 87 kW Towing 1,000 kg Cargo Vol. 542 L Price/range €149 /km €46,380 €49,995 £40,490",https://ev-database.org/#group=vehicle-group&rs-pr=10000_100000&rs-er=0_1000&rs-ld=0_1000&rs-ac=2_23&rs-dcfc=0_400&rs-ub=10_200&rs-tw=0_3000&rs-ef=100_350&rs-sa=-1_5&rs-w=1000_3500&rs-c=0_5000&rs-y=2010_2030&s=1&p=1-50
Zeekr 7GT Long Range RWD (MY26),https://ev-database.org/car/3429/Zeekr-7GT-Long-Range-RWD,540.0,706.0,178.0,96.0,260.0,5.3,1600.0,521.0,2360.0,"Zeekr 7GT Long Range RWD (MY26) Available to order since January 2026 D 5 V2 L H G Range* 540 km Efficiency* 178 Wh/km Weight 2,360 kg 0-100 5.3 sec 1-Stop Range 706 km Battery* 96.0 kWh Fastcharge 260 kW Towing 1,600 kg Cargo Vol. 521 L Price/range* €98 /km €53,950 €51,990 N/A",https://ev-database.org/#group=vehicle-group&rs-pr=10000_100000&rs-er=0_1000&rs-ld=0_1000&rs-ac=2_23&rs-dcfc=0_400&rs-ub=10_200&rs-tw=0_3000&rs-ef=100_350&rs-sa=-1_5&rs-w=1000_3500&rs-c=0_5000&rs-y=2010_2030&s=1&p=1-50
BYD ATTO 3 (MY23-24) Discontinued (August,https://ev-database.org/car/1782/BYD-ATTO-3,330.0,325.0,183.0,60.5,71.0,7.3,0.0,440.0,1825.0,"BYD ATTO 3 (MY23-24) Discontinued (August 2022 - April 2025) C 5 5 V2 L H G Range 330 km Efficiency 183 Wh/km Weight 1,825 kg 0-100 7.3 sec 1-Stop Range 325 km Battery 60.5 kWh Fastcharge 71 kW Towing 0 kg Cargo Vol. 440 L Price/range €122 /km €37,990 €39,690 £37,195",https://ev-database.org/#group=vehicle-group&rs-pr=10000_100000&rs-er=0_1000&rs-ld=0_1000&rs-ac=2_23&rs-dcfc=0_400&rs-ub=10_200&rs-tw=0_3000&rs-ef=100_350&rs-sa=-1_5&rs-w=1000_3500&rs-c=0_5000&rs-y=2010_2030&s=1&p=1-50
Škoda Elroq 85 (MY25) Discontinued (October,https://ev-database.org/car/3033/Skoda-Elroq-85,450.0,493.0,171.0,77.0,120.0,6.6,1000.0,470.0,2115.0,"Škoda Elroq 85 (MY25) Discontinued (October 2024 - April 2026) C 5 5 V2 L H G Range* 450 km Efficiency* 171 Wh/km Weight 2,115 kg 0-100 6.6 sec 1-Stop Range 493 km Battery 77.0 kWh Fastcharge 120 kW Towing 1,000 kg Cargo Vol. 470 L Price/range* €96 /km €44,180 €43,990 £35,560",https://ev-database.org/#group=vehicle-group&rs-pr=10000_100000&rs-er=0_1000&rs-ld=0_1000&rs-ac=2_23&rs-dcfc=0_400&rs-ub=10_200&rs-tw=0_3000&rs-ef=100_350&rs-sa=-1_5&rs-w=1000_3500&rs-c=0_5000&rs-y=2010_2030&s=1&p=1-50
BYD DOLPHIN SURF 43.2 kWh Comfort,https://ev-database.org/car/3195/BYD-DOLPHIN-SURF-432-kWh-Comfort,265.0,275.0,163.0,43.2,60.0,9.1,0.0,308.0,1465.0,"BYD DOLPHIN SURF 43.2 kWh Comfort Available to order since May 2025 B 4 5 V2 L H G Range* 265 km Efficiency* 163 Wh/km Weight 1,465 kg 0-100 9.1 sec 1-Stop Range 275 km Battery 43.2 kWh Fastcharge 60 kW Towing 0 kg Cargo Vol. 308 L Price/range* €107 /km €30,990 €26,690 £23,950",https://ev-database.org/#group=vehicle-group&rs-pr=10000_100000&rs-er=0_1000&rs-ld=0_1000&rs-ac=2_23&rs-dcfc=0_400&rs-ub=10_200&rs-tw=0_3000&rs-ef=100_350&rs-sa=-1_5&rs-w=1000_3500&rs-c=0_5000&rs-y=2010_2030&s=1&p=1-50
Volvo EX30 Single Motor ER (MY24-26),https://ev-database.org/car/1910/Volvo-EX30-Single-Motor-ER,365.0,402.0,178.0,65.0,101.0,5.3,1600.0,325.0,1850.0,"Volvo EX30 Single Motor ER (MY24-26) Available to order since June 2023 B 5 5 V2 L H G Range 365 km Efficiency 178 Wh/km Weight 1,850 kg 0-100 5.3 sec 1-Stop Range 402 km Battery 65.0 kWh Fastcharge 101 kW Towing 1,600 kg Cargo Vol. 325 L Price/range €117 /km €44,990 €39,995 £37,260",https://ev-database.org/#group=vehicle-group&rs-pr=10000_100000&rs-er=0_1000&rs-ld=0_1000&rs-ac=2_23&rs-dcfc=0_400&rs-ub=10_200&rs-tw=0_3000&rs-ef=100_350&rs-sa=-1_5&rs-w=1000_3500&rs-c=0_5000&rs-y=2010_2030&s=1&p=1-50
BYD SEAL 82.5 kWh AWD Excellence,https://ev-database.org/car/2002/BYD-SEAL-825-kWh-AWD-Excellence,445.0,472.0,185.0,82.5,100.0,3.8,1500.0,453.0,2260.0,"BYD SEAL 82.5 kWh AWD Excellence (MY23-25) Available to order since September 2023 D 5 5 V2 L H G Range* 445 km Efficiency* 185 Wh/km Weight 2,260 kg 0-100 3.8 sec 1-Stop Range 472 km Battery 82.5 kWh Fastcharge 100 kW Towing 1,500 kg Cargo Vol. 453 L Price/range* €122 /km €52,990 €53,690 £48,695",https://ev-database.org/#group=vehicle-group&rs-pr=10000_100000&rs-er=0_1000&rs-ld=0_1000&rs-ac=2_23&rs-dcfc=0_400&rs-ub=10_200&rs-tw=0_3000&rs-ef=100_350&rs-sa=-1_5&rs-w=1000_3500&rs-c=0_5000&rs-y=2010_2030&s=1&p=1-50
Leapmotor T03 Available to order since,https://ev-database.org/car/3039/Leapmotor-T03,225.0,212.0,160.0,36.0,30.0,12.7,0.0,210.0,1250.0,"Leapmotor T03 Available to order since October 2024 A 4 V2 L H G Range* 225 km Efficiency* 160 Wh/km Weight 1,250 kg 0-100 12.7 sec 1-Stop Range 212 km Battery 36.0 kWh Fastcharge 30 kW Towing 0 kg Cargo Vol. 210 L Price/range* €82 /km €18,900 €19,950 £14,495",https://ev-database.org/#group=vehicle-group&rs-pr=10000_100000&rs-er=0_1000&rs-ld=0_1000&rs-ac=2_23&rs-dcfc=0_400&rs-ub=10_200&rs-tw=0_3000&rs-ef=100_350&rs-sa=-1_5&rs-w=1000_3500&rs-c=0_5000&rs-y=2010_2030&s=1&p=1-50
Audi e-tron 55 quattro Discontinued (December,https://ev-database.org/car/1355/Audi-e-tron-55-quattro,365.0,384.0,237.0,86.5,147.0,5.7,1800.0,722.0,2565.0,"Audi e-tron 55 quattro Discontinued (December 2020 - November 2022) E 5 5 V2 L H G Range 365 km Efficiency 237 Wh/km Weight 2,565 kg 0-100 5.7 sec 1-Stop Range 384 km Battery 86.5 kWh Fastcharge 147 kW Towing 1,800 kg Cargo Vol. 722 L Price/range €212 /km €81,500 €66,415 £72,935",https://ev-database.org/#group=vehicle-group&rs-pr=10000_100000&rs-er=0_1000&rs-ld=0_1000&rs-ac=2_23&rs-dcfc=0_400&rs-ub=10_200&rs-tw=0_3000&rs-ef=100_350&rs-sa=-1_5&rs-w=1000_3500&rs-c=0_5000&rs-y=2010_2030&s=1&p=1-50
Zeekr 7X Long Range RWD (MY25),https://ev-database.org/car/3082/Zeekr-7X-Long-Range-RWD,500.0,640.0,192.0,96.0,260.0,6.0,2000.0,605.0,2415.0,"Zeekr 7X Long Range RWD (MY25) Available to order since May 2025 D 5 5 V2 L H G Range* 500 km Efficiency* 192 Wh/km Weight 2,415 kg 0-100 6.0 sec 1-Stop Range 640 km Battery* 96.0 kWh Fastcharge 260 kW Towing 2,000 kg Cargo Vol. 605 L Price/range* €116 /km €58,950 €56,990 N/A",https://ev-database.org/#group=vehicle-group&rs-pr=10000_100000&rs-er=0_1000&rs-ld=0_1000&rs-ac=2_23&rs-dcfc=0_400&rs-ub=10_200&rs-tw=0_3000&rs-ef=100_350&rs-sa=-1_5&rs-w=1000_3500&rs-c=0_5000&rs-y=2010_2030&s=1&p=1-50
Mercedes-Benz EQS 450+ Discontinued (April 2024,https://ev-database.org/car/2193/Mercedes-Benz-EQS-450plus,685.0,731.0,172.0,118.0,160.0,6.2,750.0,620.0,2545.0,"Mercedes-Benz EQS 450+ Discontinued (April 2024 - April 2026) F 5 V2 L H G Range* 685 km Efficiency* 172 Wh/km Weight 2,545 kg 0-100 6.2 sec 1-Stop Range 731 km Battery 118.0 kWh Fastcharge 160 kW Towing 750 kg Cargo Vol. 620 L Price/range* €172 /km €109,551 €113,387 £112,620",https://ev-database.org/#group=vehicle-group&rs-pr=10000_100000&rs-er=0_1000&rs-ld=0_1000&rs-ac=2_23&rs-dcfc=0_400&rs-ub=10_200&rs-tw=0_3000&rs-ef=100_350&rs-sa=-1_5&rs-w=1000_3500&rs-c=0_5000&rs-y=2010_2030&s=1&p=1-50
Mercedes-Benz VLE 300 Available to order,https://ev-database.org/car/3519/Mercedes-Benz-VLE-300,535.0,602.0,215.0,115.0,,,,795.0,2800.0,"Mercedes-Benz VLE 300 Available to order since April 2026 N 7 V2 L H G Range* 535 km Efficiency* 215 Wh/km Weight 2,800 kg 0-100* 9.0 sec 1-Stop Range 602 km Battery 115.0 kWh Fastcharge* 195 kW Towing unknown Cargo Vol. 795 L Price/range* €158 /km €82,260 * €85,000 * £75,000",https://ev-database.org/#group=vehicle-group&rs-pr=10000_100000&rs-er=0_1000&rs-ld=0_1000&rs-ac=2_23&rs-dcfc=0_400&rs-ub=10_200&rs-tw=0_3000&rs-ef=100_350&rs-sa=-1_5&rs-w=1000_3500&rs-c=0_5000&rs-y=2010_2030&s=1&p=1-50
Renault Zoe ZE50 R110 Discontinued (November,https://ev-database.org/car/1164/Renault-Zoe-ZE50-R110,315.0,274.0,165.0,52.0,41.0,11.4,0.0,338.0,1577.0,"Renault Zoe ZE50 R110 Discontinued (November 2019 - May 2024) B 5 V2 L H G Range 315 km Efficiency 165 Wh/km Weight 1,577 kg 0-100 11.4 sec 1-Stop Range 274 km Battery 52.0 kWh Fastcharge 41 kW Towing 0 kg Cargo Vol. 338 L Price/range €111 /km €36,840 €34,895 £29,095",https://ev-database.org/#group=vehicle-group&rs-pr=10000_100000&rs-er=0_1000&rs-ld=0_1000&rs-ac=2_23&rs-dcfc=0_400&rs-ub=10_200&rs-tw=0_3000&rs-ef=100_350&rs-sa=-1_5&rs-w=1000_3500&rs-c=0_5000&rs-y=2010_2030&s=1&p=1-50
Volkswagen e-Golf Discontinued (May 2017 -,https://ev-database.org/car/1087/Volkswagen-e-Golf,190.0,178.0,168.0,32.0,39.0,9.6,0.0,341.0,1615.0,"Volkswagen e-Golf Discontinued (May 2017 - March 2021) C 5 V2 L H G Range 190 km Efficiency 168 Wh/km Weight 1,615 kg 0-100 9.6 sec 1-Stop Range 178 km Battery* 32.0 kWh Fastcharge 39 kW Towing 0 kg Cargo Vol. 341 L Price/range €172 /km €31,900 €34,005 £28,075",https://ev-database.org/#group=vehicle-group&rs-pr=10000_100000&rs-er=0_1000&rs-ld=0_1000&rs-ac=2_23&rs-dcfc=0_400&rs-ub=10_200&rs-tw=0_3000&rs-ef=100_350&rs-sa=-1_5&rs-w=1000_3500&rs-c=0_5000&rs-y=2010_2030&s=1&p=1-50
BYD SEALION 7 82.5 kWh RWD,https://ev-database.org/car/3070/BYD-SEALION-7-825-kWh-RWD-Comfort,420.0,440.0,196.0,82.5,115.0,6.7,750.0,578.0,2300.0,"BYD SEALION 7 82.5 kWh RWD Comfort Available to order since December 2024 D 5 5 V2 L H G Range* 420 km Efficiency* 196 Wh/km Weight 2,300 kg 0-100 6.7 sec 1-Stop Range 440 km Battery 82.5 kWh Fastcharge 115 kW Towing 750 kg Cargo Vol. 578 L Price/range* €121 /km €47,990 €50,690 £46,990",https://ev-database.org/#group=vehicle-group&rs-pr=10000_100000&rs-er=0_1000&rs-ld=0_1000&rs-ac=2_23&rs-dcfc=0_400&rs-ub=10_200&rs-tw=0_3000&rs-ef=100_350&rs-sa=-1_5&rs-w=1000_3500&rs-c=0_5000&rs-y=2010_2030&s=1&p=1-50
Renault Scenic E-Tech EV87 220hp (TU2025),https://ev-database.org/car/3219/Renault-Scenic-E-Tech-EV87-220hp,480.0,481.0,181.0,87.0,95.0,7.9,1100.0,545.0,1917.0,"Renault Scenic E-Tech EV87 220hp (TU2025) Available to order since June 2025 C 5 V2 L H G Range* 480 km Efficiency* 181 Wh/km Weight 1,917 kg 0-100 7.9 sec 1-Stop Range 481 km Battery 87.0 kWh Fastcharge 95 kW Towing 1,100 kg Cargo Vol. 545 L Price/range* €91 /km €47,900 €45,290 £33,245",https://ev-database.org/#group=vehicle-group&rs-pr=10000_100000&rs-er=0_1000&rs-ld=0_1000&rs-ac=2_23&rs-dcfc=0_400&rs-ub=10_200&rs-tw=0_3000&rs-ef=100_350&rs-sa=-1_5&rs-w=1000_3500&rs-c=0_5000&rs-y=2010_2030&s=1&p=1-50
Citroën ë-C3 Standard Range 44 kWh,https://ev-database.org/car/2039/Citroen-e-C3-Standard-Range-44-kWh,255.0,271.0,172.0,43.8,62.0,11.5,550.0,310.0,1491.0,"Citroën ë-C3 Standard Range 44 kWh Available to order since February 2024 B 5 V2 L H G Range 255 km Efficiency 172 Wh/km Weight 1,491 kg 0-100 11.5 sec 1-Stop Range 271 km Battery 43.8 kWh Fastcharge 62 kW Towing 550 kg Cargo Vol. 310 L Price/range €97 /km €23,300 €24,950 £22,295",https://ev-database.org/#group=vehicle-group&rs-pr=10000_100000&rs-er=0_1000&rs-ld=0_1000&rs-ac=2_23&rs-dcfc=0_400&rs-ub=10_200&rs-tw=0_3000&rs-ef=100_350&rs-sa=-1_5&rs-w=1000_3500&rs-c=0_5000&rs-y=2010_2030&s=1&p=1-50
Changan Deepal S07 Standard Available to,https://ev-database.org/car/3369/Changan-Deepal-S07-Standard,410.0,386.0,190.0,78.0,70.0,7.9,1500.0,635.0,2148.0,"Changan Deepal S07 Standard Available to order since September 2025 D 5 5 V2 L H G Range* 410 km Efficiency* 190 Wh/km Weight 2,148 kg 0-100 7.9 sec 1-Stop Range 386 km Battery 78.0 kWh Fastcharge 70 kW Towing 1,500 kg Cargo Vol. 635 L Price/range* €111 /km €44,990 €45,990 £39,990",https://ev-database.org/#group=vehicle-group&rs-pr=10000_100000&rs-er=0_1000&rs-ld=0_1000&rs-ac=2_23&rs-dcfc=0_400&rs-ub=10_200&rs-tw=0_3000&rs-ef=100_350&rs-sa=-1_5&rs-w=1000_3500&rs-c=0_5000&rs-y=2010_2030&s=1&p=1-50
Kia EV5 81.4 kWh (MY26) Available,https://ev-database.org/car/3300/Kia-EV5-814-kWh,400.0,421.0,195.0,78.0,115.0,8.4,1200.0,610.0,2069.0,"Kia EV5 81.4 kWh (MY26) Available to order since September 2025 C 5 5 V2 L H G Range* 400 km Efficiency* 195 Wh/km Weight 2,069 kg 0-100 8.4 sec 1-Stop Range 421 km Battery* 78.0 kWh Fastcharge 115 kW Towing 1,200 kg Cargo Vol. 610 L Price/range* €113 /km €45,990 €44,495 £39,345",https://ev-database.org/#group=vehicle-group&rs-pr=10000_100000&rs-er=0_1000&rs-ld=0_1000&rs-ac=2_23&rs-dcfc=0_400&rs-ub=10_200&rs-tw=0_3000&rs-ef=100_350&rs-sa=-1_5&rs-w=1000_3500&rs-c=0_5000&rs-y=2010_2030&s=1&p=1-50
MG MG4 Urban Comfort Long Range,https://ev-database.org/car/3471/MG-MG4-Urban-Comfort-Long-Range,325.0,328.0,162.0,52.8,75.0,9.5,500.0,577.0,1520.0,"MG MG4 Urban Comfort Long Range (MY26) Available to order since February 2026 C 5 5 V2 L H G Range* 325 km Efficiency* 162 Wh/km Weight 1,520 kg 0-100 9.5 sec 1-Stop Range 328 km Battery 52.8 kWh Fastcharge 75 kW Towing 500 kg Cargo Vol. 577 L Price/range* €90 /km N/A €28,950 £25,495",https://ev-database.org/#group=vehicle-group&rs-pr=10000_100000&rs-er=0_1000&rs-ld=0_1000&rs-ac=2_23&rs-dcfc=0_400&rs-ub=10_200&rs-tw=0_3000&rs-ef=100_350&rs-sa=-1_5&rs-w=1000_3500&rs-c=0_5000&rs-y=2010_2030&s=1&p=1-50
Hyundai INSTER Long Range Available to,https://ev-database.org/car/2231/Hyundai-INSTER-Long-Range,300.0,311.0,153.0,46.0,70.0,10.6,,351.0,1410.0,"Hyundai INSTER Long Range Available to order since October 2024 A 4 4 V2 L H G Range 300 km Efficiency 153 Wh/km Weight 1,410 kg 0-100 10.6 sec 1-Stop Range 311 km Battery* 46.0 kWh Fastcharge 70 kW Towing unknown Cargo Vol. 351 L Price/range €89 /km €25,400 €25,995 £25,045",https://ev-database.org/#group=vehicle-group&rs-pr=10000_100000&rs-er=0_1000&rs-ld=0_1000&rs-ac=2_23&rs-dcfc=0_400&rs-ub=10_200&rs-tw=0_3000&rs-ef=100_350&rs-sa=-1_5&rs-w=1000_3500&rs-c=0_5000&rs-y=2010_2030&s=1&p=1-50
BMW iX3 (MY22-24) Discontinued (September 2021,https://ev-database.org/car/1535/BMW-iX3,385.0,403.0,192.0,74.0,94.0,6.8,750.0,510.0,2255.0,"BMW iX3 (MY22-24) Discontinued (September 2021 - October 2024) D 5 V2 L H G Range 385 km Efficiency 192 Wh/km Weight 2,255 kg 0-100 6.8 sec 1-Stop Range 403 km Battery 74.0 kWh Fastcharge 94 kW Towing 750 kg Cargo Vol. 510 L Price/range €184 /km €67,300 €71,462 £64,165",https://ev-database.org/#group=vehicle-group&rs-pr=10000_100000&rs-er=0_1000&rs-ld=0_1000&rs-ac=2_23&rs-dcfc=0_400&rs-ub=10_200&rs-tw=0_3000&rs-ef=100_350&rs-sa=-1_5&rs-w=1000_3500&rs-c=0_5000&rs-y=2010_2030&s=1&p=1-50
Tesla Model S Plaid Discontinued (November,https://ev-database.org/car/1405/Tesla-Model-S-Plaid,560.0,636.0,170.0,95.0,,,1600.0,798.0,2265.0,"Tesla Model S Plaid Discontinued (November 2022 - July 2025) F 5 5 V2 L H G Range 560 km Efficiency 170 Wh/km Weight 2,265 kg 0-100* 2.4 sec 1-Stop Range 636 km Battery* 95.0 kWh Fastcharge* 140 kW Towing 1,600 kg Cargo Vol. 798 L Price/range* €212 /km €120,970 €120,990 * £100,000",https://ev-database.org/#group=vehicle-group&rs-pr=10000_100000&rs-er=0_1000&rs-ld=0_1000&rs-ac=2_23&rs-dcfc=0_400&rs-ub=10_200&rs-tw=0_3000&rs-ef=100_350&rs-sa=-1_5&rs-w=1000_3500&rs-c=0_5000&rs-y=2010_2030&s=1&p=1-50
Mercedes-Benz EQS 450+ (MY26) Available to,https://ev-database.org/car/3578/Mercedes-Benz-EQS-450plus,720.0,842.0,169.0,122.0,190.0,5.9,1600.0,610.0,2550.0,"Mercedes-Benz EQS 450+ (MY26) Available to order since April 2026 F 5 V2 L H G Range* 720 km Efficiency* 169 Wh/km Weight 2,550 kg 0-100 5.9 sec 1-Stop Range 842 km Battery 122.0 kWh Fastcharge 190 kW Towing 1,600 kg Cargo Vol. 610 L Price/range* €156 /km €108,635 €108,567 £104,540",https://ev-database.org/#group=vehicle-group&rs-pr=10000_100000&rs-er=0_1000&rs-ld=0_1000&rs-ac=2_23&rs-dcfc=0_400&rs-ub=10_200&rs-tw=0_3000&rs-ef=100_350&rs-sa=-1_5&rs-w=1000_3500&rs-c=0_5000&rs-y=2010_2030&s=1&p=1-50
Tesla Model Y Premium RWD (Juniper),https://ev-database.org/car/3476/Tesla-Model-Y-Premium-RWD,495.0,576.0,160.0,79.0,125.0,5.6,1600.0,971.0,1976.0,"Tesla Model Y Premium RWD (Juniper) Available to order since November 2025 D 5 5 V2 L H G Range* 495 km Efficiency* 160 Wh/km Weight 1,976 kg 0-100 5.6 sec 1-Stop Range 576 km Battery* 79.0 kWh Fastcharge 125 kW Towing 1,600 kg Cargo Vol. 971 L Price/range* €103 /km €50,970 €50,990 £44,990",https://ev-database.org/#group=vehicle-group&rs-pr=10000_100000&rs-er=0_1000&rs-ld=0_1000&rs-ac=2_23&rs-dcfc=0_400&rs-ub=10_200&rs-tw=0_3000&rs-ef=100_350&rs-sa=-1_5&rs-w=1000_3500&rs-c=0_5000&rs-y=2010_2030&s=1&p=1-50
Mazda 6e 68.8 kWh (MY25) Available,https://ev-database.org/car/3107/Mazda-6e-688-kWh,420.0,486.0,162.0,68.0,130.0,7.6,1500.0,526.0,2037.0,"Mazda 6e 68.8 kWh (MY25) Available to order since June 2025 D 5 5 V2 L H G Range 420 km Efficiency 162 Wh/km Weight 2,037 kg 0-100 7.6 sec 1-Stop Range 486 km Battery* 68.0 kWh Fastcharge 130 kW Towing 1,500 kg Cargo Vol. 526 L Price/range €107 /km €44,900 €44,900 N/A",https://ev-database.org/#group=vehicle-group&rs-pr=10000_100000&rs-er=0_1000&rs-ld=0_1000&rs-ac=2_23&rs-dcfc=0_400&rs-ub=10_200&rs-tw=0_3000&rs-ef=100_350&rs-sa=-1_5&rs-w=1000_3500&rs-c=0_5000&rs-y=2010_2030&s=1&p=1-50
Tesla Model 3 RWD (CATL LFP60),https://ev-database.org/car/1555/Tesla-Model-3-RWD,400.0,468.0,143.0,57.0,,6.1,1000.0,649.0,1835.0,"Tesla Model 3 RWD (CATL LFP60) Discontinued (December 2021 - October 2023) D 5 5 V2 L H G Range* 400 km Efficiency* 143 Wh/km Weight 1,835 kg 0-100 6.1 sec 1-Stop Range 468 km Battery* 57.0 kWh Fastcharge* 100 kW Towing 1,000 kg Cargo Vol. 649 L Price/range* €114 /km €44,668 €42,993 £42,990",https://ev-database.org/#group=vehicle-group&rs-pr=10000_100000&rs-er=0_1000&rs-ld=0_1000&rs-ac=2_23&rs-dcfc=0_400&rs-ub=10_200&rs-tw=0_3000&rs-ef=100_350&rs-sa=-1_5&rs-w=1000_3500&rs-c=0_5000&rs-y=2010_2030&s=1&p=1-50
BMW i4 eDrive40 Discontinued (November 2021,https://ev-database.org/car/1252/BMW-i4-eDrive40,515.0,572.0,157.0,80.7,112.0,5.7,1600.0,470.0,2125.0,"BMW i4 eDrive40 Discontinued (November 2021 - May 2024) D 5 4 V2 L H G Range 515 km Efficiency 157 Wh/km Weight 2,125 kg 0-100 5.7 sec 1-Stop Range 572 km Battery 80.7 kWh Fastcharge 112 kW Towing 1,600 kg Cargo Vol. 470 L Price/range €122 /km €59,200 €62,992 £57,890",https://ev-database.org/#group=vehicle-group&rs-pr=10000_100000&rs-er=0_1000&rs-ld=0_1000&rs-ac=2_23&rs-dcfc=0_400&rs-ub=10_200&rs-tw=0_3000&rs-ef=100_350&rs-sa=-1_5&rs-w=1000_3500&rs-c=0_5000&rs-y=2010_2030&s=1&p=1-50
Tesla Model 3 RWD (Highland CATL,https://ev-database.org/car/3186/Tesla-Model-3-RWD,440.0,520.0,136.0,60.0,110.0,6.1,1000.0,682.0,1836.0,"Tesla Model 3 RWD (Highland CATL LFP64) Discontinued (May 2025 - December 2025) D 5 5 V2 L H G Range* 440 km Efficiency* 136 Wh/km Weight 1,836 kg 0-100 6.1 sec 1-Stop Range 520 km Battery* 60.0 kWh Fastcharge 110 kW Towing 1,000 kg Cargo Vol. 682 L Price/range* €96 /km €40,970 €39,990 £39,990",https://ev-database.org/#group=vehicle-group&rs-pr=10000_100000&rs-er=0_1000&rs-ld=0_1000&rs-ac=2_23&rs-dcfc=0_400&rs-ub=10_200&rs-tw=0_3000&rs-ef=100_350&rs-sa=-1_5&rs-w=1000_3500&rs-c=0_5000&rs-y=2010_2030&s=1&p=1-50
Renault 4 E-Tech 52kWh 150hp Available,https://ev-database.org/car/3127/Renault-4-E-Tech-52kWh-150hp,315.0,330.0,165.0,52.0,75.0,8.2,750.0,420.0,1537.0,"Renault 4 E-Tech 52kWh 150hp Available to order since March 2025 B 5 V2 L H G Range* 315 km Efficiency* 165 Wh/km Weight 1,537 kg 0-100 8.2 sec 1-Stop Range 330 km Battery 52.0 kWh Fastcharge 75 kW Towing 750 kg Cargo Vol. 420 L Price/range* €98 /km €32,400 €32,990 £23,445",https://ev-database.org/#group=vehicle-group&rs-pr=10000_100000&rs-er=0_1000&rs-ld=0_1000&rs-ac=2_23&rs-dcfc=0_400&rs-ub=10_200&rs-tw=0_3000&rs-ef=100_350&rs-sa=-1_5&rs-w=1000_3500&rs-c=0_5000&rs-y=2010_2030&s=1&p=1-50
Volkswagen ID.3 Neo 58 kWh (MY27),https://ev-database.org/car/3521/Volkswagen-ID3-Neo-58-kWh,365.0,385.0,159.0,58.0,95.0,8.0,0.0,385.0,1888.0,"Volkswagen ID.3 Neo 58 kWh (MY27) Available to order since April 2026 C 5 V2 L H G Range* 365 km Efficiency* 159 Wh/km Weight 1,888 kg 0-100 8.0 sec 1-Stop Range 385 km Battery 58.0 kWh Fastcharge 95 kW Towing 0 kg Cargo Vol. 385 L Price/range* €109 /km €39,195 * €40,000 * £35,000",https://ev-database.org/#group=vehicle-group&rs-pr=10000_100000&rs-er=0_1000&rs-ld=0_1000&rs-ac=2_23&rs-dcfc=0_400&rs-ub=10_200&rs-tw=0_3000&rs-ef=100_350&rs-sa=-1_5&rs-w=1000_3500&rs-c=0_5000&rs-y=2010_2030&s=1&p=1-50
Tesla Model 3 Performance Discontinued (November,https://ev-database.org/car/1322/Tesla-Model-3-Performance,470.0,555.0,162.0,76.0,135.0,,0.0,649.0,1919.0,"Tesla Model 3 Performance Discontinued (November 2020 - April 2022) D 5 5 V2 L H G Range 470 km Efficiency 162 Wh/km Weight 1,919 kg 0-100* 3.6 sec 1-Stop Range 555 km Battery* 76.0 kWh Fastcharge 135 kW Towing 0 kg Cargo Vol. 649 L Price/range €137 /km €59,560 €64,990 £59,990",https://ev-database.org/#group=vehicle-group&rs-pr=10000_100000&rs-er=0_1000&rs-ld=0_1000&rs-ac=2_23&rs-dcfc=0_400&rs-ub=10_200&rs-tw=0_3000&rs-ef=100_350&rs-sa=-1_5&rs-w=1000_3500&rs-c=0_5000&rs-y=2010_2030&s=1&p=1-50
Lucid Air Grand Touring (MY25-26) Available,https://ev-database.org/car/3273/Lucid-Air-Grand-Touring,720.0,836.0,163.0,117.0,190.0,3.2,0.0,910.0,2435.0,"Lucid Air Grand Touring (MY25-26) Available to order since September 2024 F 5 5 V2 L H G Range* 720 km Efficiency* 163 Wh/km Weight 2,435 kg 0-100 3.2 sec 1-Stop Range 836 km Battery* 117.0 kWh Fastcharge 190 kW Towing 0 kg Cargo Vol. 910 L Price/range* €184 /km €130,900 €133,900 N/A",https://ev-database.org/#group=vehicle-group&rs-pr=10000_100000&rs-er=0_1000&rs-ld=0_1000&rs-ac=2_23&rs-dcfc=0_400&rs-ub=10_200&rs-tw=0_3000&rs-ef=100_350&rs-sa=-1_5&rs-w=1000_3500&rs-c=0_5000&rs-y=2010_2030&s=1&p=1-50
Tesla Model 3 Performance (Highland) Discontinued,https://ev-database.org/car/2188/Tesla-Model-3-Performance,490.0,585.0,153.0,75.0,,,0.0,682.0,1929.0,"Tesla Model 3 Performance (Highland) Discontinued (April 2024 - October 2025) D 5 5 V2 L H G Range 490 km Efficiency 153 Wh/km Weight 1,929 kg 0-100* 3.4 sec 1-Stop Range 585 km Battery* 75.0 kWh Fastcharge* 124 kW Towing 0 kg Cargo Vol. 682 L Price/range €126 /km €58,470 €58,490 £59,990",https://ev-database.org/#group=vehicle-group&rs-pr=10000_100000&rs-er=0_1000&rs-ld=0_1000&rs-ac=2_23&rs-dcfc=0_400&rs-ub=10_200&rs-tw=0_3000&rs-ef=100_350&rs-sa=-1_5&rs-w=1000_3500&rs-c=0_5000&rs-y=2010_2030&s=1&p=1-50
MG MGS5 EV 64 kWh Available,https://ev-database.org/car/3147/MG-MGS5-EV-64-kWh,365.0,387.0,170.0,62.1,90.0,6.3,750.0,453.0,1755.0,"MG MGS5 EV 64 kWh Available to order since March 2025 C 5 5 V2 L H G Range 365 km Efficiency 170 Wh/km Weight 1,755 kg 0-100 6.3 sec 1-Stop Range 387 km Battery 62.1 kWh Fastcharge 90 kW Towing 750 kg Cargo Vol. 453 L Price/range €106 /km €42,990 €36,850 £31,245",https://ev-database.org/#group=vehicle-group&rs-pr=10000_100000&rs-er=0_1000&rs-ld=0_1000&rs-ac=2_23&rs-dcfc=0_400&rs-ub=10_200&rs-tw=0_3000&rs-ef=100_350&rs-sa=-1_5&rs-w=1000_3500&rs-c=0_5000&rs-y=2010_2030&s=1&p=1-50
Škoda Enyaq iV 80 (MY21-23) Discontinued,https://ev-database.org/car/1280/Skoda-Enyaq-iV-80,440.0,468.0,175.0,77.0,124.0,8.6,1000.0,585.0,2075.0,"Škoda Enyaq iV 80 (MY21-23) Discontinued (April 2021 - October 2023) C 5 5 V2 L H G Range 440 km Efficiency 175 Wh/km Weight 2,075 kg 0-100 8.6 sec 1-Stop Range 468 km Battery 77.0 kWh Fastcharge 124 kW Towing 1,000 kg Cargo Vol. 585 L Price/range €112 /km €48,900 €48,990 £42,925",https://ev-database.org/#group=vehicle-group&rs-pr=10000_100000&rs-er=0_1000&rs-ld=0_1000&rs-ac=2_23&rs-dcfc=0_400&rs-ub=10_200&rs-tw=0_3000&rs-ef=100_350&rs-sa=-1_5&rs-w=1000_3500&rs-c=0_5000&rs-y=2010_2030&s=1&p=1-50
Hyundai Kona Electric 64 kWh (MY22-23),https://ev-database.org/car/1423/Hyundai-Kona-Electric-64-kWh,390.0,363.0,164.0,64.0,61.0,7.9,300.0,332.0,1760.0,"Hyundai Kona Electric 64 kWh (MY22-23) Discontinued (June 2021 - December 2023) B 5 V2 L H G Range* 390 km Efficiency* 164 Wh/km Weight 1,760 kg 0-100 7.9 sec 1-Stop Range 363 km Battery 64.0 kWh Fastcharge 61 kW Towing 300 kg Cargo Vol. 332 L Price/range* €110 /km €42,900 €41,995 £37,750",https://ev-database.org/#group=vehicle-group&rs-pr=10000_100000&rs-er=0_1000&rs-ld=0_1000&rs-ac=2_23&rs-dcfc=0_400&rs-ub=10_200&rs-tw=0_3000&rs-ef=100_350&rs-sa=-1_5&rs-w=1000_3500&rs-c=0_5000&rs-y=2010_2030&s=1&p=1-50
Omoda E5 Available to order since,https://ev-database.org/car/3046/Omoda-E5,330.0,350.0,178.0,58.9,80.0,7.6,0.0,380.0,1785.0,"Omoda E5 Available to order since September 2024 C 5 V2 L H G Range* 330 km Efficiency* 178 Wh/km Weight 1,785 kg 0-100 7.6 sec 1-Stop Range 350 km Battery 58.9 kWh Fastcharge 80 kW Towing 0 kg Cargo Vol. 380 L Price/range* €103 /km N/A €29,990 £33,055",https://ev-database.org/#group=vehicle-group&rs-pr=10000_100000&rs-er=0_1000&rs-ld=0_1000&rs-ac=2_23&rs-dcfc=0_400&rs-ub=10_200&rs-tw=0_3000&rs-ef=100_350&rs-sa=-1_5&rs-w=1000_3500&rs-c=0_5000&rs-y=2010_2030&s=1&p=1-50
BMW iX1 xDrive30 (MY23-25) Discontinued (November,https://ev-database.org/car/1701/BMW-iX1-xDrive30,380.0,402.0,170.0,64.7,86.0,5.6,1200.0,490.0,2085.0,"BMW iX1 xDrive30 (MY23-25) Discontinued (November 2022 - February 2026) C 5 V2 L H G Range 380 km Efficiency 170 Wh/km Weight 2,085 kg 0-100 5.6 sec 1-Stop Range 402 km Battery 64.7 kWh Fastcharge 86 kW Towing 1,200 kg Cargo Vol. 490 L Price/range €148 /km €55,000 €59,489 £47,465",https://ev-database.org/#group=vehicle-group&rs-pr=10000_100000&rs-er=0_1000&rs-ld=0_1000&rs-ac=2_23&rs-dcfc=0_400&rs-ub=10_200&rs-tw=0_3000&rs-ef=100_350&rs-sa=-1_5&rs-w=1000_3500&rs-c=0_5000&rs-y=2010_2030&s=1&p=1-50
Dongfeng Box 42.3 kWh Available to,https://ev-database.org/car/3036/Dongfeng-Box-423-kWh,255.0,254.0,157.0,40.0,51.0,,750.0,326.0,1430.0,"Dongfeng Box 42.3 kWh Available to order since October 2024 B 5 3 V2 L H G Range* 255 km Efficiency* 157 Wh/km Weight 1,430 kg 0-100* 12.5 sec 1-Stop Range 254 km Battery* 40.0 kWh Fastcharge 51 kW Towing 750 kg Cargo Vol. 326 L Price/range* €96 /km N/A €24,499 N/A",https://ev-database.org/#group=vehicle-group&rs-pr=10000_100000&rs-er=0_1000&rs-ld=0_1000&rs-ac=2_23&rs-dcfc=0_400&rs-ub=10_200&rs-tw=0_3000&rs-ef=100_350&rs-sa=-1_5&rs-w=1000_3500&rs-c=0_5000&rs-y=2010_2030&s=1&p=1-50
Mercedes-Benz EQC 400 4MATIC Discontinued (November,https://ev-database.org/car/1337/Mercedes-Benz-EQC-400-4MATIC,370.0,366.0,216.0,80.0,99.0,5.1,1800.0,500.0,2495.0,"Mercedes-Benz EQC 400 4MATIC Discontinued (November 2020 - July 2023) D 5 5 V2 L H G Range 370 km Efficiency 216 Wh/km Weight 2,495 kg 0-100 5.1 sec 1-Stop Range 366 km Battery 80.0 kWh Fastcharge 99 kW Towing 1,800 kg Cargo Vol. 500 L Price/range €202 /km €66,069 €73,216 £74,330",https://ev-database.org/#group=vehicle-group&rs-pr=10000_100000&rs-er=0_1000&rs-ld=0_1000&rs-ac=2_23&rs-dcfc=0_400&rs-ub=10_200&rs-tw=0_3000&rs-ef=100_350&rs-sa=-1_5&rs-w=1000_3500&rs-c=0_5000&rs-y=2010_2030&s=1&p=1-50
Mercedes-Benz EQB 250+ Discontinued (October 2023,https://ev-database.org/car/1988/Mercedes-Benz-EQB-250plus,415.0,414.0,170.0,70.5,,8.9,1400.0,495.0,2105.0,"Mercedes-Benz EQB 250+ Discontinued (October 2023 - January 2026) C 7 V2 L H G Range* 415 km Efficiency* 170 Wh/km Weight 2,105 kg 0-100 8.9 sec 1-Stop Range 414 km Battery 70.5 kWh Fastcharge* 90 kW Towing 1,400 kg Cargo Vol. 495 L Price/range* €133 /km €53,514 €51,356 £52,800",https://ev-database.org/#group=vehicle-group&rs-pr=10000_100000&rs-er=0_1000&rs-ld=0_1000&rs-ac=2_23&rs-dcfc=0_400&rs-ub=10_200&rs-tw=0_3000&rs-ef=100_350&rs-sa=-1_5&rs-w=1000_3500&rs-c=0_5000&rs-y=2010_2030&s=1&p=1-50
Tesla Model 3 Long Range AWD,https://ev-database.org/car/1138/Tesla-Model-3-Long-Range-AWD,455.0,545.0,162.0,73.5,136.0,4.6,1000.0,542.0,1931.0,"Tesla Model 3 Long Range AWD Discontinued (February 2019 - October 2020) D 5 5 V2 L H G Range 455 km Efficiency 162 Wh/km Weight 1,931 kg 0-100 4.6 sec 1-Stop Range 545 km Battery* 73.5 kWh Fastcharge 136 kW Towing 1,000 kg Cargo Vol. 542 L Price/range €124 /km €55,480 €59,995 £46,990",https://ev-database.org/#group=vehicle-group&rs-pr=10000_100000&rs-er=0_1000&rs-ld=0_1000&rs-ac=2_23&rs-dcfc=0_400&rs-ub=10_200&rs-tw=0_3000&rs-ef=100_350&rs-sa=-1_5&rs-w=1000_3500&rs-c=0_5000&rs-y=2010_2030&s=1&p=1-50
Tesla Model 3 Long Range AWD,https://ev-database.org/car/1992/Tesla-Model-3-Long-Range-AWD,525.0,629.0,143.0,75.0,124.0,4.4,1000.0,682.0,1899.0,"Tesla Model 3 Long Range AWD (Highland) Discontinued (September 2023 - October 2025) D 5 5 V2 L H G Range 525 km Efficiency 143 Wh/km Weight 1,899 kg 0-100 4.4 sec 1-Stop Range 629 km Battery* 75.0 kWh Fastcharge 124 kW Towing 1,000 kg Cargo Vol. 682 L Price/range €101 /km €49,990 €50,990 £49,990",https://ev-database.org/#group=vehicle-group&rs-pr=10000_100000&rs-er=0_1000&rs-ld=0_1000&rs-ac=2_23&rs-dcfc=0_400&rs-ub=10_200&rs-tw=0_3000&rs-ef=100_350&rs-sa=-1_5&rs-w=1000_3500&rs-c=0_5000&rs-y=2010_2030&s=1&p=1-50
Tesla Model 3 Long Range AWD,https://ev-database.org/car/1525/Tesla-Model-3-Long-Range-AWD,490.0,584.0,155.0,76.0,135.0,4.4,1000.0,649.0,1919.0,"Tesla Model 3 Long Range AWD Discontinued (May 2021 - December 2021) D 5 5 V2 L H G Range 490 km Efficiency 155 Wh/km Weight 1,919 kg 0-100 4.4 sec 1-Stop Range 584 km Battery* 76.0 kWh Fastcharge 135 kW Towing 1,000 kg Cargo Vol. 649 L Price/range €117 /km €55,260 €58,990 N/A",https://ev-database.org/#group=vehicle-group&rs-pr=10000_100000&rs-er=0_1000&rs-ld=0_1000&rs-ac=2_23&rs-dcfc=0_400&rs-ub=10_200&rs-tw=0_3000&rs-ef=100_350&rs-sa=-1_5&rs-w=1000_3500&rs-c=0_5000&rs-y=2010_2030&s=1&p=1-50
Hyundai IONIQ Electric Discontinued (October 2019,https://ev-database.org/car/1165/Hyundai-IONIQ-Electric,250.0,230.0,153.0,38.3,32.0,9.7,0.0,357.0,1602.0,"Hyundai IONIQ Electric Discontinued (October 2019 - July 2022) C 5 5 V2 L H G Range 250 km Efficiency 153 Wh/km Weight 1,602 kg 0-100 9.7 sec 1-Stop Range 230 km Battery 38.3 kWh Fastcharge 32 kW Towing 0 kg Cargo Vol. 357 L Price/range €146 /km €35,350 €37,015 £32,050",https://ev-database.org/#group=vehicle-group&rs-pr=10000_100000&rs-er=0_1000&rs-ld=0_1000&rs-ac=2_23&rs-dcfc=0_400&rs-ub=10_200&rs-tw=0_3000&rs-ef=100_350&rs-sa=-1_5&rs-w=1000_3500&rs-c=0_5000&rs-y=2010_2030&s=1&p=1-50
Hyundai IONIQ 6 84 kWh RWD,https://ev-database.org/car/3439/Hyundai-IONIQ-6-84-kWh-RWD,545.0,687.0,147.0,80.0,196.0,7.4,1500.0,446.0,2000.0,"Hyundai IONIQ 6 84 kWh RWD (MY26) Available to order since January 2026 D 5 V2 L H G Range* 545 km Efficiency* 147 Wh/km Weight 2,000 kg 0-100 7.4 sec 1-Stop Range 687 km Battery* 80.0 kWh Fastcharge 196 kW Towing 1,500 kg Cargo Vol. 446 L Price/range* €101 /km €55,300 N/A N/A",https://ev-database.org/#group=vehicle-group&rs-pr=10000_100000&rs-er=0_1000&rs-ld=0_1000&rs-ac=2_23&rs-dcfc=0_400&rs-ub=10_200&rs-tw=0_3000&rs-ef=100_350&rs-sa=-1_5&rs-w=1000_3500&rs-c=0_5000&rs-y=2010_2030&s=1&p=1-50
MG ZS EV Long Range Discontinued,https://ev-database.org/car/1541/MG-ZS-EV-Long-Range,370.0,352.0,185.0,68.3,81.0,8.4,500.0,448.0,1695.0,"MG ZS EV Long Range Discontinued (November 2021 - July 2025) B 5 V2 L H G Range 370 km Efficiency 185 Wh/km Weight 1,695 kg 0-100 8.4 sec 1-Stop Range 352 km Battery 68.3 kWh Fastcharge 81 kW Towing 500 kg Cargo Vol. 448 L Price/range €105 /km €37,990 €40,185 £32,995",https://ev-database.org/#group=vehicle-group&rs-pr=10000_100000&rs-er=0_1000&rs-ld=0_1000&rs-ac=2_23&rs-dcfc=0_400&rs-ub=10_200&rs-tw=0_3000&rs-ef=100_350&rs-sa=-1_5&rs-w=1000_3500&rs-c=0_5000&rs-y=2010_2030&s=1&p=1-50
Kia e-Niro 64 kWh Discontinued (December,https://ev-database.org/car/1338/Kia-e-Niro-64-kWh,375.0,349.0,171.0,64.0,61.0,7.8,300.0,451.0,1812.0,"Kia e-Niro 64 kWh Discontinued (December 2020 - April 2022) C 5 4 V2 L H G Range 375 km Efficiency 171 Wh/km Weight 1,812 kg 0-100 7.8 sec 1-Stop Range 349 km Battery 64.0 kWh Fastcharge 61 kW Towing 300 kg Cargo Vol. 451 L Price/range €108 /km €42,790 €38,995 £34,995",https://ev-database.org/#group=vehicle-group&rs-pr=10000_100000&rs-er=0_1000&rs-ld=0_1000&rs-ac=2_23&rs-dcfc=0_400&rs-ub=10_200&rs-tw=0_3000&rs-ef=100_350&rs-sa=-1_5&rs-w=1000_3500&rs-c=0_5000&rs-y=2010_2030&s=1&p=2-50
Volkswagen ID.4 Pro (MY24-25) Discontinued (October,https://ev-database.org/car/2028/Volkswagen-ID4-Pro,445.0,490.0,173.0,77.0,120.0,6.7,1000.0,543.0,2144.0,"Volkswagen ID.4 Pro (MY24-25) Discontinued (October 2023 - July 2025) C 5 5 V2 L H G Range* 445 km Efficiency* 173 Wh/km Weight 2,144 kg 0-100 6.7 sec 1-Stop Range 490 km Battery 77.0 kWh Fastcharge 120 kW Towing 1,000 kg Cargo Vol. 543 L Price/range* €108 /km €46,335 €44,990 £46,035",https://ev-database.org/#group=vehicle-group&rs-pr=10000_100000&rs-er=0_1000&rs-ld=0_1000&rs-ac=2_23&rs-dcfc=0_400&rs-ub=10_200&rs-tw=0_3000&rs-ef=100_350&rs-sa=-1_5&rs-w=1000_3500&rs-c=0_5000&rs-y=2010_2030&s=1&p=2-50
Tesla Model S Plaid (MY26) Available,https://ev-database.org/car/3384/Tesla-Model-S-Plaid,565.0,639.0,168.0,95.0,140.0,2.4,,798.0,2272.0,"Tesla Model S Plaid (MY26) Available to order since October 2025 F 5 5 V2 L H G Range* 565 km Efficiency* 168 Wh/km Weight 2,272 kg 0-100 2.4 sec 1-Stop Range 639 km Battery* 95.0 kWh Fastcharge 140 kW Towing unknown Cargo Vol. 798 L Price/range* €214 /km €120,970 €120,990 N/A",https://ev-database.org/#group=vehicle-group&rs-pr=10000_100000&rs-er=0_1000&rs-ld=0_1000&rs-ac=2_23&rs-dcfc=0_400&rs-ub=10_200&rs-tw=0_3000&rs-ef=100_350&rs-sa=-1_5&rs-w=1000_3500&rs-c=0_5000&rs-y=2010_2030&s=1&p=2-50
Tesla Model 3 Premium AWD (Highland),https://ev-database.org/car/3405/Tesla-Model-3-Premium-AWD,555.0,654.0,142.0,79.0,125.0,4.4,1000.0,682.0,1899.0,"Tesla Model 3 Premium AWD (Highland) Available to order since December 2025 D 5 5 V2 L H G Range* 555 km Efficiency* 142 Wh/km Weight 1,899 kg 0-100 4.4 sec 1-Stop Range 654 km Battery* 79.0 kWh Fastcharge 125 kW Towing 1,000 kg Cargo Vol. 682 L Price/range* €96 /km €50,970 €50,990 £49,990",https://ev-database.org/#group=vehicle-group&rs-pr=10000_100000&rs-er=0_1000&rs-ld=0_1000&rs-ac=2_23&rs-dcfc=0_400&rs-ub=10_200&rs-tw=0_3000&rs-ef=100_350&rs-sa=-1_5&rs-w=1000_3500&rs-c=0_5000&rs-y=2010_2030&s=1&p=2-50
Leapmotor B05 56.2 kWh Available to,https://ev-database.org/car/3563/Leapmotor-B05-562-kWh,320.0,374.0,172.0,55.0,105.0,7.5,,345.0,1824.0,"Leapmotor B05 56.2 kWh Available to order since April 2026 C 5 V2 L H G Range* 320 km Efficiency* 172 Wh/km Weight 1,824 kg 0-100 7.5 sec 1-Stop Range 374 km Battery* 55.0 kWh Fastcharge 105 kW Towing unknown Cargo Vol. 345 L Price/range* €84 /km * €26,000 €25,995 * £25,000",https://ev-database.org/#group=vehicle-group&rs-pr=10000_100000&rs-er=0_1000&rs-ld=0_1000&rs-ac=2_23&rs-dcfc=0_400&rs-ub=10_200&rs-tw=0_3000&rs-ef=100_350&rs-sa=-1_5&rs-w=1000_3500&rs-c=0_5000&rs-y=2010_2030&s=1&p=2-50
Kia EV6 Long Range AWD Available,https://ev-database.org/car/3029/Kia-EV6-Long-Range-AWD,440.0,549.0,182.0,80.0,205.0,5.2,1800.0,510.0,2160.0,"Kia EV6 Long Range AWD Available to order since September 2024 C 5 5 V2 L H G Range 440 km Efficiency 182 Wh/km Weight 2,160 kg 0-100 5.2 sec 1-Stop Range 549 km Battery* 80.0 kWh Fastcharge 205 kW Towing 1,800 kg Cargo Vol. 510 L Price/range €128 /km €53,990 €55,495 £52,135",https://ev-database.org/#group=vehicle-group&rs-pr=10000_100000&rs-er=0_1000&rs-ld=0_1000&rs-ac=2_23&rs-dcfc=0_400&rs-ub=10_200&rs-tw=0_3000&rs-ef=100_350&rs-sa=-1_5&rs-w=1000_3500&rs-c=0_5000&rs-y=2010_2030&s=1&p=2-50
Tesla Model Y Long Range RWD,https://ev-database.org/car/2186/Tesla-Model-Y-Long-Range-RWD,455.0,535.0,165.0,75.0,124.0,5.9,1600.0,971.0,1959.0,"Tesla Model Y Long Range RWD Discontinued (February 2024 - February 2025) D 5 5 V2 L H G Range 455 km Efficiency 165 Wh/km Weight 1,959 kg 0-100 5.9 sec 1-Stop Range 535 km Battery* 75.0 kWh Fastcharge 124 kW Towing 1,600 kg Cargo Vol. 971 L Price/range €113 /km €49,970 €49,990 £46,990",https://ev-database.org/#group=vehicle-group&rs-pr=10000_100000&rs-er=0_1000&rs-ld=0_1000&rs-ac=2_23&rs-dcfc=0_400&rs-ub=10_200&rs-tw=0_3000&rs-ef=100_350&rs-sa=-1_5&rs-w=1000_3500&rs-c=0_5000&rs-y=2010_2030&s=1&p=2-50
Mini Cooper SE Discontinued (March 2021,https://ev-database.org/car/1409/Mini-Cooper-SE,180.0,183.0,161.0,28.9,43.0,7.3,0.0,211.0,1440.0,"Mini Cooper SE Discontinued (March 2021 - February 2024) B 4 V2 L H G Range 180 km Efficiency 161 Wh/km Weight 1,440 kg 0-100 7.3 sec 1-Stop Range 183 km Battery 28.9 kWh Fastcharge 43 kW Towing 0 kg Cargo Vol. 211 L Price/range €207 /km €35,700 €38,690 £32,550",https://ev-database.org/#group=vehicle-group&rs-pr=10000_100000&rs-er=0_1000&rs-ld=0_1000&rs-ac=2_23&rs-dcfc=0_400&rs-ub=10_200&rs-tw=0_3000&rs-ef=100_350&rs-sa=-1_5&rs-w=1000_3500&rs-c=0_5000&rs-y=2010_2030&s=1&p=2-50
Kia EV3 Standard Range Available to,https://ev-database.org/car/2211/Kia-EV3-Standard-Range,325.0,341.0,169.0,55.0,80.0,7.5,500.0,485.0,1800.0,"Kia EV3 Standard Range Available to order since July 2024 B 5 5 V2 L H G Range* 325 km Efficiency* 169 Wh/km Weight 1,800 kg 0-100 7.5 sec 1-Stop Range 341 km Battery* 55.0 kWh Fastcharge 80 kW Towing 500 kg Cargo Vol. 485 L Price/range* €112 /km €35,990 €36,995 £31,555",https://ev-database.org/#group=vehicle-group&rs-pr=10000_100000&rs-er=0_1000&rs-ld=0_1000&rs-ac=2_23&rs-dcfc=0_400&rs-ub=10_200&rs-tw=0_3000&rs-ef=100_350&rs-sa=-1_5&rs-w=1000_3500&rs-c=0_5000&rs-y=2010_2030&s=1&p=2-50
Ford Puma Gen-E Available to order,https://ev-database.org/car/3073/Ford-Puma-Gen-E,275.0,312.0,159.0,43.6,85.0,8.0,750.0,566.0,1563.0,"Ford Puma Gen-E Available to order since December 2024 B 5 V2 L H G Range* 275 km Efficiency* 159 Wh/km Weight 1,563 kg 0-100 8.0 sec 1-Stop Range 312 km Battery 43.6 kWh Fastcharge 85 kW Towing 750 kg Cargo Vol. 566 L Price/range* €124 /km €36,900 €35,495 £26,245",https://ev-database.org/#group=vehicle-group&rs-pr=10000_100000&rs-er=0_1000&rs-ld=0_1000&rs-ac=2_23&rs-dcfc=0_400&rs-ub=10_200&rs-tw=0_3000&rs-ef=100_350&rs-sa=-1_5&rs-w=1000_3500&rs-c=0_5000&rs-y=2010_2030&s=1&p=2-50
Škoda Elroq 60 (MY25) Discontinued (October,https://ev-database.org/car/3032/Skoda-Elroq-60,350.0,405.0,169.0,59.0,110.0,8.0,1000.0,470.0,1975.0,"Škoda Elroq 60 (MY25) Discontinued (October 2024 - April 2026) C 5 5 V2 L H G Range* 350 km Efficiency* 169 Wh/km Weight 1,975 kg 0-100 8.0 sec 1-Stop Range 405 km Battery 59.0 kWh Fastcharge 110 kW Towing 1,000 kg Cargo Vol. 470 L Price/range* €109 /km €38,680 €37,990 £32,470",https://ev-database.org/#group=vehicle-group&rs-pr=10000_100000&rs-er=0_1000&rs-ld=0_1000&rs-ac=2_23&rs-dcfc=0_400&rs-ub=10_200&rs-tw=0_3000&rs-ef=100_350&rs-sa=-1_5&rs-w=1000_3500&rs-c=0_5000&rs-y=2010_2030&s=1&p=2-50
Volkswagen ID.7 Pro (MY24-25) Discontinued (August,https://ev-database.org/car/1839/Volkswagen-ID7-Pro,475.0,541.0,162.0,77.0,125.0,6.5,1000.0,532.0,2172.0,"Volkswagen ID.7 Pro (MY24-25) Discontinued (August 2023 - July 2025) E 5 5 V2 L H G Range 475 km Efficiency 162 Wh/km Weight 2,172 kg 0-100 6.5 sec 1-Stop Range 541 km Battery 77.0 kWh Fastcharge 125 kW Towing 1,000 kg Cargo Vol. 532 L Price/range €114 /km €53,995 €48,990 £51,550",https://ev-database.org/#group=vehicle-group&rs-pr=10000_100000&rs-er=0_1000&rs-ld=0_1000&rs-ac=2_23&rs-dcfc=0_400&rs-ub=10_200&rs-tw=0_3000&rs-ef=100_350&rs-sa=-1_5&rs-w=1000_3500&rs-c=0_5000&rs-y=2010_2030&s=1&p=2-50
Volkswagen ID.4 Pro Performance Discontinued (January,https://ev-database.org/car/1314/Volkswagen-ID4-Pro-Performance,410.0,436.0,188.0,77.0,124.0,8.5,1000.0,543.0,2109.0,"Volkswagen ID.4 Pro Performance Discontinued (January 2021 - November 2023) C 5 5 V2 L H G Range 410 km Efficiency 188 Wh/km Weight 2,109 kg 0-100 8.5 sec 1-Stop Range 436 km Battery 77.0 kWh Fastcharge 124 kW Towing 1,000 kg Cargo Vol. 543 L Price/range €124 /km €46,335 €53,690 £46,035",https://ev-database.org/#group=vehicle-group&rs-pr=10000_100000&rs-er=0_1000&rs-ld=0_1000&rs-ac=2_23&rs-dcfc=0_400&rs-ub=10_200&rs-tw=0_3000&rs-ef=100_350&rs-sa=-1_5&rs-w=1000_3500&rs-c=0_5000&rs-y=2010_2030&s=1&p=2-50
Škoda Enyaq 85 (MY25) Discontinued (January,https://ev-database.org/car/3097/Skoda-Enyaq-85,455.0,477.0,169.0,77.0,120.0,6.7,1000.0,585.0,2141.0,"Škoda Enyaq 85 (MY25) Discontinued (January 2025 - April 2026) C 5 5 V2 L H G Range* 455 km Efficiency* 169 Wh/km Weight 2,141 kg 0-100 6.7 sec 1-Stop Range 477 km Battery 77.0 kWh Fastcharge 120 kW Towing 1,000 kg Cargo Vol. 585 L Price/range* €104 /km €48,900 €45,990 £40,560",https://ev-database.org/#group=vehicle-group&rs-pr=10000_100000&rs-er=0_1000&rs-ld=0_1000&rs-ac=2_23&rs-dcfc=0_400&rs-ub=10_200&rs-tw=0_3000&rs-ef=100_350&rs-sa=-1_5&rs-w=1000_3500&rs-c=0_5000&rs-y=2010_2030&s=1&p=2-50
BYD SEAL U 87 kWh Design,https://ev-database.org/car/2067/BYD-SEAL-U-87-kWh-Design,425.0,418.0,205.0,87.0,85.0,9.6,1300.0,552.0,2222.0,"BYD SEAL U 87 kWh Design Available to order since April 2024 D 5 5 V2 L H G Range 425 km Efficiency 205 Wh/km Weight 2,222 kg 0-100 9.6 sec 1-Stop Range 418 km Battery 87.0 kWh Fastcharge 85 kW Towing 1,300 kg Cargo Vol. 552 L Price/range €107 /km €44,990 €45,990 N/A",https://ev-database.org/#group=vehicle-group&rs-pr=10000_100000&rs-er=0_1000&rs-ld=0_1000&rs-ac=2_23&rs-dcfc=0_400&rs-ub=10_200&rs-tw=0_3000&rs-ef=100_350&rs-sa=-1_5&rs-w=1000_3500&rs-c=0_5000&rs-y=2010_2030&s=1&p=2-50
Mercedes-Benz CLA Shooting Brake 250+ Available,https://ev-database.org/car/3396/Mercedes-Benz-CLA-Shooting-Brake-250plus,565.0,738.0,150.0,85.0,235.0,6.8,1500.0,556.0,2075.0,"Mercedes-Benz CLA Shooting Brake 250+ Available to order since November 2025 D 5 V2 L H G Range* 565 km Efficiency* 150 Wh/km Weight 2,075 kg 0-100 6.8 sec 1-Stop Range 738 km Battery 85.0 kWh Fastcharge 235 kW Towing 1,500 kg Cargo Vol. 556 L Price/range* €99 /km €57,096 €54,986 £47,750",https://ev-database.org/#group=vehicle-group&rs-pr=10000_100000&rs-er=0_1000&rs-ld=0_1000&rs-ac=2_23&rs-dcfc=0_400&rs-ub=10_200&rs-tw=0_3000&rs-ef=100_350&rs-sa=-1_5&rs-w=1000_3500&rs-c=0_5000&rs-y=2010_2030&s=1&p=2-50
BMW i3 120 Ah Discontinued (October,https://ev-database.org/car/1145/BMW-i3-120-Ah,235.0,222.0,161.0,37.9,46.0,7.3,0.0,260.0,1345.0,"BMW i3 120 Ah Discontinued (October 2018 - July 2022) B 4 V2 L H G Range 235 km Efficiency 161 Wh/km Weight 1,345 kg 0-100 7.3 sec 1-Stop Range 222 km Battery 37.9 kWh Fastcharge 46 kW Towing 0 kg Cargo Vol. 260 L Price/range €167 /km €39,000 €39,939 £33,805",https://ev-database.org/#group=vehicle-group&rs-pr=10000_100000&rs-er=0_1000&rs-ld=0_1000&rs-ac=2_23&rs-dcfc=0_400&rs-ub=10_200&rs-tw=0_3000&rs-ef=100_350&rs-sa=-1_5&rs-w=1000_3500&rs-c=0_5000&rs-y=2010_2030&s=1&p=2-50
Kia EV2 42.2 kWh (MY27) Available,https://ev-database.org/car/3490/Kia-EV2-422-kWh,240.0,267.0,171.0,41.0,60.0,8.5,750.0,377.0,1620.0,"Kia EV2 42.2 kWh (MY27) Available to order since March 2026 B 5 V2 L H G Range* 240 km Efficiency* 171 Wh/km Weight 1,620 kg 0-100 8.5 sec 1-Stop Range 267 km Battery* 41.0 kWh Fastcharge 60 kW Towing 750 kg Cargo Vol. 377 L Price/range* €118 /km €26,600 €27,595 £26,995",https://ev-database.org/#group=vehicle-group&rs-pr=10000_100000&rs-er=0_1000&rs-ld=0_1000&rs-ac=2_23&rs-dcfc=0_400&rs-ub=10_200&rs-tw=0_3000&rs-ef=100_350&rs-sa=-1_5&rs-w=1000_3500&rs-c=0_5000&rs-y=2010_2030&s=1&p=2-50
XPENG P7+ RWD Long Range (MY26),https://ev-database.org/car/3432/XPENG-P7plus-RWD-Long-Range,445.0,588.0,164.0,73.0,260.0,6.2,1500.0,573.0,2175.0,"XPENG P7+ RWD Long Range (MY26) Available to order since January 2026 E 5 V2 L H G Range* 445 km Efficiency* 164 Wh/km Weight 2,175 kg 0-100 6.2 sec 1-Stop Range 588 km Battery* 73.0 kWh Fastcharge 260 kW Towing 1,500 kg Cargo Vol. 573 L Price/range* €111 /km €49,600 €48,990 N/A",https://ev-database.org/#group=vehicle-group&rs-pr=10000_100000&rs-er=0_1000&rs-ld=0_1000&rs-ac=2_23&rs-dcfc=0_400&rs-ub=10_200&rs-tw=0_3000&rs-ef=100_350&rs-sa=-1_5&rs-w=1000_3500&rs-c=0_5000&rs-y=2010_2030&s=1&p=2-50
Citroën ë-C3 Aircross Extended Range 54,https://ev-database.org/car/3228/Citroen-e-C3-Aircross-Extended-Range-54-kWh,290.0,298.0,184.0,53.5,70.0,13.0,550.0,460.0,1607.0,"Citroën ë-C3 Aircross Extended Range 54 kWh Available to order since July 2025 B 5 V2 L H G Range* 290 km Efficiency* 184 Wh/km Weight 1,607 kg 0-100 13.0 sec 1-Stop Range 298 km Battery* 53.5 kWh Fastcharge 70 kW Towing 550 kg Cargo Vol. 460 L Price/range* €103 /km €30,690 €32,150 £23,495",https://ev-database.org/#group=vehicle-group&rs-pr=10000_100000&rs-er=0_1000&rs-ld=0_1000&rs-ac=2_23&rs-dcfc=0_400&rs-ub=10_200&rs-tw=0_3000&rs-ef=100_350&rs-sa=-1_5&rs-w=1000_3500&rs-c=0_5000&rs-y=2010_2030&s=1&p=2-50
Peugeot e-2008 54 kWh (MY24) Available,https://ev-database.org/car/1947/Peugeot-e-2008-54-kWh,300.0,327.0,169.0,50.8,79.0,9.1,0.0,434.0,1623.0,"Peugeot e-2008 54 kWh (MY24) Available to order since July 2023 B 5 V2 L H G Range* 300 km Efficiency* 169 Wh/km Weight 1,623 kg 0-100 9.1 sec 1-Stop Range 327 km Battery 50.8 kWh Fastcharge 79 kW Towing 0 kg Cargo Vol. 434 L Price/range* €129 /km €40,550 €36,700 £33,900",https://ev-database.org/#group=vehicle-group&rs-pr=10000_100000&rs-er=0_1000&rs-ld=0_1000&rs-ac=2_23&rs-dcfc=0_400&rs-ub=10_200&rs-tw=0_3000&rs-ef=100_350&rs-sa=-1_5&rs-w=1000_3500&rs-c=0_5000&rs-y=2010_2030&s=1&p=2-50
BMW iX xDrive50 Discontinued (November 2021,https://ev-database.org/car/1473/BMW-iX-xDrive50,505.0,533.0,208.0,105.2,139.0,4.6,2500.0,500.0,2585.0,"BMW iX xDrive50 Discontinued (November 2021 - January 2025) E 5 5 V2 L H G Range* 505 km Efficiency* 208 Wh/km Weight 2,585 kg 0-100 4.6 sec 1-Stop Range 533 km Battery 105.2 kWh Fastcharge 139 kW Towing 2,500 kg Cargo Vol. 500 L Price/range* €213 /km €100,100 €105,097 £102,755",https://ev-database.org/#group=vehicle-group&rs-pr=10000_100000&rs-er=0_1000&rs-ld=0_1000&rs-ac=2_23&rs-dcfc=0_400&rs-ub=10_200&rs-tw=0_3000&rs-ef=100_350&rs-sa=-1_5&rs-w=1000_3500&rs-c=0_5000&rs-y=2010_2030&s=1&p=2-50
BYD DOLPHIN 60.4 kWh (MY24) Discontinued,https://ev-database.org/car/1919/BYD-DOLPHIN-604-kWh,350.0,338.0,173.0,60.5,65.0,7.0,0.0,345.0,1733.0,"BYD DOLPHIN 60.4 kWh (MY24) Discontinued (July 2023 - August 2025) C 5 5 V2 L H G Range 350 km Efficiency 173 Wh/km Weight 1,733 kg 0-100 7.0 sec 1-Stop Range 338 km Battery 60.5 kWh Fastcharge 65 kW Towing 0 kg Cargo Vol. 345 L Price/range €100 /km €32,990 €36,990 £30,195",https://ev-database.org/#group=vehicle-group&rs-pr=10000_100000&rs-er=0_1000&rs-ld=0_1000&rs-ac=2_23&rs-dcfc=0_400&rs-ub=10_200&rs-tw=0_3000&rs-ef=100_350&rs-sa=-1_5&rs-w=1000_3500&rs-c=0_5000&rs-y=2010_2030&s=1&p=2-50
Hyundai Kona Electric 64 kWh (MY20-21),https://ev-database.org/car/1204/Hyundai-Kona-Electric-64-kWh,390.0,363.0,164.0,64.0,61.0,7.9,0.0,361.0,1760.0,"Hyundai Kona Electric 64 kWh (MY20-21) Discontinued (November 2019 - October 2021) B 5 V2 L H G Range 390 km Efficiency 164 Wh/km Weight 1,760 kg 0-100 7.9 sec 1-Stop Range 363 km Battery 64.0 kWh Fastcharge 61 kW Towing 0 kg Cargo Vol. 361 L Price/range €110 /km €41,850 €41,595 £39,150",https://ev-database.org/#group=vehicle-group&rs-pr=10000_100000&rs-er=0_1000&rs-ld=0_1000&rs-ac=2_23&rs-dcfc=0_400&rs-ub=10_200&rs-tw=0_3000&rs-ef=100_350&rs-sa=-1_5&rs-w=1000_3500&rs-c=0_5000&rs-y=2010_2030&s=1&p=2-50
Mercedes-Benz CLA 350 4MATIC Available to,https://ev-database.org/car/3140/Mercedes-Benz-CLA-350-4MATIC,575.0,729.0,148.0,85.0,208.0,4.9,1800.0,506.0,2135.0,"Mercedes-Benz CLA 350 4MATIC Available to order since May 2025 D 5 V2 L H G Range 575 km Efficiency 148 Wh/km Weight 2,135 kg 0-100 4.9 sec 1-Stop Range 729 km Battery 85.0 kWh Fastcharge 208 kW Towing 1,800 kg Cargo Vol. 506 L Price/range €107 /km €60,285 €64,565 £51,800",https://ev-database.org/#group=vehicle-group&rs-pr=10000_100000&rs-er=0_1000&rs-ld=0_1000&rs-ac=2_23&rs-dcfc=0_400&rs-ub=10_200&rs-tw=0_3000&rs-ef=100_350&rs-sa=-1_5&rs-w=1000_3500&rs-c=0_5000&rs-y=2010_2030&s=1&p=2-50
Mini Countryman E (MY24-25) Discontinued (February,https://ev-database.org/car/1994/Mini-Countryman-E,385.0,407.0,168.0,64.7,86.0,8.6,750.0,460.0,1940.0,"Mini Countryman E (MY24-25) Discontinued (February 2024 - January 2026) C 5 5 V2 L H G Range* 385 km Efficiency* 168 Wh/km Weight 1,940 kg 0-100 8.6 sec 1-Stop Range 407 km Battery 64.7 kWh Fastcharge 86 kW Towing 750 kg Cargo Vol. 460 L Price/range* €104 /km €43,500 €43,490 £29,255",https://ev-database.org/#group=vehicle-group&rs-pr=10000_100000&rs-er=0_1000&rs-ld=0_1000&rs-ac=2_23&rs-dcfc=0_400&rs-ub=10_200&rs-tw=0_3000&rs-ef=100_350&rs-sa=-1_5&rs-w=1000_3500&rs-c=0_5000&rs-y=2010_2030&s=1&p=2-50
BYD DOLPHIN 60.4 kWh (MY25) Available,https://ev-database.org/car/3297/BYD-DOLPHIN-604-kWh,350.0,354.0,173.0,60.5,75.0,7.0,0.0,345.0,1733.0,"BYD DOLPHIN 60.4 kWh (MY25) Available to order since July 2025 C 5 5 V2 L H G Range* 350 km Efficiency* 173 Wh/km Weight 1,733 kg 0-100 7.0 sec 1-Stop Range 354 km Battery 60.5 kWh Fastcharge 75 kW Towing 0 kg Cargo Vol. 345 L Price/range* €101 /km €34,640 €37,190 £30,205",https://ev-database.org/#group=vehicle-group&rs-pr=10000_100000&rs-er=0_1000&rs-ld=0_1000&rs-ac=2_23&rs-dcfc=0_400&rs-ub=10_200&rs-tw=0_3000&rs-ef=100_350&rs-sa=-1_5&rs-w=1000_3500&rs-c=0_5000&rs-y=2010_2030&s=1&p=2-50
Tesla Model Y Long Range AWD,https://ev-database.org/car/1182/Tesla-Model-Y-Long-Range-AWD,425.0,484.0,169.0,72.0,108.0,5.0,1600.0,971.0,2056.0,"Tesla Model Y Long Range AWD Discontinued (August 2021 - January 2022) D 5 5 V2 L H G Range 425 km Efficiency 169 Wh/km Weight 2,056 kg 0-100 5.0 sec 1-Stop Range 484 km Battery* 72.0 kWh Fastcharge 108 kW Towing 1,600 kg Cargo Vol. 971 L Price/range €147 /km €59,965 €65,010 N/A",https://ev-database.org/#group=vehicle-group&rs-pr=10000_100000&rs-er=0_1000&rs-ld=0_1000&rs-ac=2_23&rs-dcfc=0_400&rs-ub=10_200&rs-tw=0_3000&rs-ef=100_350&rs-sa=-1_5&rs-w=1000_3500&rs-c=0_5000&rs-y=2010_2030&s=1&p=2-50
BYD ATTO 3 Evo AWD Excellence,https://ev-database.org/car/3475/BYD-ATTO-3-Evo-AWD-Excellence,395.0,448.0,189.0,74.8,130.0,3.9,1500.0,591.0,2065.0,"BYD ATTO 3 Evo AWD Excellence (MY26) Available to order since April 2026 C 5 V2 L H G Range* 395 km Efficiency* 189 Wh/km Weight 2,065 kg 0-100 3.9 sec 1-Stop Range 448 km Battery 74.8 kWh Fastcharge 130 kW Towing 1,500 kg Cargo Vol. 591 L Price/range* €121 /km €50,990 €42,990 £42,730",https://ev-database.org/#group=vehicle-group&rs-pr=10000_100000&rs-er=0_1000&rs-ld=0_1000&rs-ac=2_23&rs-dcfc=0_400&rs-ub=10_200&rs-tw=0_3000&rs-ef=100_350&rs-sa=-1_5&rs-w=1000_3500&rs-c=0_5000&rs-y=2010_2030&s=1&p=2-50
Kia EV2 61 kWh (MY27) Available,https://ev-database.org/car/3491/Kia-EV2-61-kWh,340.0,360.0,171.0,58.0,85.0,9.5,750.0,377.0,1625.0,"Kia EV2 61 kWh (MY27) Available to order since March 2026 B 5 V2 L H G Range* 340 km Efficiency* 171 Wh/km Weight 1,625 kg 0-100 9.5 sec 1-Stop Range 360 km Battery* 58.0 kWh Fastcharge 85 kW Towing 750 kg Cargo Vol. 377 L Price/range* €97 /km €33,490 €33,595 £27,995",https://ev-database.org/#group=vehicle-group&rs-pr=10000_100000&rs-er=0_1000&rs-ld=0_1000&rs-ac=2_23&rs-dcfc=0_400&rs-ub=10_200&rs-tw=0_3000&rs-ef=100_350&rs-sa=-1_5&rs-w=1000_3500&rs-c=0_5000&rs-y=2010_2030&s=1&p=2-50
Nissan LEAF 40 kWh (MY18-22) Discontinued,https://ev-database.org/car/1106/Nissan-LEAF-40-kWh,235.0,218.0,166.0,39.0,40.0,7.9,0.0,435.0,1580.0,"Nissan LEAF 40 kWh (MY18-22) Discontinued (February 2018 - April 2022) C 5 5 V2 L H G Range 235 km Efficiency 166 Wh/km Weight 1,580 kg 0-100 7.9 sec 1-Stop Range 218 km Battery 39.0 kWh Fastcharge 40 kW Towing 0 kg Cargo Vol. 435 L Price/range €136 /km €29,990 €33,340 £28,290",https://ev-database.org/#group=vehicle-group&rs-pr=10000_100000&rs-er=0_1000&rs-ld=0_1000&rs-ac=2_23&rs-dcfc=0_400&rs-ub=10_200&rs-tw=0_3000&rs-ef=100_350&rs-sa=-1_5&rs-w=1000_3500&rs-c=0_5000&rs-y=2010_2030&s=1&p=2-50
Hyundai IONIQ 3 42.2 kWh (MY27),https://ev-database.org/car/3554/Hyundai-IONIQ-3-422-kWh,265.0,293.0,155.0,41.0,60.0,9.0,,441.0,1550.0,"Hyundai IONIQ 3 42.2 kWh (MY27) Available to order from July 2026* B 5 V2 L H G Range* 265 km Efficiency* 155 Wh/km Weight 1,550 kg 0-100 9.0 sec 1-Stop Range 293 km Battery* 41.0 kWh Fastcharge 60 kW Towing unknown Cargo Vol. 441 L Price/range* €105 /km * €27,000 * €28,000 * £25,000",https://ev-database.org/#group=vehicle-group&rs-pr=10000_100000&rs-er=0_1000&rs-ld=0_1000&rs-ac=2_23&rs-dcfc=0_400&rs-ub=10_200&rs-tw=0_3000&rs-ef=100_350&rs-sa=-1_5&rs-w=1000_3500&rs-c=0_5000&rs-y=2010_2030&s=1&p=2-50
CUPRA Raval 155 kW - 52,https://ev-database.org/car/3509/CUPRA-Raval-155-kW---52-kWh,330.0,361.0,158.0,52.0,95.0,7.1,1200.0,441.0,1610.0,"CUPRA Raval 155 kW - 52 kWh Available to order since April 2026 B 5 V2 L H G Range* 330 km Efficiency* 158 Wh/km Weight 1,610 kg 0-100 7.1 sec 1-Stop Range 361 km Battery 52.0 kWh Fastcharge 95 kW Towing 1,200 kg Cargo Vol. 441 L Price/range* €106 /km €37,250 €32,990 * £29,995",https://ev-database.org/#group=vehicle-group&rs-pr=10000_100000&rs-er=0_1000&rs-ld=0_1000&rs-ac=2_23&rs-dcfc=0_400&rs-ub=10_200&rs-tw=0_3000&rs-ef=100_350&rs-sa=-1_5&rs-w=1000_3500&rs-c=0_5000&rs-y=2010_2030&s=1&p=2-50
Peugeot e-3008 73 kWh Available to,https://ev-database.org/car/2003/Peugeot-e-3008-73-kWh,380.0,397.0,192.0,73.0,90.0,8.8,1250.0,588.0,2183.0,"Peugeot e-3008 73 kWh Available to order since November 2023 C 5 4 V2 L H G Range* 380 km Efficiency* 192 Wh/km Weight 2,183 kg 0-100 8.8 sec 1-Stop Range 397 km Battery 73.0 kWh Fastcharge 90 kW Towing 1,250 kg Cargo Vol. 588 L Price/range* €129 /km €48,750 €45,015 £45,960",https://ev-database.org/#group=vehicle-group&rs-pr=10000_100000&rs-er=0_1000&rs-ld=0_1000&rs-ac=2_23&rs-dcfc=0_400&rs-ub=10_200&rs-tw=0_3000&rs-ef=100_350&rs-sa=-1_5&rs-w=1000_3500&rs-c=0_5000&rs-y=2010_2030&s=1&p=2-50
Opel Frontera Electric 54 kWh Available,https://ev-database.org/car/3229/Opel-Frontera-Electric-54-kWh,290.0,298.0,184.0,53.5,70.0,13.0,550.0,460.0,1610.0,"Opel Frontera Electric 54 kWh Available to order since July 2025 B 5 V2 L H G Range* 290 km Efficiency* 184 Wh/km Weight 1,610 kg 0-100 13.0 sec 1-Stop Range 298 km Battery* 53.5 kWh Fastcharge 70 kW Towing 550 kg Cargo Vol. 460 L Price/range* €108 /km €31,190 €32,499 £25,995",https://ev-database.org/#group=vehicle-group&rs-pr=10000_100000&rs-er=0_1000&rs-ld=0_1000&rs-ac=2_23&rs-dcfc=0_400&rs-ub=10_200&rs-tw=0_3000&rs-ef=100_350&rs-sa=-1_5&rs-w=1000_3500&rs-c=0_5000&rs-y=2010_2030&s=1&p=2-50
BMW iX xDrive45 Available to order,https://ev-database.org/car/3109/BMW-iX-xDrive45,470.0,490.0,202.0,94.8,115.0,5.1,2500.0,500.0,2525.0,"BMW iX xDrive45 Available to order since January 2025 E 5 V2 L H G Range* 470 km Efficiency* 202 Wh/km Weight 2,525 kg 0-100 5.1 sec 1-Stop Range 490 km Battery 94.8 kWh Fastcharge 115 kW Towing 2,500 kg Cargo Vol. 500 L Price/range* €182 /km €83,500 €86,403 £75,305",https://ev-database.org/#group=vehicle-group&rs-pr=10000_100000&rs-er=0_1000&rs-ld=0_1000&rs-ac=2_23&rs-dcfc=0_400&rs-ub=10_200&rs-tw=0_3000&rs-ef=100_350&rs-sa=-1_5&rs-w=1000_3500&rs-c=0_5000&rs-y=2010_2030&s=1&p=2-50
BMW iX3 40 (MY26) Available to,https://ev-database.org/car/3505/BMW-iX3-40,495.0,599.0,167.0,82.6,170.0,5.9,1500.0,578.0,2200.0,"BMW iX3 40 (MY26) Available to order from June 2026* D 5 V2 L H G Range* 495 km Efficiency* 167 Wh/km Weight 2,200 kg 0-100 5.9 sec 1-Stop Range 599 km Battery 82.6 kWh Fastcharge 170 kW Towing 1,500 kg Cargo Vol. 578 L Price/range* €126 /km €63,400 €62,591 £53,250",https://ev-database.org/#group=vehicle-group&rs-pr=10000_100000&rs-er=0_1000&rs-ld=0_1000&rs-ac=2_23&rs-dcfc=0_400&rs-ub=10_200&rs-tw=0_3000&rs-ef=100_350&rs-sa=-1_5&rs-w=1000_3500&rs-c=0_5000&rs-y=2010_2030&s=1&p=2-50
Hongqi E-HS9 99 kWh Available to,https://ev-database.org/car/1747/Hongqi-E-HS9-99-kWh,370.0,367.0,243.0,90.0,112.0,4.9,1500.0,438.0,2705.0,"Hongqi E-HS9 99 kWh Available to order since December 2022 F 5 5 V2 L H G Range 370 km Efficiency 243 Wh/km Weight 2,705 kg 0-100 4.9 sec 1-Stop Range 367 km Battery 90.0 kWh Fastcharge 112 kW Towing 1,500 kg Cargo Vol. 438 L Price/range €216 /km N/A €79,995 N/A",https://ev-database.org/#group=vehicle-group&rs-pr=10000_100000&rs-er=0_1000&rs-ld=0_1000&rs-ac=2_23&rs-dcfc=0_400&rs-ub=10_200&rs-tw=0_3000&rs-ef=100_350&rs-sa=-1_5&rs-w=1000_3500&rs-c=0_5000&rs-y=2010_2030&s=1&p=2-50
Mercedes-Benz EQA 250 Available to order,https://ev-database.org/car/1984/Mercedes-Benz-EQA-250,395.0,405.0,168.0,66.5,,8.6,1500.0,340.0,2045.0,"Mercedes-Benz EQA 250 Available to order since October 2023 C 5 V2 L H G Range* 395 km Efficiency* 168 Wh/km Weight 2,045 kg 0-100 8.6 sec 1-Stop Range 405 km Battery 66.5 kWh Fastcharge* 100 kW Towing 1,500 kg Cargo Vol. 340 L Price/range* €129 /km €50,777 N/A N/A",https://ev-database.org/#group=vehicle-group&rs-pr=10000_100000&rs-er=0_1000&rs-ld=0_1000&rs-ac=2_23&rs-dcfc=0_400&rs-ub=10_200&rs-tw=0_3000&rs-ef=100_350&rs-sa=-1_5&rs-w=1000_3500&rs-c=0_5000&rs-y=2010_2030&s=1&p=2-50
Mercedes-Benz CLA 200 Available to order,https://ev-database.org/car/3370/Mercedes-Benz-CLA-200,400.0,493.0,145.0,58.0,125.0,7.5,1500.0,506.0,2045.0,"Mercedes-Benz CLA 200 Available to order since October 2025 D 5 V2 L H G Range* 400 km Efficiency* 145 Wh/km Weight 2,045 kg 0-100 7.5 sec 1-Stop Range 493 km Battery 58.0 kWh Fastcharge 125 kW Towing 1,500 kg Cargo Vol. 506 L Price/range* €122 /km €49,421 €48,109 N/A",https://ev-database.org/#group=vehicle-group&rs-pr=10000_100000&rs-er=0_1000&rs-ld=0_1000&rs-ac=2_23&rs-dcfc=0_400&rs-ub=10_200&rs-tw=0_3000&rs-ef=100_350&rs-sa=-1_5&rs-w=1000_3500&rs-c=0_5000&rs-y=2010_2030&s=1&p=2-50
Škoda Elroq 85 (MY27) Available to,https://ev-database.org/car/3566/Skoda-Elroq-85,450.0,486.0,171.0,77.0,115.0,6.6,1800.0,491.0,2131.0,"Škoda Elroq 85 (MY27) Available to order since April 2026 C 5 5 V2 L H G Range* 450 km Efficiency* 171 Wh/km Weight 2,131 kg 0-100 6.6 sec 1-Stop Range 486 km Battery 77.0 kWh Fastcharge 115 kW Towing 1,800 kg Cargo Vol. 491 L Price/range* €98 /km €46,390 €44,490 £35,560",https://ev-database.org/#group=vehicle-group&rs-pr=10000_100000&rs-er=0_1000&rs-ld=0_1000&rs-ac=2_23&rs-dcfc=0_400&rs-ub=10_200&rs-tw=0_3000&rs-ef=100_350&rs-sa=-1_5&rs-w=1000_3500&rs-c=0_5000&rs-y=2010_2030&s=1&p=2-50
Porsche Cayenne Electric (MY26) Available to,https://ev-database.org/car/3398/Porsche-Cayenne-Electric,520.0,668.0,208.0,108.0,290.0,4.8,3000.0,871.0,2600.0,"Porsche Cayenne Electric (MY26) Available to order since November 2025 E 5 V2 L H G Range* 520 km Efficiency* 208 Wh/km Weight 2,600 kg 0-100 4.8 sec 1-Stop Range 668 km Battery* 108.0 kWh Fastcharge 290 kW Towing 3,000 kg Cargo Vol. 871 L Price/range* €199 /km €105,200 €110,143 £83,200",https://ev-database.org/#group=vehicle-group&rs-pr=10000_100000&rs-er=0_1000&rs-ld=0_1000&rs-ac=2_23&rs-dcfc=0_400&rs-ub=10_200&rs-tw=0_3000&rs-ef=100_350&rs-sa=-1_5&rs-w=1000_3500&rs-c=0_5000&rs-y=2010_2030&s=1&p=2-50
Rolls-Royce Spectre Available to order since,https://ev-database.org/car/1765/Rolls-Royce-Spectre,465.0,494.0,219.0,102.0,126.0,4.5,,380.0,2965.0,"Rolls-Royce Spectre Available to order since October 2023 F 4 V2 L H G Range* 465 km Efficiency* 219 Wh/km Weight 2,965 kg 0-100 4.5 sec 1-Stop Range 494 km Battery 102.0 kWh Fastcharge 126 kW Towing unknown Cargo Vol. 380 L Price/range* €828 /km €379,015 €396,275 £330,000",https://ev-database.org/#group=vehicle-group&rs-pr=10000_100000&rs-er=0_1000&rs-ld=0_1000&rs-ac=2_23&rs-dcfc=0_400&rs-ub=10_200&rs-tw=0_3000&rs-ef=100_350&rs-sa=-1_5&rs-w=1000_3500&rs-c=0_5000&rs-y=2010_2030&s=1&p=2-50
Mercedes-Benz G 580 Available to order,https://ev-database.org/car/2192/Mercedes-Benz-G-580,395.0,394.0,294.0,116.0,150.0,4.7,0.0,555.0,3085.0,"Mercedes-Benz G 580 Available to order since April 2024 F 5 V2 L H G Range 395 km Efficiency 294 Wh/km Weight 3,085 kg 0-100 4.7 sec 1-Stop Range 394 km Battery 116.0 kWh Fastcharge 150 kW Towing 0 kg Cargo Vol. 555 L Price/range €465 /km €142,622 €200,303 £180,860",https://ev-database.org/#group=vehicle-group&rs-pr=10000_100000&rs-er=0_1000&rs-ld=0_1000&rs-ac=2_23&rs-dcfc=0_400&rs-ub=10_200&rs-tw=0_3000&rs-ef=100_350&rs-sa=-1_5&rs-w=1000_3500&rs-c=0_5000&rs-y=2010_2030&s=1&p=2-50
Kia EV6 Long Range 2WD Discontinued,https://ev-database.org/car/1481/Kia-EV6-Long-Range-2WD,410.0,508.0,180.0,74.0,196.0,7.3,1600.0,532.0,1985.0,"Kia EV6 Long Range 2WD Discontinued (October 2021 - November 2024) C 5 5 V2 L H G Range* 410 km Efficiency* 180 Wh/km Weight 1,985 kg 0-100 7.3 sec 1-Stop Range 508 km Battery* 74.0 kWh Fastcharge 196 kW Towing 1,600 kg Cargo Vol. 532 L Price/range* €126 /km €51,990 €50,995 £45,245",https://ev-database.org/#group=vehicle-group&rs-pr=10000_100000&rs-er=0_1000&rs-ld=0_1000&rs-ac=2_23&rs-dcfc=0_400&rs-ub=10_200&rs-tw=0_3000&rs-ef=100_350&rs-sa=-1_5&rs-w=1000_3500&rs-c=0_5000&rs-y=2010_2030&s=1&p=2-50
Lynk&Co 02 (MY25) Available to order,https://ev-database.org/car/3045/LynkCo-02,355.0,383.0,175.0,62.0,90.0,5.5,1600.0,425.0,1820.0,"Lynk&Co 02 (MY25) Available to order since November 2024 C 5 5 V2 L H G Range* 355 km Efficiency* 175 Wh/km Weight 1,820 kg 0-100 5.5 sec 1-Stop Range 383 km Battery 62.0 kWh Fastcharge 90 kW Towing 1,600 kg Cargo Vol. 425 L Price/range* €99 /km €35,995 €33,995 N/A",https://ev-database.org/#group=vehicle-group&rs-pr=10000_100000&rs-er=0_1000&rs-ld=0_1000&rs-ac=2_23&rs-dcfc=0_400&rs-ub=10_200&rs-tw=0_3000&rs-ef=100_350&rs-sa=-1_5&rs-w=1000_3500&rs-c=0_5000&rs-y=2010_2030&s=1&p=2-50
MG MG4 Premium Long Range (MY26),https://ev-database.org/car/3467/MG-MG4-Premium-Long-Range,360.0,406.0,171.0,61.7,110.0,7.5,500.0,388.0,1840.0,"MG MG4 Premium Long Range (MY26) Available to order since February 2026 C 5 V2 L H G Range* 360 km Efficiency* 171 Wh/km Weight 1,840 kg 0-100 7.5 sec 1-Stop Range 406 km Battery 61.7 kWh Fastcharge 110 kW Towing 500 kg Cargo Vol. 388 L Price/range* €105 /km €42,990 €35,950 £29,995",https://ev-database.org/#group=vehicle-group&rs-pr=10000_100000&rs-er=0_1000&rs-ld=0_1000&rs-ac=2_23&rs-dcfc=0_400&rs-ub=10_200&rs-tw=0_3000&rs-ef=100_350&rs-sa=-1_5&rs-w=1000_3500&rs-c=0_5000&rs-y=2010_2030&s=1&p=2-50
MG MG5 Electric Long Range Discontinued,https://ev-database.org/car/1474/MG-MG5-Electric-Long-Range,335.0,325.0,171.0,57.4,60.0,7.7,500.0,479.0,1637.0,"MG MG5 Electric Long Range Discontinued (March 2022 - July 2025) C 5 V2 L H G Range 335 km Efficiency 171 Wh/km Weight 1,637 kg 0-100 7.7 sec 1-Stop Range 325 km Battery 57.4 kWh Fastcharge 60 kW Towing 500 kg Cargo Vol. 479 L Price/range €113 /km €38,490 €39,650 £30,995",https://ev-database.org/#group=vehicle-group&rs-pr=10000_100000&rs-er=0_1000&rs-ld=0_1000&rs-ac=2_23&rs-dcfc=0_400&rs-ub=10_200&rs-tw=0_3000&rs-ef=100_350&rs-sa=-1_5&rs-w=1000_3500&rs-c=0_5000&rs-y=2010_2030&s=1&p=2-50
XPENG G6 AWD Performance (MY25) Available,https://ev-database.org/car/3276/XPENG-G6-AWD-Performance,425.0,548.0,188.0,80.0,290.0,4.1,1500.0,571.0,2295.0,"XPENG G6 AWD Performance (MY25) Available to order since August 2025 D 5 5 V2 L H G Range* 425 km Efficiency* 188 Wh/km Weight 2,295 kg 0-100 4.1 sec 1-Stop Range 548 km Battery 80.0 kWh Fastcharge 290 kW Towing 1,500 kg Cargo Vol. 571 L Price/range* €128 /km €51,600 €53,990 £49,990",https://ev-database.org/#group=vehicle-group&rs-pr=10000_100000&rs-er=0_1000&rs-ld=0_1000&rs-ac=2_23&rs-dcfc=0_400&rs-ub=10_200&rs-tw=0_3000&rs-ef=100_350&rs-sa=-1_5&rs-w=1000_3500&rs-c=0_5000&rs-y=2010_2030&s=1&p=2-50
Hyundai IONIQ 6 63 kWh RWD,https://ev-database.org/car/3438/Hyundai-IONIQ-6-63-kWh-RWD,420.0,526.0,143.0,60.0,150.0,8.3,750.0,446.0,1892.0,"Hyundai IONIQ 6 63 kWh RWD (MY26) Available to order since January 2026 D 5 V2 L H G Range* 420 km Efficiency* 143 Wh/km Weight 1,892 kg 0-100 8.3 sec 1-Stop Range 526 km Battery* 60.0 kWh Fastcharge 150 kW Towing 750 kg Cargo Vol. 446 L Price/range* €108 /km €45,550 N/A N/A",https://ev-database.org/#group=vehicle-group&rs-pr=10000_100000&rs-er=0_1000&rs-ld=0_1000&rs-ac=2_23&rs-dcfc=0_400&rs-ub=10_200&rs-tw=0_3000&rs-ef=100_350&rs-sa=-1_5&rs-w=1000_3500&rs-c=0_5000&rs-y=2010_2030&s=1&p=2-50
Škoda Elroq 60 (MY27) Available to,https://ev-database.org/car/3565/Skoda-Elroq-60,345.0,361.0,168.0,58.0,90.0,8.5,1000.0,491.0,2032.0,"Škoda Elroq 60 (MY27) Available to order since April 2026 C 5 5 V2 L H G Range* 345 km Efficiency* 168 Wh/km Weight 2,032 kg 0-100 8.5 sec 1-Stop Range 361 km Battery 58.0 kWh Fastcharge 90 kW Towing 1,000 kg Cargo Vol. 491 L Price/range* €109 /km €37,390 €37,990 £32,470",https://ev-database.org/#group=vehicle-group&rs-pr=10000_100000&rs-er=0_1000&rs-ld=0_1000&rs-ac=2_23&rs-dcfc=0_400&rs-ub=10_200&rs-tw=0_3000&rs-ef=100_350&rs-sa=-1_5&rs-w=1000_3500&rs-c=0_5000&rs-y=2010_2030&s=1&p=3-50
XPENG G9 RWD Long Range (MY25),https://ev-database.org/car/3278/XPENG-G9-RWD-Long-Range,480.0,619.0,192.0,92.2,330.0,6.4,1500.0,731.0,2365.0,"XPENG G9 RWD Long Range (MY25) Available to order since August 2025 E 5 V2 L H G Range* 480 km Efficiency* 192 Wh/km Weight 2,365 kg 0-100 6.4 sec 1-Stop Range 619 km Battery 92.2 kWh Fastcharge 330 kW Towing 1,500 kg Cargo Vol. 731 L Price/range* €135 /km €63,600 €65,990 N/A",https://ev-database.org/#group=vehicle-group&rs-pr=10000_100000&rs-er=0_1000&rs-ld=0_1000&rs-ac=2_23&rs-dcfc=0_400&rs-ub=10_200&rs-tw=0_3000&rs-ef=100_350&rs-sa=-1_5&rs-w=1000_3500&rs-c=0_5000&rs-y=2010_2030&s=1&p=3-50
Audi Q4 e-tron 45 (MY24) Available,https://ev-database.org/car/2013/Audi-Q4-e-tron-45,420.0,460.0,183.0,77.0,120.0,6.7,1000.0,520.0,2145.0,"Audi Q4 e-tron 45 (MY24) Available to order since September 2023 C 5 5 V2 L H G Range* 420 km Efficiency* 183 Wh/km Weight 2,145 kg 0-100 6.7 sec 1-Stop Range 460 km Battery 77.0 kWh Fastcharge 120 kW Towing 1,000 kg Cargo Vol. 520 L Price/range* €129 /km €52,950 €49,990 £51,360",https://ev-database.org/#group=vehicle-group&rs-pr=10000_100000&rs-er=0_1000&rs-ld=0_1000&rs-ac=2_23&rs-dcfc=0_400&rs-ub=10_200&rs-tw=0_3000&rs-ef=100_350&rs-sa=-1_5&rs-w=1000_3500&rs-c=0_5000&rs-y=2010_2030&s=1&p=3-50
Škoda Enyaq 60 (MY27) Available to,https://ev-database.org/car/3569/Skoda-Enyaq-60,350.0,370.0,166.0,58.0,90.0,8.6,1000.0,606.0,2064.0,"Škoda Enyaq 60 (MY27) Available to order since April 2026 C 5 5 V2 L H G Range* 350 km Efficiency* 166 Wh/km Weight 2,064 kg 0-100 8.6 sec 1-Stop Range 370 km Battery 58.0 kWh Fastcharge 90 kW Towing 1,000 kg Cargo Vol. 606 L Price/range* €124 /km €42,990 €42,990 £38,020",https://ev-database.org/#group=vehicle-group&rs-pr=10000_100000&rs-er=0_1000&rs-ld=0_1000&rs-ac=2_23&rs-dcfc=0_400&rs-ub=10_200&rs-tw=0_3000&rs-ef=100_350&rs-sa=-1_5&rs-w=1000_3500&rs-c=0_5000&rs-y=2010_2030&s=1&p=3-50
Tesla Model Y Long Range RWD,https://ev-database.org/car/3120/Tesla-Model-Y-Long-Range-RWD,470.0,552.0,160.0,75.0,124.0,5.6,1600.0,971.0,1976.0,"Tesla Model Y Long Range RWD (Juniper) Discontinued (February 2025 - December 2025) D 5 V2 L H G Range* 470 km Efficiency* 160 Wh/km Weight 1,976 kg 0-100 5.6 sec 1-Stop Range 552 km Battery* 75.0 kWh Fastcharge 124 kW Towing 1,600 kg Cargo Vol. 971 L Price/range* €112 /km €50,970 €50,990 £48,990",https://ev-database.org/#group=vehicle-group&rs-pr=10000_100000&rs-er=0_1000&rs-ld=0_1000&rs-ac=2_23&rs-dcfc=0_400&rs-ub=10_200&rs-tw=0_3000&rs-ef=100_350&rs-sa=-1_5&rs-w=1000_3500&rs-c=0_5000&rs-y=2010_2030&s=1&p=3-50
Audi Q4 e-tron 40 (MY21-23) Discontinued,https://ev-database.org/car/1490/Audi-Q4-e-tron-40,405.0,430.0,189.0,76.6,124.0,8.5,1000.0,520.0,2125.0,"Audi Q4 e-tron 40 (MY21-23) Discontinued (June 2021 - January 2024) C 5 5 V2 L H G Range* 405 km Efficiency* 189 Wh/km Weight 2,125 kg 0-100 8.5 sec 1-Stop Range 430 km Battery 76.6 kWh Fastcharge 124 kW Towing 1,000 kg Cargo Vol. 520 L Price/range* €140 /km €51,900 €59,415 £50,630",https://ev-database.org/#group=vehicle-group&rs-pr=10000_100000&rs-er=0_1000&rs-ld=0_1000&rs-ac=2_23&rs-dcfc=0_400&rs-ub=10_200&rs-tw=0_3000&rs-ef=100_350&rs-sa=-1_5&rs-w=1000_3500&rs-c=0_5000&rs-y=2010_2030&s=1&p=3-50
Tesla Model S 75D Discontinued (May,https://ev-database.org/car/1070/Tesla-Model-S-75D,380.0,386.0,191.0,72.5,80.0,4.4,0.0,804.0,2183.0,"Tesla Model S 75D Discontinued (May 2016 - April 2019) F 5 V2 L H G Range 380 km Efficiency 191 Wh/km Weight 2,183 kg 0-100 4.4 sec 1-Stop Range 386 km Battery* 72.5 kWh Fastcharge 80 kW Towing 0 kg Cargo Vol. 804 L Price/range €216 /km €71,019 €91,720 £72,350",https://ev-database.org/#group=vehicle-group&rs-pr=10000_100000&rs-er=0_1000&rs-ld=0_1000&rs-ac=2_23&rs-dcfc=0_400&rs-ub=10_200&rs-tw=0_3000&rs-ef=100_350&rs-sa=-1_5&rs-w=1000_3500&rs-c=0_5000&rs-y=2010_2030&s=1&p=3-50
Dacia Spring Electric 70 Available to,https://ev-database.org/car/3408/Dacia-Spring-Electric-70,165.0,166.0,145.0,24.0,35.0,12.3,0.0,342.0,1070.0,"Dacia Spring Electric 70 Available to order since December 2025 A 4 V2 L H G Range* 165 km Efficiency* 145 Wh/km Weight 1,070 kg 0-100 12.3 sec 1-Stop Range 166 km Battery* 24.0 kWh Fastcharge 35 kW Towing 0 kg Cargo Vol. 342 L Price/range* €108 /km €16,900 €18,000 £15,990",https://ev-database.org/#group=vehicle-group&rs-pr=10000_100000&rs-er=0_1000&rs-ld=0_1000&rs-ac=2_23&rs-dcfc=0_400&rs-ub=10_200&rs-tw=0_3000&rs-ef=100_350&rs-sa=-1_5&rs-w=1000_3500&rs-c=0_5000&rs-y=2010_2030&s=1&p=3-50
Tesla Model 3 Performance (Highland) Available,https://ev-database.org/car/3332/Tesla-Model-3-Performance,515.0,604.0,153.0,79.0,125.0,3.4,0.0,682.0,1929.0,"Tesla Model 3 Performance (Highland) Available to order since October 2025 D 5 5 V2 L H G Range* 515 km Efficiency* 153 Wh/km Weight 1,929 kg 0-100 3.4 sec 1-Stop Range 604 km Battery* 79.0 kWh Fastcharge 125 kW Towing 0 kg Cargo Vol. 682 L Price/range* €121 /km €59,470 €58,490 £59,990",https://ev-database.org/#group=vehicle-group&rs-pr=10000_100000&rs-er=0_1000&rs-ld=0_1000&rs-ac=2_23&rs-dcfc=0_400&rs-ub=10_200&rs-tw=0_3000&rs-ef=100_350&rs-sa=-1_5&rs-w=1000_3500&rs-c=0_5000&rs-y=2010_2030&s=1&p=3-50
BMW i4 eDrive40 Available to order,https://ev-database.org/car/3205/BMW-i4-eDrive40,525.0,595.0,155.0,81.3,130.0,5.6,1600.0,470.0,2120.0,"BMW i4 eDrive40 Available to order since July 2025 D 5 V2 L H G Range* 525 km Efficiency* 155 Wh/km Weight 2,120 kg 0-100 5.6 sec 1-Stop Range 595 km Battery 81.3 kWh Fastcharge 130 kW Towing 1,600 kg Cargo Vol. 470 L Price/range* €123 /km €60,600 €64,330 £59,465",https://ev-database.org/#group=vehicle-group&rs-pr=10000_100000&rs-er=0_1000&rs-ld=0_1000&rs-ac=2_23&rs-dcfc=0_400&rs-ub=10_200&rs-tw=0_3000&rs-ef=100_350&rs-sa=-1_5&rs-w=1000_3500&rs-c=0_5000&rs-y=2010_2030&s=1&p=3-50
Renault Megane E-Tech EV60 220hp (TU2025),https://ev-database.org/car/3132/Renault-Megane-E-Tech-EV60-220hp,380.0,404.0,158.0,60.0,80.0,7.4,900.0,440.0,1719.0,"Renault Megane E-Tech EV60 220hp (TU2025) Available to order since March 2025 C 5 5 V2 L H G Range* 380 km Efficiency* 158 Wh/km Weight 1,719 kg 0-100 7.4 sec 1-Stop Range 404 km Battery 60.0 kWh Fastcharge 80 kW Towing 900 kg Cargo Vol. 440 L Price/range* €101 /km €40,990 €38,390 £31,295",https://ev-database.org/#group=vehicle-group&rs-pr=10000_100000&rs-er=0_1000&rs-ld=0_1000&rs-ac=2_23&rs-dcfc=0_400&rs-ub=10_200&rs-tw=0_3000&rs-ef=100_350&rs-sa=-1_5&rs-w=1000_3500&rs-c=0_5000&rs-y=2010_2030&s=1&p=3-50
Mini Countryman E (MY26) Available to,https://ev-database.org/car/3456/Mini-Countryman-E,400.0,421.0,163.0,65.2,86.0,8.6,750.0,460.0,1940.0,"Mini Countryman E (MY26) Available to order since February 2026 C 5 5 V2 L H G Range* 400 km Efficiency* 163 Wh/km Weight 1,940 kg 0-100 8.6 sec 1-Stop Range 421 km Battery 65.2 kWh Fastcharge 86 kW Towing 750 kg Cargo Vol. 460 L Price/range* €94 /km €38,120 €40,990 £29,255",https://ev-database.org/#group=vehicle-group&rs-pr=10000_100000&rs-er=0_1000&rs-ld=0_1000&rs-ac=2_23&rs-dcfc=0_400&rs-ub=10_200&rs-tw=0_3000&rs-ef=100_350&rs-sa=-1_5&rs-w=1000_3500&rs-c=0_5000&rs-y=2010_2030&s=1&p=3-50
Nissan LEAF Extended Range 75 kWh,https://ev-database.org/car/3366/Nissan-LEAF-Extended-Range-75-kWh,460.0,489.0,163.0,75.1,103.0,7.6,975.0,437.0,1956.0,"Nissan LEAF Extended Range 75 kWh (MY26) Available to order since November 2025 C 5 V2 L H G Range* 460 km Efficiency* 163 Wh/km Weight 1,956 kg 0-100 7.6 sec 1-Stop Range 489 km Battery 75.1 kWh Fastcharge 103 kW Towing 975 kg Cargo Vol. 437 L Price/range* €88 /km €41,200 * €43,000 £32,249",https://ev-database.org/#group=vehicle-group&rs-pr=10000_100000&rs-er=0_1000&rs-ld=0_1000&rs-ac=2_23&rs-dcfc=0_400&rs-ub=10_200&rs-tw=0_3000&rs-ef=100_350&rs-sa=-1_5&rs-w=1000_3500&rs-c=0_5000&rs-y=2010_2030&s=1&p=3-50
Volvo EX60 P10 AWD (MY27) Available,https://ev-database.org/car/3442/Volvo-EX60-P10-AWD,500.0,620.0,182.0,91.0,215.0,4.6,2400.0,575.0,2350.0,"Volvo EX60 P10 AWD (MY27) Available to order since January 2026 D 5 V2 L H G Range* 500 km Efficiency* 182 Wh/km Weight 2,350 kg 0-100 4.6 sec 1-Stop Range 620 km Battery 91.0 kWh Fastcharge 215 kW Towing 2,400 kg Cargo Vol. 575 L Price/range* €135 /km €65,990 €66,995 £59,860",https://ev-database.org/#group=vehicle-group&rs-pr=10000_100000&rs-er=0_1000&rs-ld=0_1000&rs-ac=2_23&rs-dcfc=0_400&rs-ub=10_200&rs-tw=0_3000&rs-ef=100_350&rs-sa=-1_5&rs-w=1000_3500&rs-c=0_5000&rs-y=2010_2030&s=1&p=3-50
Toyota bZ4X AWD 73.1 kWh (MY25),https://ev-database.org/car/3135/Toyota-bZ4X-AWD-731-kWh,375.0,413.0,184.0,69.0,110.0,5.1,1500.0,452.0,2095.0,"Toyota bZ4X AWD 73.1 kWh (MY25) Available to order since July 2025 C 5 5 V2 L H G Range* 375 km Efficiency* 184 Wh/km Weight 2,095 kg 0-100 5.1 sec 1-Stop Range 413 km Battery 69.0 kWh Fastcharge 110 kW Towing 1,500 kg Cargo Vol. 452 L Price/range* €142 /km €50,990 €47,995 £52,510",https://ev-database.org/#group=vehicle-group&rs-pr=10000_100000&rs-er=0_1000&rs-ld=0_1000&rs-ac=2_23&rs-dcfc=0_400&rs-ub=10_200&rs-tw=0_3000&rs-ef=100_350&rs-sa=-1_5&rs-w=1000_3500&rs-c=0_5000&rs-y=2010_2030&s=1&p=3-50
Ford Explorer Extended Range RWD (MY24-25),https://ev-database.org/car/2168/Ford-Explorer-Extended-Range-RWD,435.0,452.0,177.0,77.0,120.0,6.4,1000.0,536.0,2090.0,"Ford Explorer Extended Range RWD (MY24-25) Discontinued (March 2024 - January 2026) C 5 5 V2 L H G Range 435 km Efficiency 177 Wh/km Weight 2,090 kg 0-100 6.4 sec 1-Stop Range 452 km Battery 77.0 kWh Fastcharge 120 kW Towing 1,000 kg Cargo Vol. 536 L Price/range €112 /km €48,510 €44,850 £45,875",https://ev-database.org/#group=vehicle-group&rs-pr=10000_100000&rs-er=0_1000&rs-ld=0_1000&rs-ac=2_23&rs-dcfc=0_400&rs-ub=10_200&rs-tw=0_3000&rs-ef=100_350&rs-sa=-1_5&rs-w=1000_3500&rs-c=0_5000&rs-y=2010_2030&s=1&p=3-50
KGM Torres EVX (MY24-25) Available to,https://ev-database.org/car/2189/KGM-Torres-EVX,370.0,368.0,195.0,72.0,85.0,8.1,1500.0,839.0,1979.0,"KGM Torres EVX (MY24-25) Available to order since April 2024 C 5 V2 L H G Range 370 km Efficiency 195 Wh/km Weight 1,979 kg 0-100 8.1 sec 1-Stop Range 368 km Battery* 72.0 kWh Fastcharge 85 kW Towing 1,500 kg Cargo Vol. 839 L Price/range €113 /km €41,990 €41,250 £36,995",https://ev-database.org/#group=vehicle-group&rs-pr=10000_100000&rs-er=0_1000&rs-ld=0_1000&rs-ac=2_23&rs-dcfc=0_400&rs-ub=10_200&rs-tw=0_3000&rs-ef=100_350&rs-sa=-1_5&rs-w=1000_3500&rs-c=0_5000&rs-y=2010_2030&s=1&p=3-50
KGM Torres EVX 80.6 kWh (MY26),https://ev-database.org/car/3389/KGM-Torres-EVX-806-kWh,400.0,403.0,198.0,79.0,95.0,8.2,1500.0,839.0,2000.0,"KGM Torres EVX 80.6 kWh (MY26) Available to order since November 2025 C 5 V2 L H G Range* 400 km Efficiency* 198 Wh/km Weight 2,000 kg 0-100 8.2 sec 1-Stop Range 403 km Battery* 79.0 kWh Fastcharge 95 kW Towing 1,500 kg Cargo Vol. 839 L Price/range* €103 /km N/A €41,250 N/A",https://ev-database.org/#group=vehicle-group&rs-pr=10000_100000&rs-er=0_1000&rs-ld=0_1000&rs-ac=2_23&rs-dcfc=0_400&rs-ub=10_200&rs-tw=0_3000&rs-ef=100_350&rs-sa=-1_5&rs-w=1000_3500&rs-c=0_5000&rs-y=2010_2030&s=1&p=3-50
MG MG4 Electric 51 kWh (MY22-25),https://ev-database.org/car/1707/MG-MG4-Electric-51-kWh,300.0,304.0,169.0,50.8,64.0,7.7,500.0,363.0,1710.0,"MG MG4 Electric 51 kWh (MY22-25) Discontinued (October 2022 - February 2026) C 5 5 V2 L H G Range* 300 km Efficiency* 169 Wh/km Weight 1,710 kg 0-100 7.7 sec 1-Stop Range 304 km Battery 50.8 kWh Fastcharge 64 kW Towing 500 kg Cargo Vol. 363 L Price/range* €111 /km €34,990 €33,970 £27,245",https://ev-database.org/#group=vehicle-group&rs-pr=10000_100000&rs-er=0_1000&rs-ld=0_1000&rs-ac=2_23&rs-dcfc=0_400&rs-ub=10_200&rs-tw=0_3000&rs-ef=100_350&rs-sa=-1_5&rs-w=1000_3500&rs-c=0_5000&rs-y=2010_2030&s=1&p=3-50
Škoda Enyaq iV 60 (MY21-23) Discontinued,https://ev-database.org/car/1279/Skoda-Enyaq-iV-60,340.0,355.0,171.0,58.0,75.0,8.7,1000.0,585.0,1965.0,"Škoda Enyaq iV 60 (MY21-23) Discontinued (April 2021 - October 2023) C 5 5 V2 L H G Range* 340 km Efficiency* 171 Wh/km Weight 1,965 kg 0-100 8.7 sec 1-Stop Range 355 km Battery 58.0 kWh Fastcharge 75 kW Towing 1,000 kg Cargo Vol. 585 L Price/range* €129 /km €42,100 €44,990 £38,970",https://ev-database.org/#group=vehicle-group&rs-pr=10000_100000&rs-er=0_1000&rs-ld=0_1000&rs-ac=2_23&rs-dcfc=0_400&rs-ub=10_200&rs-tw=0_3000&rs-ef=100_350&rs-sa=-1_5&rs-w=1000_3500&rs-c=0_5000&rs-y=2010_2030&s=1&p=3-50
XPENG G6 RWD Standard Range (MY25),https://ev-database.org/car/3402/XPENG-G6-RWD-Standard-Range,380.0,488.0,178.0,67.8,240.0,6.9,1500.0,571.0,2140.0,"XPENG G6 RWD Standard Range (MY25) Available to order since December 2025 D 5 5 V2 L H G Range* 380 km Efficiency* 178 Wh/km Weight 2,140 kg 0-100 6.9 sec 1-Stop Range 488 km Battery 67.8 kWh Fastcharge 240 kW Towing 1,500 kg Cargo Vol. 571 L Price/range* €117 /km €43,600 €43,990 £39,990",https://ev-database.org/#group=vehicle-group&rs-pr=10000_100000&rs-er=0_1000&rs-ld=0_1000&rs-ac=2_23&rs-dcfc=0_400&rs-ub=10_200&rs-tw=0_3000&rs-ef=100_350&rs-sa=-1_5&rs-w=1000_3500&rs-c=0_5000&rs-y=2010_2030&s=1&p=3-50
Peugeot e-5008 73 kWh Available to,https://ev-database.org/car/2149/Peugeot-e-5008-73-kWh,370.0,388.0,197.0,73.0,90.0,9.7,1000.0,348.0,2260.0,"Peugeot e-5008 73 kWh Available to order since June 2024 D 7 4 V2 L H G Range 370 km Efficiency 197 Wh/km Weight 2,260 kg 0-100 9.7 sec 1-Stop Range 388 km Battery 73.0 kWh Fastcharge 90 kW Towing 1,000 kg Cargo Vol. 348 L Price/range €140 /km €51,250 €48,415 £48,660",https://ev-database.org/#group=vehicle-group&rs-pr=10000_100000&rs-er=0_1000&rs-ld=0_1000&rs-ac=2_23&rs-dcfc=0_400&rs-ub=10_200&rs-tw=0_3000&rs-ef=100_350&rs-sa=-1_5&rs-w=1000_3500&rs-c=0_5000&rs-y=2010_2030&s=1&p=3-50
Jeep Avenger Electric Available to order,https://ev-database.org/car/1816/Jeep-Avenger-Electric,310.0,330.0,164.0,50.8,79.0,9.0,0.0,355.0,1595.0,"Jeep Avenger Electric Available to order since January 2023 B 5 3 V2 L H G Range 310 km Efficiency 164 Wh/km Weight 1,595 kg 0-100 9.0 sec 1-Stop Range 330 km Battery 50.8 kWh Fastcharge 79 kW Towing 0 kg Cargo Vol. 355 L Price/range €122 /km €38,500 €34,995 £34,800",https://ev-database.org/#group=vehicle-group&rs-pr=10000_100000&rs-er=0_1000&rs-ld=0_1000&rs-ac=2_23&rs-dcfc=0_400&rs-ub=10_200&rs-tw=0_3000&rs-ef=100_350&rs-sa=-1_5&rs-w=1000_3500&rs-c=0_5000&rs-y=2010_2030&s=1&p=3-50
Hyundai IONIQ Electric Discontinued (October 2016,https://ev-database.org/car/1057/Hyundai-IONIQ-Electric,190.0,225.0,147.0,28.0,65.0,9.9,0.0,350.0,1495.0,"Hyundai IONIQ Electric Discontinued (October 2016 - September 2019) C 5 5 V2 L H G Range 190 km Efficiency 147 Wh/km Weight 1,495 kg 0-100 9.9 sec 1-Stop Range 225 km Battery 28.0 kWh Fastcharge 65 kW Towing 0 kg Cargo Vol. 350 L Price/range €173 /km €33,300 €33,995 £27,250",https://ev-database.org/#group=vehicle-group&rs-pr=10000_100000&rs-er=0_1000&rs-ld=0_1000&rs-ac=2_23&rs-dcfc=0_400&rs-ub=10_200&rs-tw=0_3000&rs-ef=100_350&rs-sa=-1_5&rs-w=1000_3500&rs-c=0_5000&rs-y=2010_2030&s=1&p=3-50
Hyundai IONIQ 5 63 kWh RWD,https://ev-database.org/car/2235/Hyundai-IONIQ-5-63-kWh-RWD,345.0,423.0,174.0,60.0,150.0,8.5,750.0,577.0,1955.0,"Hyundai IONIQ 5 63 kWh RWD (MY24) Available to order since July 2024 C 5 5 V2 L H G Range* 345 km Efficiency* 174 Wh/km Weight 1,955 kg 0-100 8.5 sec 1-Stop Range 423 km Battery* 60.0 kWh Fastcharge 150 kW Towing 750 kg Cargo Vol. 577 L Price/range* €128 /km €43,900 €42,995 £39,900",https://ev-database.org/#group=vehicle-group&rs-pr=10000_100000&rs-er=0_1000&rs-ld=0_1000&rs-ac=2_23&rs-dcfc=0_400&rs-ub=10_200&rs-tw=0_3000&rs-ef=100_350&rs-sa=-1_5&rs-w=1000_3500&rs-c=0_5000&rs-y=2010_2030&s=1&p=3-50
Renault Scenic E-Tech EV87 220hp Discontinued,https://ev-database.org/car/2069/Renault-Scenic-E-Tech-EV87-220hp,480.0,481.0,181.0,87.0,95.0,7.9,1100.0,545.0,1917.0,"Renault Scenic E-Tech EV87 220hp Discontinued (December 2023 - June 2025) C 5 V2 L H G Range 480 km Efficiency 181 Wh/km Weight 1,917 kg 0-100 7.9 sec 1-Stop Range 481 km Battery 87.0 kWh Fastcharge 95 kW Towing 1,100 kg Cargo Vol. 545 L Price/range €100 /km €48,900 €47,970 £40,995",https://ev-database.org/#group=vehicle-group&rs-pr=10000_100000&rs-er=0_1000&rs-ld=0_1000&rs-ac=2_23&rs-dcfc=0_400&rs-ub=10_200&rs-tw=0_3000&rs-ef=100_350&rs-sa=-1_5&rs-w=1000_3500&rs-c=0_5000&rs-y=2010_2030&s=1&p=3-50
BYD DOLPHIN SURF 43.2 kWh Boost,https://ev-database.org/car/3194/BYD-DOLPHIN-SURF-432-kWh-Boost,270.0,283.0,160.0,43.2,60.0,12.1,0.0,308.0,1445.0,"BYD DOLPHIN SURF 43.2 kWh Boost Available to order since May 2025 B 4 5 V2 L H G Range* 270 km Efficiency* 160 Wh/km Weight 1,445 kg 0-100 12.1 sec 1-Stop Range 283 km Battery 43.2 kWh Fastcharge 60 kW Towing 0 kg Cargo Vol. 308 L Price/range* €95 /km €26,990 €24,990 £21,950",https://ev-database.org/#group=vehicle-group&rs-pr=10000_100000&rs-er=0_1000&rs-ld=0_1000&rs-ac=2_23&rs-dcfc=0_400&rs-ub=10_200&rs-tw=0_3000&rs-ef=100_350&rs-sa=-1_5&rs-w=1000_3500&rs-c=0_5000&rs-y=2010_2030&s=1&p=3-50
Nissan Ariya 87kWh Available to order,https://ev-database.org/car/1302/Nissan-Ariya-87kWh,450.0,435.0,193.0,87.0,80.0,7.6,750.0,468.0,2121.0,"Nissan Ariya 87kWh Available to order since July 2022 C 5 5 V2 L H G Range 450 km Efficiency 193 Wh/km Weight 2,121 kg 0-100 7.6 sec 1-Stop Range 435 km Battery 87.0 kWh Fastcharge 80 kW Towing 750 kg Cargo Vol. 468 L Price/range €104 /km €53,490 €45,690 £35,500",https://ev-database.org/#group=vehicle-group&rs-pr=10000_100000&rs-er=0_1000&rs-ld=0_1000&rs-ac=2_23&rs-dcfc=0_400&rs-ub=10_200&rs-tw=0_3000&rs-ef=100_350&rs-sa=-1_5&rs-w=1000_3500&rs-c=0_5000&rs-y=2010_2030&s=1&p=3-50
Škoda Enyaq 85 (MY27) Available to,https://ev-database.org/car/3570/Skoda-Enyaq-85,460.0,501.0,167.0,77.0,115.0,6.6,2000.0,606.0,2150.0,"Škoda Enyaq 85 (MY27) Available to order since April 2026 C 5 5 V2 L H G Range* 460 km Efficiency* 167 Wh/km Weight 2,150 kg 0-100 6.6 sec 1-Stop Range 501 km Battery 77.0 kWh Fastcharge 115 kW Towing 2,000 kg Cargo Vol. 606 L Price/range* €105 /km €50,450 €46,490 £42,060",https://ev-database.org/#group=vehicle-group&rs-pr=10000_100000&rs-er=0_1000&rs-ld=0_1000&rs-ac=2_23&rs-dcfc=0_400&rs-ub=10_200&rs-tw=0_3000&rs-ef=100_350&rs-sa=-1_5&rs-w=1000_3500&rs-c=0_5000&rs-y=2010_2030&s=1&p=3-50
Tesla Model S AWD (MY26) Available,https://ev-database.org/car/3383/Tesla-Model-S-AWD,590.0,667.0,161.0,95.0,140.0,3.2,1600.0,798.0,2167.0,"Tesla Model S AWD (MY26) Available to order since October 2025 F 5 5 V2 L H G Range* 590 km Efficiency* 161 Wh/km Weight 2,167 kg 0-100 3.2 sec 1-Stop Range 667 km Battery* 95.0 kWh Fastcharge 140 kW Towing 1,600 kg Cargo Vol. 798 L Price/range* €188 /km €110,970 €110,990 N/A",https://ev-database.org/#group=vehicle-group&rs-pr=10000_100000&rs-er=0_1000&rs-ld=0_1000&rs-ac=2_23&rs-dcfc=0_400&rs-ub=10_200&rs-tw=0_3000&rs-ef=100_350&rs-sa=-1_5&rs-w=1000_3500&rs-c=0_5000&rs-y=2010_2030&s=1&p=3-50
MG MG4 Urban Comfort Standard Range,https://ev-database.org/car/3470/MG-MG4-Urban-Comfort-Standard-Range,260.0,273.0,161.0,41.9,65.0,9.6,500.0,577.0,1460.0,"MG MG4 Urban Comfort Standard Range (MY26) Available to order since February 2026 C 5 5 V2 L H G Range* 260 km Efficiency* 161 Wh/km Weight 1,460 kg 0-100 9.6 sec 1-Stop Range 273 km Battery 41.9 kWh Fastcharge 65 kW Towing 500 kg Cargo Vol. 577 L Price/range* €102 /km N/A €25,950 £23,495",https://ev-database.org/#group=vehicle-group&rs-pr=10000_100000&rs-er=0_1000&rs-ld=0_1000&rs-ac=2_23&rs-dcfc=0_400&rs-ub=10_200&rs-tw=0_3000&rs-ef=100_350&rs-sa=-1_5&rs-w=1000_3500&rs-c=0_5000&rs-y=2010_2030&s=1&p=3-50
Opel Corsa-e (MY22-23) Discontinued (November 2021,https://ev-database.org/car/1585/Opel-Corsa-e,295.0,318.0,157.0,46.3,74.0,8.1,0.0,267.0,1530.0,"Opel Corsa-e (MY22-23) Discontinued (November 2021 - October 2023) B 5 4 V2 L H G Range* 295 km Efficiency* 157 Wh/km Weight 1,530 kg 0-100 8.1 sec 1-Stop Range 318 km Battery 46.3 kWh Fastcharge 74 kW Towing 0 kg Cargo Vol. 267 L Price/range* €127 /km €36,395 €36,999 £33,930",https://ev-database.org/#group=vehicle-group&rs-pr=10000_100000&rs-er=0_1000&rs-ld=0_1000&rs-ac=2_23&rs-dcfc=0_400&rs-ub=10_200&rs-tw=0_3000&rs-ef=100_350&rs-sa=-1_5&rs-w=1000_3500&rs-c=0_5000&rs-y=2010_2030&s=1&p=3-50
BMW iX xDrive60 Available to order,https://ev-database.org/car/3110/BMW-iX-xDrive60,525.0,554.0,208.0,109.1,150.0,4.6,2500.0,500.0,2580.0,"BMW iX xDrive60 Available to order since January 2025 E 5 V2 L H G Range* 525 km Efficiency* 208 Wh/km Weight 2,580 kg 0-100 4.6 sec 1-Stop Range 554 km Battery 109.1 kWh Fastcharge 150 kW Towing 2,500 kg Cargo Vol. 500 L Price/range* €195 /km €99,900 €99,900 £93,105",https://ev-database.org/#group=vehicle-group&rs-pr=10000_100000&rs-er=0_1000&rs-ld=0_1000&rs-ac=2_23&rs-dcfc=0_400&rs-ub=10_200&rs-tw=0_3000&rs-ef=100_350&rs-sa=-1_5&rs-w=1000_3500&rs-c=0_5000&rs-y=2010_2030&s=1&p=3-50
Kia EV9 99.8 kWh AWD Available,https://ev-database.org/car/1835/Kia-EV9-998-kWh-AWD,435.0,485.0,221.0,96.0,196.0,6.0,2500.0,385.0,2625.0,"Kia EV9 99.8 kWh AWD Available to order since September 2023 F 7 5 V2 L H G Range* 435 km Efficiency* 221 Wh/km Weight 2,625 kg 0-100 6.0 sec 1-Stop Range 485 km Battery* 96.0 kWh Fastcharge 196 kW Towing 2,500 kg Cargo Vol. 385 L Price/range* €162 /km €68,990 €72,295 N/A",https://ev-database.org/#group=vehicle-group&rs-pr=10000_100000&rs-er=0_1000&rs-ld=0_1000&rs-ac=2_23&rs-dcfc=0_400&rs-ub=10_200&rs-tw=0_3000&rs-ef=100_350&rs-sa=-1_5&rs-w=1000_3500&rs-c=0_5000&rs-y=2010_2030&s=1&p=3-50
Polestar 2 Long Range Dual Motor,https://ev-database.org/car/1488/Polestar-2-Long-Range-Dual-Motor,390.0,412.0,192.0,75.0,97.0,4.7,1500.0,440.0,2188.0,"Polestar 2 Long Range Dual Motor (MY21-23) Discontinued (September 2021 - January 2023) D 5 5 V2 L H G Range 390 km Efficiency 192 Wh/km Weight 2,188 kg 0-100 4.7 sec 1-Stop Range 412 km Battery 75.0 kWh Fastcharge 97 kW Towing 1,500 kg Cargo Vol. 440 L Price/range €144 /km €54,995 €56,200 £49,550",https://ev-database.org/#group=vehicle-group&rs-pr=10000_100000&rs-er=0_1000&rs-ld=0_1000&rs-ac=2_23&rs-dcfc=0_400&rs-ub=10_200&rs-tw=0_3000&rs-ef=100_350&rs-sa=-1_5&rs-w=1000_3500&rs-c=0_5000&rs-y=2010_2030&s=1&p=3-50
BMW i4 M50 Discontinued (November 2021,https://ev-database.org/car/1519/BMW-i4-M50,450.0,499.0,179.0,80.7,112.0,3.9,1600.0,470.0,2290.0,"BMW i4 M50 Discontinued (November 2021 - May 2024) D 5 4 V2 L H G Range 450 km Efficiency 179 Wh/km Weight 2,290 kg 0-100 3.9 sec 1-Stop Range 499 km Battery 80.7 kWh Fastcharge 112 kW Towing 1,600 kg Cargo Vol. 470 L Price/range €170 /km €70,800 €76,786 £71,085",https://ev-database.org/#group=vehicle-group&rs-pr=10000_100000&rs-er=0_1000&rs-ld=0_1000&rs-ac=2_23&rs-dcfc=0_400&rs-ub=10_200&rs-tw=0_3000&rs-ef=100_350&rs-sa=-1_5&rs-w=1000_3500&rs-c=0_5000&rs-y=2010_2030&s=1&p=3-50
BMW i4 eDrive35 Discontinued (June 2024,https://ev-database.org/car/2198/BMW-i4-eDrive35,430.0,486.0,156.0,67.1,95.0,6.0,1600.0,470.0,2075.0,"BMW i4 eDrive35 Discontinued (June 2024 - July 2025) D 5 V2 L H G Range* 430 km Efficiency* 156 Wh/km Weight 2,075 kg 0-100 6.0 sec 1-Stop Range 486 km Battery 67.1 kWh Fastcharge 95 kW Towing 1,600 kg Cargo Vol. 470 L Price/range* €137 /km €57,500 €59,728 £51,270",https://ev-database.org/#group=vehicle-group&rs-pr=10000_100000&rs-er=0_1000&rs-ld=0_1000&rs-ac=2_23&rs-dcfc=0_400&rs-ub=10_200&rs-tw=0_3000&rs-ef=100_350&rs-sa=-1_5&rs-w=1000_3500&rs-c=0_5000&rs-y=2010_2030&s=1&p=3-50
Audi e-tron 50 quattro Discontinued (November,https://ev-database.org/car/1209/Audi-e-tron-50-quattro,280.0,299.0,231.0,64.7,114.0,6.8,1800.0,722.0,2445.0,"Audi e-tron 50 quattro Discontinued (November 2019 - March 2022) E 5 5 V2 L H G Range 280 km Efficiency 231 Wh/km Weight 2,445 kg 0-100 6.8 sec 1-Stop Range 299 km Battery 64.7 kWh Fastcharge 114 kW Towing 1,800 kg Cargo Vol. 722 L Price/range €240 /km €69,100 €62,700 £60,600",https://ev-database.org/#group=vehicle-group&rs-pr=10000_100000&rs-er=0_1000&rs-ld=0_1000&rs-ac=2_23&rs-dcfc=0_400&rs-ub=10_200&rs-tw=0_3000&rs-ef=100_350&rs-sa=-1_5&rs-w=1000_3500&rs-c=0_5000&rs-y=2010_2030&s=1&p=3-50
Tesla Model 3 RWD (Highland CATL,https://ev-database.org/car/1991/Tesla-Model-3-RWD,420.0,495.0,136.0,57.0,108.0,6.1,1000.0,682.0,1836.0,"Tesla Model 3 RWD (Highland CATL LFP60) Discontinued (September 2023 - May 2025) D 5 5 V2 L H G Range 420 km Efficiency 136 Wh/km Weight 1,836 kg 0-100 6.1 sec 1-Stop Range 495 km Battery* 57.0 kWh Fastcharge 108 kW Towing 1,000 kg Cargo Vol. 682 L Price/range €101 /km €40,970 €39,990 £39,990",https://ev-database.org/#group=vehicle-group&rs-pr=10000_100000&rs-er=0_1000&rs-ld=0_1000&rs-ac=2_23&rs-dcfc=0_400&rs-ub=10_200&rs-tw=0_3000&rs-ef=100_350&rs-sa=-1_5&rs-w=1000_3500&rs-c=0_5000&rs-y=2010_2030&s=1&p=3-50
MG MG4 Urban Premium Long Range,https://ev-database.org/car/3472/MG-MG4-Urban-Premium-Long-Range,325.0,328.0,162.0,52.8,75.0,9.5,500.0,568.0,1520.0,"MG MG4 Urban Premium Long Range (MY26) Available to order since February 2026 C 5 5 V2 L H G Range* 325 km Efficiency* 162 Wh/km Weight 1,520 kg 0-100 9.5 sec 1-Stop Range 328 km Battery 52.8 kWh Fastcharge 75 kW Towing 500 kg Cargo Vol. 568 L Price/range* €99 /km N/A €31,950 £27,995",https://ev-database.org/#group=vehicle-group&rs-pr=10000_100000&rs-er=0_1000&rs-ld=0_1000&rs-ac=2_23&rs-dcfc=0_400&rs-ub=10_200&rs-tw=0_3000&rs-ef=100_350&rs-sa=-1_5&rs-w=1000_3500&rs-c=0_5000&rs-y=2010_2030&s=1&p=3-50
GAC AION V 75 kWh Available,https://ev-database.org/car/3559/GAC-AION-V-75-kWh,425.0,474.0,177.0,75.3,135.0,7.9,0.0,427.0,1880.0,"GAC AION V 75 kWh Available to order from July 2026* C 5 5 V2 L H G Range* 425 km Efficiency* 177 Wh/km Weight 1,880 kg 0-100 7.9 sec 1-Stop Range 474 km Battery 75.3 kWh Fastcharge 135 kW Towing 0 kg Cargo Vol. 427 L Price/range* €99 /km N/A N/A £36,450",https://ev-database.org/#group=vehicle-group&rs-pr=10000_100000&rs-er=0_1000&rs-ld=0_1000&rs-ac=2_23&rs-dcfc=0_400&rs-ub=10_200&rs-tw=0_3000&rs-ef=100_350&rs-sa=-1_5&rs-w=1000_3500&rs-c=0_5000&rs-y=2010_2030&s=1&p=3-50
GAC AION UT 60 kWh Available,https://ev-database.org/car/3518/GAC-AION-UT-60-kWh,330.0,317.0,182.0,60.0,80.0,7.3,0.0,440.0,1745.0,"GAC AION UT 60 kWh Available to order from September 2026* C 5 V2 L H G Range* 330 km Efficiency* 182 Wh/km Weight 1,745 kg 0-100 7.3 sec 1-Stop Range 317 km Battery 60.0 kWh Fastcharge 80 kW Towing 0 kg Cargo Vol. 440 L Price/range* €86 /km * €28,000 * €28,000 * £25,000",https://ev-database.org/#group=vehicle-group&rs-pr=10000_100000&rs-er=0_1000&rs-ld=0_1000&rs-ac=2_23&rs-dcfc=0_400&rs-ub=10_200&rs-tw=0_3000&rs-ef=100_350&rs-sa=-1_5&rs-w=1000_3500&rs-c=0_5000&rs-y=2010_2030&s=1&p=3-50
Tesla Model S Dual Motor Discontinued,https://ev-database.org/car/1404/Tesla-Model-S-Dual-Motor,575.0,653.0,165.0,95.0,,3.2,1600.0,798.0,2170.0,"Tesla Model S Dual Motor Discontinued (January 2023 - July 2025) F 5 5 V2 L H G Range 575 km Efficiency 165 Wh/km Weight 2,170 kg 0-100 3.2 sec 1-Stop Range 653 km Battery* 95.0 kWh Fastcharge* 140 kW Towing 1,600 kg Cargo Vol. 798 L Price/range* €185 /km €110,970 €110,990 * £85,000",https://ev-database.org/#group=vehicle-group&rs-pr=10000_100000&rs-er=0_1000&rs-ld=0_1000&rs-ac=2_23&rs-dcfc=0_400&rs-ub=10_200&rs-tw=0_3000&rs-ef=100_350&rs-sa=-1_5&rs-w=1000_3500&rs-c=0_5000&rs-y=2010_2030&s=1&p=3-50
Leapmotor C10 AWD 81.9 kWh Available,https://ev-database.org/car/3388/Leapmotor-C10-AWD-819-kWh,380.0,405.0,216.0,81.9,120.0,4.0,1500.0,467.0,2264.0,"Leapmotor C10 AWD 81.9 kWh Available to order since October 2025 D 5 5 V2 L H G Range* 380 km Efficiency* 216 Wh/km Weight 2,264 kg 0-100 4.0 sec 1-Stop Range 405 km Battery 81.9 kWh Fastcharge 120 kW Towing 1,500 kg Cargo Vol. 467 L Price/range* €118 /km €44,900 €45,050 N/A",https://ev-database.org/#group=vehicle-group&rs-pr=10000_100000&rs-er=0_1000&rs-ld=0_1000&rs-ac=2_23&rs-dcfc=0_400&rs-ub=10_200&rs-tw=0_3000&rs-ef=100_350&rs-sa=-1_5&rs-w=1000_3500&rs-c=0_5000&rs-y=2010_2030&s=1&p=3-50
Audi A6 Avant e-tron performance (MY25),https://ev-database.org/car/2272/Audi-A6-Avant-e-tron-performance,575.0,688.0,165.0,94.9,186.0,5.4,2100.0,529.0,2260.0,"Audi A6 Avant e-tron performance (MY25) Available to order since September 2024 E 5 5 V2 L H G Range* 575 km Efficiency* 165 Wh/km Weight 2,260 kg 0-100 5.4 sec 1-Stop Range 688 km Battery 94.9 kWh Fastcharge 186 kW Towing 2,100 kg Cargo Vol. 529 L Price/range* €138 /km €77,250 €77,490 £71,740",https://ev-database.org/#group=vehicle-group&rs-pr=10000_100000&rs-er=0_1000&rs-ld=0_1000&rs-ac=2_23&rs-dcfc=0_400&rs-ub=10_200&rs-tw=0_3000&rs-ef=100_350&rs-sa=-1_5&rs-w=1000_3500&rs-c=0_5000&rs-y=2010_2030&s=1&p=3-50
Changan Deepal S05 4WD Max Available,https://ev-database.org/car/3368/Changan-Deepal-S05-4WD-Max,365.0,428.0,186.0,68.0,130.0,5.5,1600.0,651.0,2115.0,"Changan Deepal S05 4WD Max Available to order since September 2025 C 5 5 V2 L H G Range 365 km Efficiency 186 Wh/km Weight 2,115 kg 0-100 5.5 sec 1-Stop Range 428 km Battery* 68.0 kWh Fastcharge 130 kW Towing 1,600 kg Cargo Vol. 651 L Price/range €124 /km €44,990 €44,990 £39,990",https://ev-database.org/#group=vehicle-group&rs-pr=10000_100000&rs-er=0_1000&rs-ld=0_1000&rs-ac=2_23&rs-dcfc=0_400&rs-ub=10_200&rs-tw=0_3000&rs-ef=100_350&rs-sa=-1_5&rs-w=1000_3500&rs-c=0_5000&rs-y=2010_2030&s=1&p=3-50
Volkswagen ID.7 Tourer Pro S (MY26),https://ev-database.org/car/3260/Volkswagen-ID7-Tourer-Pro-S,520.0,589.0,165.0,86.0,145.0,6.7,1000.0,605.0,2235.0,"Volkswagen ID.7 Tourer Pro S (MY26) Available to order since July 2025 E 5 5 V2 L H G Range* 520 km Efficiency* 165 Wh/km Weight 2,235 kg 0-100 6.7 sec 1-Stop Range 589 km Battery 86.0 kWh Fastcharge 145 kW Towing 1,000 kg Cargo Vol. 605 L Price/range* €116 /km €59,895 €57,990 £55,280",https://ev-database.org/#group=vehicle-group&rs-pr=10000_100000&rs-er=0_1000&rs-ld=0_1000&rs-ac=2_23&rs-dcfc=0_400&rs-ub=10_200&rs-tw=0_3000&rs-ef=100_350&rs-sa=-1_5&rs-w=1000_3500&rs-c=0_5000&rs-y=2010_2030&s=1&p=3-50
BYD SEAL U 71.8 kWh Comfort,https://ev-database.org/car/2094/BYD-SEAL-U-718-kWh-Comfort,360.0,352.0,199.0,71.8,72.0,9.3,1300.0,552.0,2095.0,"BYD SEAL U 71.8 kWh Comfort Available to order since April 2024 D 5 5 V2 L H G Range* 360 km Efficiency* 199 Wh/km Weight 2,095 kg 0-100 9.3 sec 1-Stop Range 352 km Battery 71.8 kWh Fastcharge 72 kW Towing 1,300 kg Cargo Vol. 552 L Price/range* €118 /km €41,990 €42,990 N/A",https://ev-database.org/#group=vehicle-group&rs-pr=10000_100000&rs-er=0_1000&rs-ld=0_1000&rs-ac=2_23&rs-dcfc=0_400&rs-ub=10_200&rs-tw=0_3000&rs-ef=100_350&rs-sa=-1_5&rs-w=1000_3500&rs-c=0_5000&rs-y=2010_2030&s=1&p=3-50
Citroën ë-C4 Discontinued (November 2021 -,https://ev-database.org/car/1587/Citroen-e-C4,290.0,315.0,160.0,46.3,74.0,9.7,0.0,380.0,1636.0,"Citroën ë-C4 Discontinued (November 2021 - December 2024) C 5 4 V2 L H G Range* 290 km Efficiency* 160 Wh/km Weight 1,636 kg 0-100 9.7 sec 1-Stop Range 315 km Battery 46.3 kWh Fastcharge 74 kW Towing 0 kg Cargo Vol. 380 L Price/range* €125 /km €34,875 €37,205 £31,960",https://ev-database.org/#group=vehicle-group&rs-pr=10000_100000&rs-er=0_1000&rs-ld=0_1000&rs-ac=2_23&rs-dcfc=0_400&rs-ub=10_200&rs-tw=0_3000&rs-ef=100_350&rs-sa=-1_5&rs-w=1000_3500&rs-c=0_5000&rs-y=2010_2030&s=1&p=3-50
BYD HAN Discontinued (March 2023 -,https://ev-database.org/car/1784/BYD-HAN,475.0,473.0,180.0,85.4,85.0,3.9,0.0,410.0,2325.0,"BYD HAN Discontinued (March 2023 - December 2024) E 5 V2 L H G Range* 475 km Efficiency* 180 Wh/km Weight 2,325 kg 0-100 3.9 sec 1-Stop Range 473 km Battery 85.4 kWh Fastcharge 85 kW Towing 0 kg Cargo Vol. 410 L Price/range* €146 /km €69,020 €69,990 N/A",https://ev-database.org/#group=vehicle-group&rs-pr=10000_100000&rs-er=0_1000&rs-ld=0_1000&rs-ac=2_23&rs-dcfc=0_400&rs-ub=10_200&rs-tw=0_3000&rs-ef=100_350&rs-sa=-1_5&rs-w=1000_3500&rs-c=0_5000&rs-y=2010_2030&s=1&p=3-50
Suzuki e VITARA 61 kWh 2WD,https://ev-database.org/car/3212/Suzuki-e-VITARA-61-kWh-2WD,330.0,307.0,181.0,59.8,60.0,8.7,750.0,238.0,1835.0,"Suzuki e VITARA 61 kWh 2WD Available to order since June 2025 B 5 4 V2 L H G Range* 330 km Efficiency* 181 Wh/km Weight 1,835 kg 0-100 8.7 sec 1-Stop Range 307 km Battery 59.8 kWh Fastcharge 60 kW Towing 750 kg Cargo Vol. 238 L Price/range* €111 /km €36,490 €35,295 £32,999",https://ev-database.org/#group=vehicle-group&rs-pr=10000_100000&rs-er=0_1000&rs-ld=0_1000&rs-ac=2_23&rs-dcfc=0_400&rs-ub=10_200&rs-tw=0_3000&rs-ef=100_350&rs-sa=-1_5&rs-w=1000_3500&rs-c=0_5000&rs-y=2010_2030&s=1&p=4-50
Dacia Spring Electric 100 Available to,https://ev-database.org/car/3409/Dacia-Spring-Electric-100,160.0,160.0,150.0,24.0,35.0,9.6,0.0,342.0,1111.0,"Dacia Spring Electric 100 Available to order since December 2025 A 4 V2 L H G Range* 160 km Efficiency* 150 Wh/km Weight 1,111 kg 0-100 9.6 sec 1-Stop Range 160 km Battery* 24.0 kWh Fastcharge 35 kW Towing 0 kg Cargo Vol. 342 L Price/range* €123 /km €18,700 €20,800 £16,990",https://ev-database.org/#group=vehicle-group&rs-pr=10000_100000&rs-er=0_1000&rs-ld=0_1000&rs-ac=2_23&rs-dcfc=0_400&rs-ub=10_200&rs-tw=0_3000&rs-ef=100_350&rs-sa=-1_5&rs-w=1000_3500&rs-c=0_5000&rs-y=2010_2030&s=1&p=4-50
Citroën C5 Aircross Long Range Discontinued,https://ev-database.org/car/3231/Citroen-C5-Aircross-Long-Range,485.0,492.0,200.0,96.9,135.0,8.8,1200.0,565.0,2246.0,"Citroën C5 Aircross Long Range Discontinued (November 2025 - March 2026) C 5 4 V2 L H G Range* 485 km Efficiency* 200 Wh/km Weight 2,246 kg 0-100 8.8 sec 1-Stop Range 492 km Battery 96.9 kWh Fastcharge 135 kW Towing 1,200 kg Cargo Vol. 565 L Price/range* €78 /km N/A N/A £32,935",https://ev-database.org/#group=vehicle-group&rs-pr=10000_100000&rs-er=0_1000&rs-ld=0_1000&rs-ac=2_23&rs-dcfc=0_400&rs-ub=10_200&rs-tw=0_3000&rs-ef=100_350&rs-sa=-1_5&rs-w=1000_3500&rs-c=0_5000&rs-y=2010_2030&s=1&p=4-50
Mini Cooper SE Available to order,https://ev-database.org/car/1998/Mini-Cooper-SE,330.0,356.0,149.0,49.2,75.0,6.7,0.0,200.0,1680.0,"Mini Cooper SE Available to order since November 2023 B 4 5 V2 L H G Range 330 km Efficiency 149 Wh/km Weight 1,680 kg 0-100 6.7 sec 1-Stop Range 356 km Battery 49.2 kWh Fastcharge 75 kW Towing 0 kg Cargo Vol. 200 L Price/range €117 /km €36,900 €38,990 £34,500",https://ev-database.org/#group=vehicle-group&rs-pr=10000_100000&rs-er=0_1000&rs-ld=0_1000&rs-ac=2_23&rs-dcfc=0_400&rs-ub=10_200&rs-tw=0_3000&rs-ef=100_350&rs-sa=-1_5&rs-w=1000_3500&rs-c=0_5000&rs-y=2010_2030&s=1&p=4-50
Tesla Model 3 Performance Discontinued (February,https://ev-database.org/car/1620/Tesla-Model-3-Performance,460.0,543.0,163.0,75.0,124.0,,0.0,649.0,1919.0,"Tesla Model 3 Performance Discontinued (February 2022 - October 2023) D 5 5 V2 L H G Range 460 km Efficiency 163 Wh/km Weight 1,919 kg 0-100* 3.6 sec 1-Stop Range 543 km Battery* 75.0 kWh Fastcharge 124 kW Towing 0 kg Cargo Vol. 649 L Price/range €130 /km €57,668 €54,993 £57,990",https://ev-database.org/#group=vehicle-group&rs-pr=10000_100000&rs-er=0_1000&rs-ld=0_1000&rs-ac=2_23&rs-dcfc=0_400&rs-ub=10_200&rs-tw=0_3000&rs-ef=100_350&rs-sa=-1_5&rs-w=1000_3500&rs-c=0_5000&rs-y=2010_2030&s=1&p=4-50
Hyundai IONIQ 6 Long Range 2WD,https://ev-database.org/car/1718/Hyundai-IONIQ-6-Long-Range-2WD,495.0,630.0,149.0,74.0,196.0,7.4,1500.0,446.0,1985.0,"Hyundai IONIQ 6 Long Range 2WD (MY23-25) Available to order since December 2022 D 5 5 V2 L H G Range 495 km Efficiency 149 Wh/km Weight 1,985 kg 0-100 7.4 sec 1-Stop Range 630 km Battery* 74.0 kWh Fastcharge 196 kW Towing 1,500 kg Cargo Vol. 446 L Price/range €107 /km €54,000 €50,895 £47,050",https://ev-database.org/#group=vehicle-group&rs-pr=10000_100000&rs-er=0_1000&rs-ld=0_1000&rs-ac=2_23&rs-dcfc=0_400&rs-ub=10_200&rs-tw=0_3000&rs-ef=100_350&rs-sa=-1_5&rs-w=1000_3500&rs-c=0_5000&rs-y=2010_2030&s=1&p=4-50
BMW iX1 eDrive20 (MY23-25) Discontinued (September,https://ev-database.org/car/1996/BMW-iX1-eDrive20,390.0,413.0,166.0,64.7,86.0,8.3,750.0,490.0,1940.0,"BMW iX1 eDrive20 (MY23-25) Discontinued (September 2023 - February 2026) C 5 V2 L H G Range* 390 km Efficiency* 166 Wh/km Weight 1,940 kg 0-100 8.3 sec 1-Stop Range 413 km Battery 64.7 kWh Fastcharge 86 kW Towing 750 kg Cargo Vol. 490 L Price/range* €129 /km €47,900 €50,620 £45,465",https://ev-database.org/#group=vehicle-group&rs-pr=10000_100000&rs-er=0_1000&rs-ld=0_1000&rs-ac=2_23&rs-dcfc=0_400&rs-ub=10_200&rs-tw=0_3000&rs-ef=100_350&rs-sa=-1_5&rs-w=1000_3500&rs-c=0_5000&rs-y=2010_2030&s=1&p=4-50
Toyota bZ4X Touring FWD 74.7 kWh,https://ev-database.org/car/3400/Toyota-bZ4X-Touring-FWD-747-kWh,400.0,433.0,178.0,71.0,110.0,7.2,750.0,600.0,1975.0,"Toyota bZ4X Touring FWD 74.7 kWh (MY26) Available to order since January 2026 D 5 V2 L H G Range* 400 km Efficiency* 178 Wh/km Weight 1,975 kg 0-100 7.2 sec 1-Stop Range 433 km Battery 71.0 kWh Fastcharge 110 kW Towing 750 kg Cargo Vol. 600 L Price/range* €122 /km N/A €48,995 N/A",https://ev-database.org/#group=vehicle-group&rs-pr=10000_100000&rs-er=0_1000&rs-ld=0_1000&rs-ac=2_23&rs-dcfc=0_400&rs-ub=10_200&rs-tw=0_3000&rs-ef=100_350&rs-sa=-1_5&rs-w=1000_3500&rs-c=0_5000&rs-y=2010_2030&s=1&p=4-50
TOGG T10F Long Range RWD Available,https://ev-database.org/car/3305/TOGG-T10F-Long-Range-RWD,490.0,531.0,173.0,85.0,115.0,7.5,0.0,505.0,2154.0,"TOGG T10F Long Range RWD Available to order since September 2025 D 5 5 V2 L H G Range* 490 km Efficiency* 173 Wh/km Weight 2,154 kg 0-100 7.5 sec 1-Stop Range 531 km Battery* 85.0 kWh Fastcharge 115 kW Towing 0 kg Cargo Vol. 505 L Price/range* €82 /km €40,118 N/A N/A",https://ev-database.org/#group=vehicle-group&rs-pr=10000_100000&rs-er=0_1000&rs-ld=0_1000&rs-ac=2_23&rs-dcfc=0_400&rs-ub=10_200&rs-tw=0_3000&rs-ef=100_350&rs-sa=-1_5&rs-w=1000_3500&rs-c=0_5000&rs-y=2010_2030&s=1&p=4-50
Mazda 6e Long Range 80 kWh,https://ev-database.org/car/3108/Mazda-6e-Long-Range-80-kWh,480.0,459.0,162.0,78.0,70.0,7.8,1500.0,526.0,2037.0,"Mazda 6e Long Range 80 kWh (MY25) Available to order since June 2025 D 5 5 V2 L H G Range* 480 km Efficiency* 162 Wh/km Weight 2,037 kg 0-100 7.8 sec 1-Stop Range 459 km Battery 78.0 kWh Fastcharge 70 kW Towing 1,500 kg Cargo Vol. 526 L Price/range* €97 /km €46,500 €46,590 N/A",https://ev-database.org/#group=vehicle-group&rs-pr=10000_100000&rs-er=0_1000&rs-ld=0_1000&rs-ac=2_23&rs-dcfc=0_400&rs-ub=10_200&rs-tw=0_3000&rs-ef=100_350&rs-sa=-1_5&rs-w=1000_3500&rs-c=0_5000&rs-y=2010_2030&s=1&p=4-50
Peugeot e-208 (MY20-21) Discontinued (February 2020,https://ev-database.org/car/1168/Peugeot-e-208,270.0,292.0,171.0,46.3,74.0,8.1,0.0,265.0,1530.0,"Peugeot e-208 (MY20-21) Discontinued (February 2020 - December 2021) B 5 4 V2 L H G Range 270 km Efficiency 171 Wh/km Weight 1,530 kg 0-100 8.1 sec 1-Stop Range 292 km Battery 46.3 kWh Fastcharge 74 kW Towing 0 kg Cargo Vol. 265 L Price/range €119 /km €30,450 €34,900 £27,225",https://ev-database.org/#group=vehicle-group&rs-pr=10000_100000&rs-er=0_1000&rs-ld=0_1000&rs-ac=2_23&rs-dcfc=0_400&rs-ub=10_200&rs-tw=0_3000&rs-ef=100_350&rs-sa=-1_5&rs-w=1000_3500&rs-c=0_5000&rs-y=2010_2030&s=1&p=4-50
Porsche Taycan Available to order since,https://ev-database.org/car/2098/Porsche-Taycan,495.0,622.0,166.0,82.3,195.0,4.8,0.0,491.0,2165.0,"Porsche Taycan Available to order since February 2024 F 5 V2 L H G Range* 495 km Efficiency* 166 Wh/km Weight 2,165 kg 0-100 4.8 sec 1-Stop Range 622 km Battery 82.3 kWh Fastcharge 195 kW Towing 0 kg Cargo Vol. 491 L Price/range* €207 /km €101,500 €107,000 £86,500",https://ev-database.org/#group=vehicle-group&rs-pr=10000_100000&rs-er=0_1000&rs-ld=0_1000&rs-ac=2_23&rs-dcfc=0_400&rs-ub=10_200&rs-tw=0_3000&rs-ef=100_350&rs-sa=-1_5&rs-w=1000_3500&rs-c=0_5000&rs-y=2010_2030&s=1&p=4-50
Subaru E-Outback AWD (MY26) Available to,https://ev-database.org/car/3506/Subaru-E-Outback-AWD,370.0,400.0,192.0,71.0,110.0,4.5,1500.0,633.0,2105.0,"Subaru E-Outback AWD (MY26) Available to order since March 2026 D 5 V2 L H G Range* 370 km Efficiency* 192 Wh/km Weight 2,105 kg 0-100 4.5 sec 1-Stop Range 400 km Battery 71.0 kWh Fastcharge 110 kW Towing 1,500 kg Cargo Vol. 633 L Price/range* €143 /km N/A €52,900 N/A",https://ev-database.org/#group=vehicle-group&rs-pr=10000_100000&rs-er=0_1000&rs-ld=0_1000&rs-ac=2_23&rs-dcfc=0_400&rs-ub=10_200&rs-tw=0_3000&rs-ef=100_350&rs-sa=-1_5&rs-w=1000_3500&rs-c=0_5000&rs-y=2010_2030&s=1&p=4-50
Citroën ë-C4 Available to order since,https://ev-database.org/car/3047/Citroen-e-C4,285.0,308.0,162.0,46.3,74.0,9.9,0.0,380.0,1646.0,"Citroën ë-C4 Available to order since October 2024 C 5 4 V2 L H G Range* 285 km Efficiency* 162 Wh/km Weight 1,646 kg 0-100 9.9 sec 1-Stop Range 308 km Battery 46.3 kWh Fastcharge 74 kW Towing 0 kg Cargo Vol. 380 L Price/range* €114 /km €31,900 €35,490 £26,150",https://ev-database.org/#group=vehicle-group&rs-pr=10000_100000&rs-er=0_1000&rs-ld=0_1000&rs-ac=2_23&rs-dcfc=0_400&rs-ub=10_200&rs-tw=0_3000&rs-ef=100_350&rs-sa=-1_5&rs-w=1000_3500&rs-c=0_5000&rs-y=2010_2030&s=1&p=4-50
Volvo EX60 P6 (MY27) Available to,https://ev-database.org/car/3441/Volvo-EX60-P6,455.0,562.0,176.0,80.0,190.0,5.9,2000.0,575.0,2190.0,"Volvo EX60 P6 (MY27) Available to order since January 2026 D 5 V2 L H G Range* 455 km Efficiency* 176 Wh/km Weight 2,190 kg 0-100 5.9 sec 1-Stop Range 562 km Battery 80.0 kWh Fastcharge 190 kW Towing 2,000 kg Cargo Vol. 575 L Price/range* €141 /km €62,990 €63,995 £56,860",https://ev-database.org/#group=vehicle-group&rs-pr=10000_100000&rs-er=0_1000&rs-ld=0_1000&rs-ac=2_23&rs-dcfc=0_400&rs-ub=10_200&rs-tw=0_3000&rs-ef=100_350&rs-sa=-1_5&rs-w=1000_3500&rs-c=0_5000&rs-y=2010_2030&s=1&p=4-50
MG MGS6 EV RWD 77 kWh,https://ev-database.org/car/3418/MG-MGS6-EV-RWD-77-kWh,405.0,419.0,183.0,74.3,90.0,7.3,1500.0,798.0,1983.0,"MG MGS6 EV RWD 77 kWh Available to order since December 2025 C 5 5 V2 L H G Range* 405 km Efficiency* 183 Wh/km Weight 1,983 kg 0-100 7.3 sec 1-Stop Range 419 km Battery 74.3 kWh Fastcharge 90 kW Towing 1,500 kg Cargo Vol. 798 L Price/range* €110 /km N/A €45,750 £37,995",https://ev-database.org/#group=vehicle-group&rs-pr=10000_100000&rs-er=0_1000&rs-ld=0_1000&rs-ac=2_23&rs-dcfc=0_400&rs-ub=10_200&rs-tw=0_3000&rs-ef=100_350&rs-sa=-1_5&rs-w=1000_3500&rs-c=0_5000&rs-y=2010_2030&s=1&p=4-50
Honda e Discontinued (August 2020 -,https://ev-database.org/car/1171/Honda-e,170.0,168.0,168.0,28.5,31.0,9.0,0.0,171.0,1588.0,"Honda e Discontinued (August 2020 - October 2022) B 4 4 V2 L H G Range 170 km Efficiency 168 Wh/km Weight 1,588 kg 0-100 9.0 sec 1-Stop Range 168 km Battery* 28.5 kWh Fastcharge 31 kW Towing 0 kg Cargo Vol. 171 L Price/range €215 /km €33,850 €36,160 £34,365",https://ev-database.org/#group=vehicle-group&rs-pr=10000_100000&rs-er=0_1000&rs-ld=0_1000&rs-ac=2_23&rs-dcfc=0_400&rs-ub=10_200&rs-tw=0_3000&rs-ef=100_350&rs-sa=-1_5&rs-w=1000_3500&rs-c=0_5000&rs-y=2010_2030&s=1&p=4-50
Tesla Model Y RWD (BYD LFP),https://ev-database.org/car/1974/Tesla-Model-Y-RWD,345.0,429.0,165.0,57.0,140.0,6.9,1600.0,971.0,1992.0,"Tesla Model Y RWD (BYD LFP) Discontinued (November 2022 - January 2025) D 5 5 V2 L H G Range 345 km Efficiency 165 Wh/km Weight 1,992 kg 0-100 6.9 sec 1-Stop Range 429 km Battery* 57.0 kWh Fastcharge 140 kW Towing 1,600 kg Cargo Vol. 971 L Price/range €139 /km €45,970 €45,990 £44,990",https://ev-database.org/#group=vehicle-group&rs-pr=10000_100000&rs-er=0_1000&rs-ld=0_1000&rs-ac=2_23&rs-dcfc=0_400&rs-ub=10_200&rs-tw=0_3000&rs-ef=100_350&rs-sa=-1_5&rs-w=1000_3500&rs-c=0_5000&rs-y=2010_2030&s=1&p=4-50
Tesla Model S 100D Discontinued (January,https://ev-database.org/car/1088/Tesla-Model-S-100D,485.0,486.0,196.0,95.0,100.0,4.3,0.0,895.0,2290.0,"Tesla Model S 100D Discontinued (January 2017 - February 2019) F 5 V2 L H G Range 485 km Efficiency 196 Wh/km Weight 2,290 kg 0-100 4.3 sec 1-Stop Range 486 km Battery* 95.0 kWh Fastcharge 100 kW Towing 0 kg Cargo Vol. 895 L Price/range €223 /km €108,420 €113,320 £89,650",https://ev-database.org/#group=vehicle-group&rs-pr=10000_100000&rs-er=0_1000&rs-ld=0_1000&rs-ac=2_23&rs-dcfc=0_400&rs-ub=10_200&rs-tw=0_3000&rs-ef=100_350&rs-sa=-1_5&rs-w=1000_3500&rs-c=0_5000&rs-y=2010_2030&s=1&p=4-50
Kia EV4 Fastback 81.4 kWh Available,https://ev-database.org/car/3122/Kia-EV4-Fastback-814-kWh,510.0,533.0,153.0,78.0,105.0,7.7,1000.0,490.0,1900.0,"Kia EV4 Fastback 81.4 kWh Available to order since July 2025 C 5 V2 L H G Range* 510 km Efficiency* 153 Wh/km Weight 1,900 kg 0-100 7.7 sec 1-Stop Range 533 km Battery* 78.0 kWh Fastcharge 105 kW Towing 1,000 kg Cargo Vol. 490 L Price/range* €91 /km €47,140 €44,595 £40,945",https://ev-database.org/#group=vehicle-group&rs-pr=10000_100000&rs-er=0_1000&rs-ld=0_1000&rs-ac=2_23&rs-dcfc=0_400&rs-ub=10_200&rs-tw=0_3000&rs-ef=100_350&rs-sa=-1_5&rs-w=1000_3500&rs-c=0_5000&rs-y=2010_2030&s=1&p=4-50
Toyota bZ4X AWD (MY22-24) Discontinued (June,https://ev-database.org/car/1565/Toyota-bZ4X-AWD,345.0,366.0,186.0,64.0,85.0,6.9,750.0,452.0,2070.0,"Toyota bZ4X AWD (MY22-24) Discontinued (June 2022 - November 2025) C 5 5 V2 L H G Range 345 km Efficiency 186 Wh/km Weight 2,070 kg 0-100 6.9 sec 1-Stop Range 366 km Battery 64.0 kWh Fastcharge 85 kW Towing 750 kg Cargo Vol. 452 L Price/range €154 /km €50,490 €52,995 £48,625",https://ev-database.org/#group=vehicle-group&rs-pr=10000_100000&rs-er=0_1000&rs-ld=0_1000&rs-ac=2_23&rs-dcfc=0_400&rs-ub=10_200&rs-tw=0_3000&rs-ef=100_350&rs-sa=-1_5&rs-w=1000_3500&rs-c=0_5000&rs-y=2010_2030&s=1&p=4-50
Volkswagen e-Up! Discontinued (August 2021 -,https://ev-database.org/car/1650/Volkswagen-e-Up,205.0,188.0,158.0,32.3,29.0,11.9,0.0,250.0,1248.0,"Volkswagen e-Up! Discontinued (August 2021 - October 2023) A 4 3 V2 L H G Range 205 km Efficiency 158 Wh/km Weight 1,248 kg 0-100 11.9 sec 1-Stop Range 188 km Battery 32.3 kWh Fastcharge 29 kW Towing 0 kg Cargo Vol. 250 L Price/range €136 /km €29,995 €25,850 £24,085",https://ev-database.org/#group=vehicle-group&rs-pr=10000_100000&rs-er=0_1000&rs-ld=0_1000&rs-ac=2_23&rs-dcfc=0_400&rs-ub=10_200&rs-tw=0_3000&rs-ef=100_350&rs-sa=-1_5&rs-w=1000_3500&rs-c=0_5000&rs-y=2010_2030&s=1&p=4-50
BYD SEAL 61.4 kWh RWD Comfort,https://ev-database.org/car/3102/BYD-SEAL-614-kWh-RWD-Comfort,365.0,384.0,168.0,61.4,75.0,7.5,750.0,453.0,2045.0,"BYD SEAL 61.4 kWh RWD Comfort (MY23-25) Available to order since January 2025 D 5 5 V2 L H G Range* 365 km Efficiency* 168 Wh/km Weight 2,045 kg 0-100 7.5 sec 1-Stop Range 384 km Battery 61.4 kWh Fastcharge 75 kW Towing 750 kg Cargo Vol. 453 L Price/range* €121 /km €46,990 €41,690 N/A",https://ev-database.org/#group=vehicle-group&rs-pr=10000_100000&rs-er=0_1000&rs-ld=0_1000&rs-ac=2_23&rs-dcfc=0_400&rs-ub=10_200&rs-tw=0_3000&rs-ef=100_350&rs-sa=-1_5&rs-w=1000_3500&rs-c=0_5000&rs-y=2010_2030&s=1&p=4-50
Volkswagen ID.4 Pro (MY27) Available to,https://ev-database.org/car/3496/Volkswagen-ID4-Pro,460.0,498.0,172.0,79.0,115.0,6.7,1000.0,533.0,2136.0,"Volkswagen ID.4 Pro (MY27) Available to order since March 2026 C 5 V2 L H G Range* 460 km Efficiency* 172 Wh/km Weight 2,136 kg 0-100 6.7 sec 1-Stop Range 498 km Battery 79.0 kWh Fastcharge 115 kW Towing 1,000 kg Cargo Vol. 533 L Price/range* €97 /km €46,825 €44,990 £36,995",https://ev-database.org/#group=vehicle-group&rs-pr=10000_100000&rs-er=0_1000&rs-ld=0_1000&rs-ac=2_23&rs-dcfc=0_400&rs-ub=10_200&rs-tw=0_3000&rs-ef=100_350&rs-sa=-1_5&rs-w=1000_3500&rs-c=0_5000&rs-y=2010_2030&s=1&p=4-50
Polestar 2 Long Range Single Motor,https://ev-database.org/car/1487/Polestar-2-Long-Range-Single-Motor,420.0,443.0,179.0,75.0,97.0,7.4,1500.0,440.0,2069.0,"Polestar 2 Long Range Single Motor (MY21-22) Discontinued (September 2021 - January 2023) D 5 5 V2 L H G Range 420 km Efficiency 179 Wh/km Weight 2,069 kg 0-100 7.4 sec 1-Stop Range 443 km Battery 75.0 kWh Fastcharge 97 kW Towing 1,500 kg Cargo Vol. 440 L Price/range €124 /km €50,995 €52,200 £46,450",https://ev-database.org/#group=vehicle-group&rs-pr=10000_100000&rs-er=0_1000&rs-ld=0_1000&rs-ac=2_23&rs-dcfc=0_400&rs-ub=10_200&rs-tw=0_3000&rs-ef=100_350&rs-sa=-1_5&rs-w=1000_3500&rs-c=0_5000&rs-y=2010_2030&s=1&p=4-50
firefly firefly Available to order since,https://ev-database.org/car/3178/firefly-firefly,240.0,256.0,172.0,41.2,65.0,8.1,0.0,496.0,1542.0,"firefly firefly Available to order since July 2025 B 5 5 V2 L H G Range 240 km Efficiency 172 Wh/km Weight 1,542 kg 0-100 8.1 sec 1-Stop Range 256 km Battery 41.2 kWh Fastcharge 65 kW Towing 0 kg Cargo Vol. 496 L Price/range €125 /km N/A €29,900 N/A",https://ev-database.org/#group=vehicle-group&rs-pr=10000_100000&rs-er=0_1000&rs-ld=0_1000&rs-ac=2_23&rs-dcfc=0_400&rs-ub=10_200&rs-tw=0_3000&rs-ef=100_350&rs-sa=-1_5&rs-w=1000_3500&rs-c=0_5000&rs-y=2010_2030&s=1&p=4-50
Tesla Model X Plaid Discontinued (November,https://ev-database.org/car/1408/Tesla-Model-X-Plaid,465.0,516.0,204.0,95.0,,,2250.0,608.0,2539.0,"Tesla Model X Plaid Discontinued (November 2022 - July 2025) F 6 V2 L H G Range* 465 km Efficiency* 204 Wh/km Weight 2,539 kg 0-100* 2.9 sec 1-Stop Range 516 km Battery* 95.0 kWh Fastcharge* 140 kW Towing 2,250 kg Cargo Vol. 608 L Price/range* €280 /km €125,970 €125,990 * £120,000",https://ev-database.org/#group=vehicle-group&rs-pr=10000_100000&rs-er=0_1000&rs-ld=0_1000&rs-ac=2_23&rs-dcfc=0_400&rs-ub=10_200&rs-tw=0_3000&rs-ef=100_350&rs-sa=-1_5&rs-w=1000_3500&rs-c=0_5000&rs-y=2010_2030&s=1&p=4-50
Audi A6 Sportback e-tron performance (MY25),https://ev-database.org/car/2270/Audi-A6-Sportback-e-tron-performance,600.0,718.0,158.0,94.9,186.0,5.4,2100.0,529.0,2250.0,"Audi A6 Sportback e-tron performance (MY25) Available to order since September 2024 E 5 5 V2 L H G Range* 600 km Efficiency* 158 Wh/km Weight 2,250 kg 0-100 5.4 sec 1-Stop Range 718 km Battery 94.9 kWh Fastcharge 186 kW Towing 2,100 kg Cargo Vol. 529 L Price/range* €129 /km €75,600 €75,990 £69,940",https://ev-database.org/#group=vehicle-group&rs-pr=10000_100000&rs-er=0_1000&rs-ld=0_1000&rs-ac=2_23&rs-dcfc=0_400&rs-ub=10_200&rs-tw=0_3000&rs-ef=100_350&rs-sa=-1_5&rs-w=1000_3500&rs-c=0_5000&rs-y=2010_2030&s=1&p=4-50
Hyundai IONIQ 9 Long Range AWD,https://ev-database.org/car/3068/Hyundai-IONIQ-9-Long-Range-AWD,495.0,567.0,214.0,106.0,195.0,6.7,2500.0,390.0,2653.0,"Hyundai IONIQ 9 Long Range AWD Available to order since June 2025 F 7 5 V2 L H G Range 495 km Efficiency 214 Wh/km Weight 2,653 kg 0-100 6.7 sec 1-Stop Range 567 km Battery* 106.0 kWh Fastcharge 195 kW Towing 2,500 kg Cargo Vol. 390 L Price/range €160 /km €81,500 €71,995 £73,495",https://ev-database.org/#group=vehicle-group&rs-pr=10000_100000&rs-er=0_1000&rs-ld=0_1000&rs-ac=2_23&rs-dcfc=0_400&rs-ub=10_200&rs-tw=0_3000&rs-ef=100_350&rs-sa=-1_5&rs-w=1000_3500&rs-c=0_5000&rs-y=2010_2030&s=1&p=4-50
MG MGS5 EV 49 kWh Available,https://ev-database.org/car/3146/MG-MGS5-EV-49-kWh,275.0,309.0,171.0,47.1,80.0,8.0,750.0,453.0,1710.0,"MG MGS5 EV 49 kWh Available to order since March 2025 C 5 5 V2 L H G Range* 275 km Efficiency* 171 Wh/km Weight 1,710 kg 0-100 8.0 sec 1-Stop Range 309 km Battery 47.1 kWh Fastcharge 80 kW Towing 750 kg Cargo Vol. 453 L Price/range* €127 /km €37,990 €33,850 £28,745",https://ev-database.org/#group=vehicle-group&rs-pr=10000_100000&rs-er=0_1000&rs-ld=0_1000&rs-ac=2_23&rs-dcfc=0_400&rs-ub=10_200&rs-tw=0_3000&rs-ef=100_350&rs-sa=-1_5&rs-w=1000_3500&rs-c=0_5000&rs-y=2010_2030&s=1&p=4-50
Toyota bZ4X Touring AWD 74.7 kWh,https://ev-database.org/car/3401/Toyota-bZ4X-Touring-AWD-747-kWh,385.0,419.0,184.0,71.0,110.0,4.4,1500.0,600.0,2075.0,"Toyota bZ4X Touring AWD 74.7 kWh (MY26) Available to order since January 2026 D 5 V2 L H G Range* 385 km Efficiency* 184 Wh/km Weight 2,075 kg 0-100 4.4 sec 1-Stop Range 419 km Battery 71.0 kWh Fastcharge 110 kW Towing 1,500 kg Cargo Vol. 600 L Price/range* €138 /km N/A €52,995 N/A",https://ev-database.org/#group=vehicle-group&rs-pr=10000_100000&rs-er=0_1000&rs-ld=0_1000&rs-ac=2_23&rs-dcfc=0_400&rs-ub=10_200&rs-tw=0_3000&rs-ef=100_350&rs-sa=-1_5&rs-w=1000_3500&rs-c=0_5000&rs-y=2010_2030&s=1&p=4-50
Ford Explorer Extended Range RWD (MY26),https://ev-database.org/car/3454/Ford-Explorer-Extended-Range-RWD,450.0,500.0,176.0,79.0,135.0,6.4,1200.0,532.0,2090.0,"Ford Explorer Extended Range RWD (MY26) Available to order since January 2026 C 5 V2 L H G Range* 450 km Efficiency* 176 Wh/km Weight 2,090 kg 0-100 6.4 sec 1-Stop Range 500 km Battery 79.0 kWh Fastcharge 135 kW Towing 1,200 kg Cargo Vol. 532 L Price/range* €100 /km €48,900 €43,850 £36,985",https://ev-database.org/#group=vehicle-group&rs-pr=10000_100000&rs-er=0_1000&rs-ld=0_1000&rs-ac=2_23&rs-dcfc=0_400&rs-ub=10_200&rs-tw=0_3000&rs-ef=100_350&rs-sa=-1_5&rs-w=1000_3500&rs-c=0_5000&rs-y=2010_2030&s=1&p=4-50
Tesla Model 3 Long Range AWD,https://ev-database.org/car/1321/Tesla-Model-3-Long-Range-AWD,465.0,534.0,155.0,72.0,108.0,4.4,1000.0,649.0,1919.0,"Tesla Model 3 Long Range AWD Discontinued (November 2020 - February 2022) D 5 5 V2 L H G Range 465 km Efficiency 155 Wh/km Weight 1,919 kg 0-100 4.4 sec 1-Stop Range 534 km Battery* 72.0 kWh Fastcharge 108 kW Towing 1,000 kg Cargo Vol. 649 L Price/range €121 /km €53,560 €57,990 £49,990",https://ev-database.org/#group=vehicle-group&rs-pr=10000_100000&rs-er=0_1000&rs-ld=0_1000&rs-ac=2_23&rs-dcfc=0_400&rs-ub=10_200&rs-tw=0_3000&rs-ef=100_350&rs-sa=-1_5&rs-w=1000_3500&rs-c=0_5000&rs-y=2010_2030&s=1&p=4-50
Hyundai IONIQ 6 Standard Range 2WD,https://ev-database.org/car/1717/Hyundai-IONIQ-6-Standard-Range-2WD,335.0,418.0,149.0,50.0,120.0,8.8,750.0,446.0,1850.0,"Hyundai IONIQ 6 Standard Range 2WD (MY23-25) Available to order since January 2023 D 5 5 V2 L H G Range* 335 km Efficiency* 149 Wh/km Weight 1,850 kg 0-100 8.8 sec 1-Stop Range 418 km Battery* 50.0 kWh Fastcharge 120 kW Towing 750 kg Cargo Vol. 446 L Price/range* €134 /km €43,900 €45,895 N/A",https://ev-database.org/#group=vehicle-group&rs-pr=10000_100000&rs-er=0_1000&rs-ld=0_1000&rs-ac=2_23&rs-dcfc=0_400&rs-ub=10_200&rs-tw=0_3000&rs-ef=100_350&rs-sa=-1_5&rs-w=1000_3500&rs-c=0_5000&rs-y=2010_2030&s=1&p=4-50
Polestar 4 Long Range Single Motor,https://ev-database.org/car/1841/Polestar-4-Long-Range-Single-Motor,495.0,533.0,190.0,94.0,135.0,7.4,1500.0,541.0,2305.0,"Polestar 4 Long Range Single Motor (MY24) Available to order since January 2024 E 5 5 V2 L H G Range* 495 km Efficiency* 190 Wh/km Weight 2,305 kg 0-100 7.4 sec 1-Stop Range 533 km Battery 94.0 kWh Fastcharge 135 kW Towing 1,500 kg Cargo Vol. 541 L Price/range* €133 /km €63,200 €64,800 £59,990",https://ev-database.org/#group=vehicle-group&rs-pr=10000_100000&rs-er=0_1000&rs-ld=0_1000&rs-ac=2_23&rs-dcfc=0_400&rs-ub=10_200&rs-tw=0_3000&rs-ef=100_350&rs-sa=-1_5&rs-w=1000_3500&rs-c=0_5000&rs-y=2010_2030&s=1&p=4-50
BMW iX1 eDrive20 (MY26) Available to,https://ev-database.org/car/3458/BMW-iX1-eDrive20,400.0,429.0,163.0,65.2,95.0,8.3,750.0,490.0,1940.0,"BMW iX1 eDrive20 (MY26) Available to order since February 2026 C 5 V2 L H G Range* 400 km Efficiency* 163 Wh/km Weight 1,940 kg 0-100 8.3 sec 1-Stop Range 429 km Battery 65.2 kWh Fastcharge 95 kW Towing 750 kg Cargo Vol. 490 L Price/range* €122 /km €49,400 €46,405 £43,555",https://ev-database.org/#group=vehicle-group&rs-pr=10000_100000&rs-er=0_1000&rs-ld=0_1000&rs-ac=2_23&rs-dcfc=0_400&rs-ub=10_200&rs-tw=0_3000&rs-ef=100_350&rs-sa=-1_5&rs-w=1000_3500&rs-c=0_5000&rs-y=2010_2030&s=1&p=4-50
Mazda MX-30 Discontinued (May 2022 -,https://ev-database.org/car/1680/Mazda-MX-30,170.0,167.0,176.0,30.0,30.0,9.7,0.0,366.0,1720.0,"Mazda MX-30 Discontinued (May 2022 - December 2024) C 5 5 V2 L H G Range 170 km Efficiency 176 Wh/km Weight 1,720 kg 0-100 9.7 sec 1-Stop Range 167 km Battery* 30.0 kWh Fastcharge 30 kW Towing 0 kg Cargo Vol. 366 L Price/range €212 /km €35,990 €36,440 £31,250",https://ev-database.org/#group=vehicle-group&rs-pr=10000_100000&rs-er=0_1000&rs-ld=0_1000&rs-ac=2_23&rs-dcfc=0_400&rs-ub=10_200&rs-tw=0_3000&rs-ef=100_350&rs-sa=-1_5&rs-w=1000_3500&rs-c=0_5000&rs-y=2010_2030&s=1&p=4-50
Smart #5 Brabus (MY25) Available to,https://ev-database.org/car/3179/Smart-5-Brabus,460.0,570.0,209.0,96.0,230.0,3.8,1600.0,677.0,2453.0,"Smart #5 Brabus (MY25) Available to order since May 2025 D 5 5 V2 L H G Range 460 km Efficiency 209 Wh/km Weight 2,453 kg 0-100 3.8 sec 1-Stop Range 570 km Battery* 96.0 kWh Fastcharge 230 kW Towing 1,600 kg Cargo Vol. 677 L Price/range €133 /km €60,900 €63,440 £51,800",https://ev-database.org/#group=vehicle-group&rs-pr=10000_100000&rs-er=0_1000&rs-ld=0_1000&rs-ac=2_23&rs-dcfc=0_400&rs-ub=10_200&rs-tw=0_3000&rs-ef=100_350&rs-sa=-1_5&rs-w=1000_3500&rs-c=0_5000&rs-y=2010_2030&s=1&p=4-50
Hyundai IONIQ 5 N (MY24) Available,https://ev-database.org/car/2044/Hyundai-IONIQ-5-N,390.0,476.0,205.0,80.0,196.0,3.4,0.0,480.0,2225.0,"Hyundai IONIQ 5 N (MY24) Available to order since November 2023 C 5 5 V2 L H G Range 390 km Efficiency 205 Wh/km Weight 2,225 kg 0-100 3.4 sec 1-Stop Range 476 km Battery* 80.0 kWh Fastcharge 196 kW Towing 0 kg Cargo Vol. 480 L Price/range €191 /km €74,900 €73,995 £65,000",https://ev-database.org/#group=vehicle-group&rs-pr=10000_100000&rs-er=0_1000&rs-ld=0_1000&rs-ac=2_23&rs-dcfc=0_400&rs-ub=10_200&rs-tw=0_3000&rs-ef=100_350&rs-sa=-1_5&rs-w=1000_3500&rs-c=0_5000&rs-y=2010_2030&s=1&p=4-50
Mazda 6e 78 kWh (MY26) Available,https://ev-database.org/car/3466/Mazda-6e-78-kWh,470.0,545.0,164.0,77.0,135.0,7.9,1500.0,528.0,2090.0,"Mazda 6e 78 kWh (MY26) Available to order since February 2026 D 5 V2 L H G Range* 470 km Efficiency* 164 Wh/km Weight 2,090 kg 0-100 7.9 sec 1-Stop Range 545 km Battery* 77.0 kWh Fastcharge 135 kW Towing 1,500 kg Cargo Vol. 528 L Price/range* €95 /km N/A N/A £38,995",https://ev-database.org/#group=vehicle-group&rs-pr=10000_100000&rs-er=0_1000&rs-ld=0_1000&rs-ac=2_23&rs-dcfc=0_400&rs-ub=10_200&rs-tw=0_3000&rs-ef=100_350&rs-sa=-1_5&rs-w=1000_3500&rs-c=0_5000&rs-y=2010_2030&s=1&p=4-50
Smart EQ fortwo coupe Discontinued (January,https://ev-database.org/car/1230/Smart-EQ-fortwo-coupe,100.0,71.0,167.0,16.7,0.0,11.6,0.0,260.0,1095.0,"Smart EQ fortwo coupe Discontinued (January 2020 - May 2023) A 2 V2 L H G Range 100 km Efficiency 167 Wh/km Weight 1,095 kg 0-100 11.6 sec 1-Stop Range 71 km Battery* 16.7 kWh Fastcharge 0 kW Towing 0 kg Cargo Vol. 260 L Price/range €241 /km €21,940 €24,885 £22,225",https://ev-database.org/#group=vehicle-group&rs-pr=10000_100000&rs-er=0_1000&rs-ld=0_1000&rs-ac=2_23&rs-dcfc=0_400&rs-ub=10_200&rs-tw=0_3000&rs-ef=100_350&rs-sa=-1_5&rs-w=1000_3500&rs-c=0_5000&rs-y=2010_2030&s=1&p=4-50
Tesla Model 3 Standard Range Plus,https://ev-database.org/car/1320/Tesla-Model-3-Standard-Range-Plus,350.0,412.0,150.0,52.5,95.0,5.6,1000.0,649.0,1825.0,"Tesla Model 3 Standard Range Plus (CATL LFP55) Discontinued (November 2020 - December 2021) D 5 5 V2 L H G Range 350 km Efficiency 150 Wh/km Weight 1,825 kg 0-100 5.6 sec 1-Stop Range 412 km Battery* 52.5 kWh Fastcharge 95 kW Towing 1,000 kg Cargo Vol. 649 L Price/range €136 /km €45,560 €49,990 £40,990",https://ev-database.org/#group=vehicle-group&rs-pr=10000_100000&rs-er=0_1000&rs-ld=0_1000&rs-ac=2_23&rs-dcfc=0_400&rs-ub=10_200&rs-tw=0_3000&rs-ef=100_350&rs-sa=-1_5&rs-w=1000_3500&rs-c=0_5000&rs-y=2010_2030&s=1&p=4-50
Hyundai Kona Electric 39 kWh (MY22-23),https://ev-database.org/car/1422/Hyundai-Kona-Electric-39-kWh,245.0,223.0,160.0,39.2,37.0,9.9,0.0,332.0,1610.0,"Hyundai Kona Electric 39 kWh (MY22-23) Discontinued (June 2021 - December 2023) B 5 V2 L H G Range* 245 km Efficiency* 160 Wh/km Weight 1,610 kg 0-100 9.9 sec 1-Stop Range 223 km Battery 39.2 kWh Fastcharge 37 kW Towing 0 kg Cargo Vol. 332 L Price/range* €149 /km €36,400 €35,495 £32,450",https://ev-database.org/#group=vehicle-group&rs-pr=10000_100000&rs-er=0_1000&rs-ld=0_1000&rs-ac=2_23&rs-dcfc=0_400&rs-ub=10_200&rs-tw=0_3000&rs-ef=100_350&rs-sa=-1_5&rs-w=1000_3500&rs-c=0_5000&rs-y=2010_2030&s=1&p=4-50
Volkswagen ID.3 Pro Discontinued (March 2023,https://ev-database.org/car/1831/Volkswagen-ID3-Pro,350.0,378.0,166.0,58.0,82.0,7.3,0.0,385.0,1815.0,"Volkswagen ID.3 Pro Discontinued (March 2023 - June 2024) C 5 5 V2 L H G Range 350 km Efficiency 166 Wh/km Weight 1,815 kg 0-100 7.3 sec 1-Stop Range 378 km Battery 58.0 kWh Fastcharge 82 kW Towing 0 kg Cargo Vol. 385 L Price/range €125 /km €39,995 €39,990 £44,990",https://ev-database.org/#group=vehicle-group&rs-pr=10000_100000&rs-er=0_1000&rs-ld=0_1000&rs-ac=2_23&rs-dcfc=0_400&rs-ub=10_200&rs-tw=0_3000&rs-ef=100_350&rs-sa=-1_5&rs-w=1000_3500&rs-c=0_5000&rs-y=2010_2030&s=1&p=4-50
Volkswagen ID.3 1st Discontinued (July 2020,https://ev-database.org/car/1300/Volkswagen-ID3-1st,350.0,369.0,166.0,58.0,75.0,7.3,0.0,385.0,1794.0,"Volkswagen ID.3 1st Discontinued (July 2020 - April 2021) C 5 5 V2 L H G Range 350 km Efficiency 166 Wh/km Weight 1,794 kg 0-100 7.3 sec 1-Stop Range 369 km Battery 58.0 kWh Fastcharge 75 kW Towing 0 kg Cargo Vol. 385 L Price/range €113 /km €38,987 €37,990 £35,880",https://ev-database.org/#group=vehicle-group&rs-pr=10000_100000&rs-er=0_1000&rs-ld=0_1000&rs-ac=2_23&rs-dcfc=0_400&rs-ub=10_200&rs-tw=0_3000&rs-ef=100_350&rs-sa=-1_5&rs-w=1000_3500&rs-c=0_5000&rs-y=2010_2030&s=1&p=4-50
Alpine A290 Electric 220 hp Available,https://ev-database.org/car/2269/Alpine-A290-Electric-220-hp,305.0,320.0,170.0,52.0,75.0,6.4,500.0,326.0,1554.0,"Alpine A290 Electric 220 hp Available to order since July 2024 B 5 4 V2 L H G Range* 305 km Efficiency* 170 Wh/km Weight 1,554 kg 0-100 6.4 sec 1-Stop Range 320 km Battery 52.0 kWh Fastcharge 75 kW Towing 500 kg Cargo Vol. 326 L Price/range* €132 /km €41,900 €41,800 £32,250",https://ev-database.org/#group=vehicle-group&rs-pr=10000_100000&rs-er=0_1000&rs-ld=0_1000&rs-ac=2_23&rs-dcfc=0_400&rs-ub=10_200&rs-tw=0_3000&rs-ef=100_350&rs-sa=-1_5&rs-w=1000_3500&rs-c=0_5000&rs-y=2010_2030&s=1&p=4-50
MG ZS EV Discontinued (November 2019,https://ev-database.org/car/1201/MG-ZS-EV,220.0,220.0,193.0,42.5,50.0,8.2,0.0,448.0,1566.0,"MG ZS EV Discontinued (November 2019 - October 2021) B 5 5 V2 L H G Range 220 km Efficiency 193 Wh/km Weight 1,566 kg 0-100 8.2 sec 1-Stop Range 220 km Battery* 42.5 kWh Fastcharge 50 kW Towing 0 kg Cargo Vol. 448 L Price/range €143 /km €31,990 €30,985 N/A",https://ev-database.org/#group=vehicle-group&rs-pr=10000_100000&rs-er=0_1000&rs-ld=0_1000&rs-ac=2_23&rs-dcfc=0_400&rs-ub=10_200&rs-tw=0_3000&rs-ef=100_350&rs-sa=-1_5&rs-w=1000_3500&rs-c=0_5000&rs-y=2010_2030&s=1&p=4-50
XPENG G9 RWD Standard Range (MY25),https://ev-database.org/car/3277/XPENG-G9-RWD-Standard-Range,410.0,528.0,191.0,78.2,280.0,6.6,1500.0,731.0,2285.0,"XPENG G9 RWD Standard Range (MY25) Available to order since August 2025 E 5 V2 L H G Range* 410 km Efficiency* 191 Wh/km Weight 2,285 kg 0-100 6.6 sec 1-Stop Range 528 km Battery 78.2 kWh Fastcharge 280 kW Towing 1,500 kg Cargo Vol. 731 L Price/range* €146 /km €59,600 €59,990 N/A",https://ev-database.org/#group=vehicle-group&rs-pr=10000_100000&rs-er=0_1000&rs-ld=0_1000&rs-ac=2_23&rs-dcfc=0_400&rs-ub=10_200&rs-tw=0_3000&rs-ef=100_350&rs-sa=-1_5&rs-w=1000_3500&rs-c=0_5000&rs-y=2010_2030&s=1&p=4-50
Volkswagen ID.3 Pro S (MY26) Available,https://ev-database.org/car/3334/Volkswagen-ID3-Pro-S,475.0,536.0,166.0,79.0,135.0,7.1,0.0,385.0,1957.0,"Volkswagen ID.3 Pro S (MY26) Available to order since July 2025 C 5 5 V2 L H G Range* 475 km Efficiency* 166 Wh/km Weight 1,957 kg 0-100 7.1 sec 1-Stop Range 536 km Battery 79.0 kWh Fastcharge 135 kW Towing 0 kg Cargo Vol. 385 L Price/range* €88 /km €44,025 €39,990 £35,495",https://ev-database.org/#group=vehicle-group&rs-pr=10000_100000&rs-er=0_1000&rs-ld=0_1000&rs-ac=2_23&rs-dcfc=0_400&rs-ub=10_200&rs-tw=0_3000&rs-ef=100_350&rs-sa=-1_5&rs-w=1000_3500&rs-c=0_5000&rs-y=2010_2030&s=1&p=4-50
CUPRA Raval VZ Available to order,https://ev-database.org/car/3510/CUPRA-Raval-VZ,310.0,337.0,168.0,52.0,95.0,6.8,1200.0,441.0,1615.0,"CUPRA Raval VZ Available to order since April 2026 B 5 V2 L H G Range* 310 km Efficiency* 168 Wh/km Weight 1,615 kg 0-100 6.8 sec 1-Stop Range 337 km Battery 52.0 kWh Fastcharge 95 kW Towing 1,200 kg Cargo Vol. 441 L Price/range* €134 /km €46,525 €37,990 * £34,995",https://ev-database.org/#group=vehicle-group&rs-pr=10000_100000&rs-er=0_1000&rs-ld=0_1000&rs-ac=2_23&rs-dcfc=0_400&rs-ub=10_200&rs-tw=0_3000&rs-ef=100_350&rs-sa=-1_5&rs-w=1000_3500&rs-c=0_5000&rs-y=2010_2030&s=1&p=4-50
Mercedes-Benz EQA 250+ Available to order,https://ev-database.org/car/1985/Mercedes-Benz-EQA-250plus,420.0,414.0,168.0,70.5,90.0,8.6,1500.0,340.0,2050.0,"Mercedes-Benz EQA 250+ Available to order since October 2023 C 5 V2 L H G Range 420 km Efficiency 168 Wh/km Weight 2,050 kg 0-100 8.6 sec 1-Stop Range 414 km Battery 70.5 kWh Fastcharge 90 kW Towing 1,500 kg Cargo Vol. 340 L Price/range €126 /km €52,205 €48,936 £49,750",https://ev-database.org/#group=vehicle-group&rs-pr=10000_100000&rs-er=0_1000&rs-ld=0_1000&rs-ac=2_23&rs-dcfc=0_400&rs-ub=10_200&rs-tw=0_3000&rs-ef=100_350&rs-sa=-1_5&rs-w=1000_3500&rs-c=0_5000&rs-y=2010_2030&s=1&p=5-50
Audi e-tron GT quattro Discontinued (March,https://ev-database.org/car/1420/Audi-e-tron-GT-quattro,415.0,512.0,202.0,83.7,200.0,4.1,0.0,490.0,2350.0,"Audi e-tron GT quattro Discontinued (March 2021 - March 2024) F 4 V2 L H G Range* 415 km Efficiency* 202 Wh/km Weight 2,350 kg 0-100 4.1 sec 1-Stop Range 512 km Battery 83.7 kWh Fastcharge 200 kW Towing 0 kg Cargo Vol. 490 L Price/range* €256 /km €106,050 €111,505 £87,800",https://ev-database.org/#group=vehicle-group&rs-pr=10000_100000&rs-er=0_1000&rs-ld=0_1000&rs-ac=2_23&rs-dcfc=0_400&rs-ub=10_200&rs-tw=0_3000&rs-ef=100_350&rs-sa=-1_5&rs-w=1000_3500&rs-c=0_5000&rs-y=2010_2030&s=1&p=5-50
CUPRA Tavascan Endurance Available to order,https://ev-database.org/car/1971/CUPRA-Tavascan-Endurance,445.0,467.0,173.0,77.0,120.0,6.8,1000.0,540.0,2178.0,"CUPRA Tavascan Endurance Available to order since June 2024 C 5 5 V2 L H G Range* 445 km Efficiency* 173 Wh/km Weight 2,178 kg 0-100 6.8 sec 1-Stop Range 467 km Battery 77.0 kWh Fastcharge 120 kW Towing 1,000 kg Cargo Vol. 540 L Price/range* €113 /km €53,340 €42,990 £47,350",https://ev-database.org/#group=vehicle-group&rs-pr=10000_100000&rs-er=0_1000&rs-ld=0_1000&rs-ac=2_23&rs-dcfc=0_400&rs-ub=10_200&rs-tw=0_3000&rs-ef=100_350&rs-sa=-1_5&rs-w=1000_3500&rs-c=0_5000&rs-y=2010_2030&s=1&p=5-50
Audi Q6 SUV e-tron quattro (MY24-25),https://ev-database.org/car/2146/Audi-Q6-SUV-e-tron-quattro,480.0,558.0,198.0,94.9,186.0,5.9,2400.0,590.0,2400.0,"Audi Q6 SUV e-tron quattro (MY24-25) Discontinued (April 2024 - December 2025) D 5 5 V2 L H G Range 480 km Efficiency 198 Wh/km Weight 2,400 kg 0-100 5.9 sec 1-Stop Range 558 km Battery 94.9 kWh Fastcharge 186 kW Towing 2,400 kg Cargo Vol. 590 L Price/range €161 /km €74,700 €77,950 £68,975",https://ev-database.org/#group=vehicle-group&rs-pr=10000_100000&rs-er=0_1000&rs-ld=0_1000&rs-ac=2_23&rs-dcfc=0_400&rs-ub=10_200&rs-tw=0_3000&rs-ef=100_350&rs-sa=-1_5&rs-w=1000_3500&rs-c=0_5000&rs-y=2010_2030&s=1&p=5-50
Volkswagen ID.3 Pro Discontinued (July 2021,https://ev-database.org/car/1531/Volkswagen-ID3-Pro,350.0,372.0,166.0,58.0,75.0,9.6,0.0,385.0,1812.0,"Volkswagen ID.3 Pro Discontinued (July 2021 - December 2022) C 5 5 V2 L H G Range 350 km Efficiency 166 Wh/km Weight 1,812 kg 0-100 9.6 sec 1-Stop Range 372 km Battery 58.0 kWh Fastcharge 75 kW Towing 0 kg Cargo Vol. 385 L Price/range €104 /km €35,460 €38,390 £30,700",https://ev-database.org/#group=vehicle-group&rs-pr=10000_100000&rs-er=0_1000&rs-ld=0_1000&rs-ac=2_23&rs-dcfc=0_400&rs-ub=10_200&rs-tw=0_3000&rs-ef=100_350&rs-sa=-1_5&rs-w=1000_3500&rs-c=0_5000&rs-y=2010_2030&s=1&p=5-50
Mercedes-Benz EQB 300 4MATIC Discontinued (October,https://ev-database.org/car/1989/Mercedes-Benz-EQB-300-4MATIC,345.0,357.0,193.0,66.5,100.0,8.0,1700.0,495.0,2165.0,"Mercedes-Benz EQB 300 4MATIC Discontinued (October 2023 - January 2026) C 7 V2 L H G Range 345 km Efficiency 193 Wh/km Weight 2,165 kg 0-100 8.0 sec 1-Stop Range 357 km Battery 66.5 kWh Fastcharge 100 kW Towing 1,700 kg Cargo Vol. 495 L Price/range €174 /km €55,519 €61,379 £55,310",https://ev-database.org/#group=vehicle-group&rs-pr=10000_100000&rs-er=0_1000&rs-ld=0_1000&rs-ac=2_23&rs-dcfc=0_400&rs-ub=10_200&rs-tw=0_3000&rs-ef=100_350&rs-sa=-1_5&rs-w=1000_3500&rs-c=0_5000&rs-y=2010_2030&s=1&p=5-50
GWM ORA 03 48 kWh Available,https://ev-database.org/car/2091/GWM-ORA-03-48-kWh,260.0,247.0,175.0,45.4,45.0,8.3,0.0,228.0,1615.0,"GWM ORA 03 48 kWh Available to order since January 2024 C 5 5 V2 L H G Range* 260 km Efficiency* 175 Wh/km Weight 1,615 kg 0-100 8.3 sec 1-Stop Range 247 km Battery 45.4 kWh Fastcharge 45 kW Towing 0 kg Cargo Vol. 228 L Price/range* €123 /km €26,990 N/A £31,995",https://ev-database.org/#group=vehicle-group&rs-pr=10000_100000&rs-er=0_1000&rs-ld=0_1000&rs-ac=2_23&rs-dcfc=0_400&rs-ub=10_200&rs-tw=0_3000&rs-ef=100_350&rs-sa=-1_5&rs-w=1000_3500&rs-c=0_5000&rs-y=2010_2030&s=1&p=5-50
Voyah Free 106 kWh Available to,https://ev-database.org/car/2049/Voyah-Free-106-kWh,480.0,433.0,208.0,100.0,,4.4,2000.0,622.0,2415.0,"Voyah Free 106 kWh Available to order since December 2023 E 5 V2 L H G Range* 480 km Efficiency* 208 Wh/km Weight 2,415 kg 0-100 4.4 sec 1-Stop Range 433 km Battery 100.0 kWh Fastcharge* 80 kW Towing 2,000 kg Cargo Vol. 622 L Price/range* €112 /km N/A €53,990 N/A",https://ev-database.org/#group=vehicle-group&rs-pr=10000_100000&rs-er=0_1000&rs-ld=0_1000&rs-ac=2_23&rs-dcfc=0_400&rs-ub=10_200&rs-tw=0_3000&rs-ef=100_350&rs-sa=-1_5&rs-w=1000_3500&rs-c=0_5000&rs-y=2010_2030&s=1&p=5-50
MG MGS6 EV Dual Motor 77,https://ev-database.org/car/3419/MG-MGS6-EV-Dual-Motor-77-kWh,395.0,407.0,188.0,74.3,90.0,5.1,1500.0,776.0,2080.0,"MG MGS6 EV Dual Motor 77 kWh Available to order since December 2025 C 5 5 V2 L H G Range 395 km Efficiency 188 Wh/km Weight 2,080 kg 0-100 5.1 sec 1-Stop Range 407 km Battery 74.3 kWh Fastcharge 90 kW Towing 1,500 kg Cargo Vol. 776 L Price/range €126 /km N/A €48,750 £43,995",https://ev-database.org/#group=vehicle-group&rs-pr=10000_100000&rs-er=0_1000&rs-ld=0_1000&rs-ac=2_23&rs-dcfc=0_400&rs-ub=10_200&rs-tw=0_3000&rs-ef=100_350&rs-sa=-1_5&rs-w=1000_3500&rs-c=0_5000&rs-y=2010_2030&s=1&p=5-50
Volkswagen ID.3 Neo 50 kWh (MY27),https://ev-database.org/car/3520/Volkswagen-ID3-Neo-50-kWh,315.0,347.0,159.0,50.0,85.0,8.0,0.0,385.0,1885.0,"Volkswagen ID.3 Neo 50 kWh (MY27) Available to order since April 2026 C 5 V2 L H G Range* 315 km Efficiency* 159 Wh/km Weight 1,885 kg 0-100 8.0 sec 1-Stop Range 347 km Battery 50.0 kWh Fastcharge 85 kW Towing 0 kg Cargo Vol. 385 L Price/range* €110 /km €33,995 * €35,000 * £30,000",https://ev-database.org/#group=vehicle-group&rs-pr=10000_100000&rs-er=0_1000&rs-ld=0_1000&rs-ac=2_23&rs-dcfc=0_400&rs-ub=10_200&rs-tw=0_3000&rs-ef=100_350&rs-sa=-1_5&rs-w=1000_3500&rs-c=0_5000&rs-y=2010_2030&s=1&p=5-50
Audi Q8 SUV e-tron 55 quattro,https://ev-database.org/car/1770/Audi-Q8-SUV-e-tron-55-quattro,505.0,515.0,210.0,106.0,145.0,5.6,1800.0,631.0,2585.0,"Audi Q8 SUV e-tron 55 quattro Discontinued (December 2022 - November 2024) E 5 5 V2 L H G Range 505 km Efficiency 210 Wh/km Weight 2,585 kg 0-100 5.6 sec 1-Stop Range 515 km Battery 106.0 kWh Fastcharge 145 kW Towing 1,800 kg Cargo Vol. 631 L Price/range €171 /km €87,300 €78,990 £80,715",https://ev-database.org/#group=vehicle-group&rs-pr=10000_100000&rs-er=0_1000&rs-ld=0_1000&rs-ac=2_23&rs-dcfc=0_400&rs-ub=10_200&rs-tw=0_3000&rs-ef=100_350&rs-sa=-1_5&rs-w=1000_3500&rs-c=0_5000&rs-y=2010_2030&s=1&p=5-50
Hyundai IONIQ 5 Long Range 2WD,https://ev-database.org/car/1662/Hyundai-IONIQ-5-Long-Range-2WD,390.0,487.0,190.0,74.0,196.0,7.3,1600.0,584.0,2010.0,"Hyundai IONIQ 5 Long Range 2WD (MY22) Discontinued (April 2022 - August 2024) C 5 5 V2 L H G Range* 390 km Efficiency* 190 Wh/km Weight 2,010 kg 0-100 7.3 sec 1-Stop Range 487 km Battery* 74.0 kWh Fastcharge 196 kW Towing 1,600 kg Cargo Vol. 584 L Price/range* €132 /km €47,900 €52,895 £46,945",https://ev-database.org/#group=vehicle-group&rs-pr=10000_100000&rs-er=0_1000&rs-ld=0_1000&rs-ac=2_23&rs-dcfc=0_400&rs-ub=10_200&rs-tw=0_3000&rs-ef=100_350&rs-sa=-1_5&rs-w=1000_3500&rs-c=0_5000&rs-y=2010_2030&s=1&p=5-50
MG MG4 Electric 77 kWh (MY23-25),https://ev-database.org/car/1973/MG-MG4-Electric-77-kWh,425.0,454.0,175.0,74.4,110.0,6.5,500.0,363.0,1826.0,"MG MG4 Electric 77 kWh (MY23-25) Discontinued (August 2023 - February 2026) C 5 5 V2 L H G Range* 425 km Efficiency* 175 Wh/km Weight 1,826 kg 0-100 6.5 sec 1-Stop Range 454 km Battery 74.4 kWh Fastcharge 110 kW Towing 500 kg Cargo Vol. 363 L Price/range* €103 /km €45,990 €42,970 £36,745",https://ev-database.org/#group=vehicle-group&rs-pr=10000_100000&rs-er=0_1000&rs-ld=0_1000&rs-ac=2_23&rs-dcfc=0_400&rs-ub=10_200&rs-tw=0_3000&rs-ef=100_350&rs-sa=-1_5&rs-w=1000_3500&rs-c=0_5000&rs-y=2010_2030&s=1&p=5-50
Peugeot e-3008 97 kWh Long Range,https://ev-database.org/car/2005/Peugeot-e-3008-97-kWh-Long-Range,500.0,512.0,194.0,96.9,135.0,8.7,1200.0,588.0,2241.0,"Peugeot e-3008 97 kWh Long Range Available to order since October 2024 C 5 4 V2 L H G Range* 500 km Efficiency* 194 Wh/km Weight 2,241 kg 0-100 8.7 sec 1-Stop Range 512 km Battery 96.9 kWh Fastcharge 135 kW Towing 1,200 kg Cargo Vol. 588 L Price/range* €106 /km €52,850 €49,915 £48,660",https://ev-database.org/#group=vehicle-group&rs-pr=10000_100000&rs-er=0_1000&rs-ld=0_1000&rs-ac=2_23&rs-dcfc=0_400&rs-ub=10_200&rs-tw=0_3000&rs-ef=100_350&rs-sa=-1_5&rs-w=1000_3500&rs-c=0_5000&rs-y=2010_2030&s=1&p=5-50
Mercedes-Benz GLB 350 4MATIC Available to,https://ev-database.org/car/3407/Mercedes-Benz-GLB-350-4MATIC,460.0,571.0,185.0,85.0,208.0,5.5,2000.0,667.0,2280.0,"Mercedes-Benz GLB 350 4MATIC Available to order since December 2025 D 7 V2 L H G Range* 460 km Efficiency* 185 Wh/km Weight 2,280 kg 0-100 5.5 sec 1-Stop Range 571 km Battery 85.0 kWh Fastcharge 208 kW Towing 2,000 kg Cargo Vol. 667 L Price/range* €141 /km €62,178 €68,800 £55,100",https://ev-database.org/#group=vehicle-group&rs-pr=10000_100000&rs-er=0_1000&rs-ld=0_1000&rs-ac=2_23&rs-dcfc=0_400&rs-ub=10_200&rs-tw=0_3000&rs-ef=100_350&rs-sa=-1_5&rs-w=1000_3500&rs-c=0_5000&rs-y=2010_2030&s=1&p=5-50
Renault Zoe ZE50 R135 Discontinued (November,https://ev-database.org/car/1205/Renault-Zoe-ZE50-R135,310.0,271.0,168.0,52.0,41.0,9.5,0.0,338.0,1577.0,"Renault Zoe ZE50 R135 Discontinued (November 2019 - May 2024) B 5 V2 L H G Range 310 km Efficiency 168 Wh/km Weight 1,577 kg 0-100 9.5 sec 1-Stop Range 271 km Battery 52.0 kWh Fastcharge 41 kW Towing 0 kg Cargo Vol. 338 L Price/range €117 /km €37,840 €36,195 £29,995",https://ev-database.org/#group=vehicle-group&rs-pr=10000_100000&rs-er=0_1000&rs-ld=0_1000&rs-ac=2_23&rs-dcfc=0_400&rs-ub=10_200&rs-tw=0_3000&rs-ef=100_350&rs-sa=-1_5&rs-w=1000_3500&rs-c=0_5000&rs-y=2010_2030&s=1&p=5-50
VinFast VF 6 Eco Available to,https://ev-database.org/car/3281/VinFast-VF-6-Eco,315.0,322.0,189.0,59.6,90.0,10.3,0.0,,2050.0,"VinFast VF 6 Eco Available to order since March 2025 D 5 V2 L H G Range* 315 km Efficiency* 189 Wh/km Weight 2,050 kg 0-100 10.3 sec 1-Stop Range 322 km Battery 59.6 kWh Fastcharge 90 kW Towing 0 kg Cargo Vol. unknown Price/range* €113 /km €34,990 €36,020 N/A",https://ev-database.org/#group=vehicle-group&rs-pr=10000_100000&rs-er=0_1000&rs-ld=0_1000&rs-ac=2_23&rs-dcfc=0_400&rs-ub=10_200&rs-tw=0_3000&rs-ef=100_350&rs-sa=-1_5&rs-w=1000_3500&rs-c=0_5000&rs-y=2010_2030&s=1&p=5-50
BYD SEAL 82.5 kWh RWD Design,https://ev-database.org/car/2001/BYD-SEAL-825-kWh-RWD-Design,480.0,507.0,172.0,82.5,100.0,5.9,1000.0,453.0,2130.0,"BYD SEAL 82.5 kWh RWD Design (MY23-25) Available to order since September 2023 D 5 5 V2 L H G Range* 480 km Efficiency* 172 Wh/km Weight 2,130 kg 0-100 5.9 sec 1-Stop Range 507 km Battery 82.5 kWh Fastcharge 100 kW Towing 1,000 kg Cargo Vol. 453 L Price/range* €104 /km €48,990 €48,690 £45,695",https://ev-database.org/#group=vehicle-group&rs-pr=10000_100000&rs-er=0_1000&rs-ld=0_1000&rs-ac=2_23&rs-dcfc=0_400&rs-ub=10_200&rs-tw=0_3000&rs-ef=100_350&rs-sa=-1_5&rs-w=1000_3500&rs-c=0_5000&rs-y=2010_2030&s=1&p=5-50
TOGG T10X Long Range RWD Available,https://ev-database.org/car/3302/TOGG-T10X-Long-Range-RWD,435.0,466.0,195.0,85.0,115.0,7.8,0.0,441.0,2248.0,"TOGG T10X Long Range RWD Available to order since September 2025 C 5 5 V2 L H G Range* 435 km Efficiency* 195 Wh/km Weight 2,248 kg 0-100 7.8 sec 1-Stop Range 466 km Battery* 85.0 kWh Fastcharge 115 kW Towing 0 kg Cargo Vol. 441 L Price/range* €92 /km €40,118 N/A N/A",https://ev-database.org/#group=vehicle-group&rs-pr=10000_100000&rs-er=0_1000&rs-ld=0_1000&rs-ac=2_23&rs-dcfc=0_400&rs-ub=10_200&rs-tw=0_3000&rs-ef=100_350&rs-sa=-1_5&rs-w=1000_3500&rs-c=0_5000&rs-y=2010_2030&s=1&p=5-50
Hyundai IONIQ 5 Long Range AWD,https://ev-database.org/car/1663/Hyundai-IONIQ-5-Long-Range-AWD,385.0,479.0,192.0,74.0,196.0,5.1,1600.0,551.0,2120.0,"Hyundai IONIQ 5 Long Range AWD (MY22) Discontinued (April 2022 - August 2024) C 5 5 V2 L H G Range* 385 km Efficiency* 192 Wh/km Weight 2,120 kg 0-100 5.1 sec 1-Stop Range 479 km Battery* 74.0 kWh Fastcharge 196 kW Towing 1,600 kg Cargo Vol. 551 L Price/range* €154 /km €59,200 €60,995 £50,445",https://ev-database.org/#group=vehicle-group&rs-pr=10000_100000&rs-er=0_1000&rs-ld=0_1000&rs-ac=2_23&rs-dcfc=0_400&rs-ub=10_200&rs-tw=0_3000&rs-ef=100_350&rs-sa=-1_5&rs-w=1000_3500&rs-c=0_5000&rs-y=2010_2030&s=1&p=5-50
MG IM5 Long Range Available to,https://ev-database.org/car/3245/MG-IM5-Long-Range,530.0,677.0,182.0,96.5,250.0,4.9,,475.0,2210.0,"MG IM5 Long Range Available to order since July 2025 D 5 5 V2 L H G Range* 530 km Efficiency* 182 Wh/km Weight 2,210 kg 0-100 4.9 sec 1-Stop Range 677 km Battery 96.5 kWh Fastcharge 250 kW Towing unknown Cargo Vol. 475 L Price/range* €98 /km N/A N/A £44,995",https://ev-database.org/#group=vehicle-group&rs-pr=10000_100000&rs-er=0_1000&rs-ld=0_1000&rs-ac=2_23&rs-dcfc=0_400&rs-ub=10_200&rs-tw=0_3000&rs-ef=100_350&rs-sa=-1_5&rs-w=1000_3500&rs-c=0_5000&rs-y=2010_2030&s=1&p=5-50
Ford Explorer Extended Range AWD (MY24-25),https://ev-database.org/car/2169/Ford-Explorer-Extended-Range-AWD,440.0,493.0,180.0,79.0,135.0,5.3,1200.0,536.0,2167.0,"Ford Explorer Extended Range AWD (MY24-25) Discontinued (March 2024 - January 2026) C 5 5 V2 L H G Range 440 km Efficiency 180 Wh/km Weight 2,167 kg 0-100 5.3 sec 1-Stop Range 493 km Battery 79.0 kWh Fastcharge 135 kW Towing 1,200 kg Cargo Vol. 536 L Price/range €127 /km €52,430 €52,850 £53,975",https://ev-database.org/#group=vehicle-group&rs-pr=10000_100000&rs-er=0_1000&rs-ld=0_1000&rs-ac=2_23&rs-dcfc=0_400&rs-ub=10_200&rs-tw=0_3000&rs-ef=100_350&rs-sa=-1_5&rs-w=1000_3500&rs-c=0_5000&rs-y=2010_2030&s=1&p=5-50
Toyota C-HR+ 57.7 kWh (MY26) Available,https://ev-database.org/car/3393/Toyota-C-HRplus-577-kWh,330.0,369.0,164.0,54.0,85.0,8.3,0.0,416.0,1845.0,"Toyota C-HR+ 57.7 kWh (MY26) Available to order since November 2025 C 5 V2 L H G Range* 330 km Efficiency* 164 Wh/km Weight 1,845 kg 0-100 8.3 sec 1-Stop Range 369 km Battery 54.0 kWh Fastcharge 85 kW Towing 0 kg Cargo Vol. 416 L Price/range* €119 /km €41,990 €37,995 £32,995",https://ev-database.org/#group=vehicle-group&rs-pr=10000_100000&rs-er=0_1000&rs-ld=0_1000&rs-ac=2_23&rs-dcfc=0_400&rs-ub=10_200&rs-tw=0_3000&rs-ef=100_350&rs-sa=-1_5&rs-w=1000_3500&rs-c=0_5000&rs-y=2010_2030&s=1&p=5-50
BYD SEAL 82.5 kWh RWD Design,https://ev-database.org/car/3515/BYD-SEAL-825-kWh-RWD-Design,480.0,507.0,172.0,82.5,100.0,5.9,1000.0,557.0,2130.0,"BYD SEAL 82.5 kWh RWD Design (MY26) Available to order since February 2026 D 5 5 V2 L H G Range* 480 km Efficiency* 172 Wh/km Weight 2,130 kg 0-100 5.9 sec 1-Stop Range 507 km Battery 82.5 kWh Fastcharge 100 kW Towing 1,000 kg Cargo Vol. 557 L Price/range* €107 /km €49,990 N/A £45,730",https://ev-database.org/#group=vehicle-group&rs-pr=10000_100000&rs-er=0_1000&rs-ld=0_1000&rs-ac=2_23&rs-dcfc=0_400&rs-ub=10_200&rs-tw=0_3000&rs-ef=100_350&rs-sa=-1_5&rs-w=1000_3500&rs-c=0_5000&rs-y=2010_2030&s=1&p=5-50
Tesla Model X 100D Discontinued (January,https://ev-database.org/car/1089/Tesla-Model-X-100D,435.0,434.0,218.0,95.0,100.0,4.9,2250.0,,2533.0,"Tesla Model X 100D Discontinued (January 2017 - February 2019) F 7 V2 L H G Range 435 km Efficiency 218 Wh/km Weight 2,533 kg 0-100 4.9 sec 1-Stop Range 434 km Battery* 95.0 kWh Fastcharge 100 kW Towing 2,250 kg Cargo Vol. unknown Price/range €259 /km €115,000 €117,820 £91,650",https://ev-database.org/#group=vehicle-group&rs-pr=10000_100000&rs-er=0_1000&rs-ld=0_1000&rs-ac=2_23&rs-dcfc=0_400&rs-ub=10_200&rs-tw=0_3000&rs-ef=100_350&rs-sa=-1_5&rs-w=1000_3500&rs-c=0_5000&rs-y=2010_2030&s=1&p=5-50
BMW i7 xDrive60 (MY23-26) Available to,https://ev-database.org/car/1676/BMW-i7-xDrive60,510.0,560.0,199.0,101.7,149.0,4.7,2000.0,500.0,2715.0,"BMW i7 xDrive60 (MY23-26) Available to order since November 2022 F 5 V2 L H G Range* 510 km Efficiency* 199 Wh/km Weight 2,715 kg 0-100 4.7 sec 1-Stop Range 560 km Battery 101.7 kWh Fastcharge 149 kW Towing 2,000 kg Cargo Vol. 500 L Price/range* €272 /km €139,900 €145,453 £113,970",https://ev-database.org/#group=vehicle-group&rs-pr=10000_100000&rs-er=0_1000&rs-ld=0_1000&rs-ac=2_23&rs-dcfc=0_400&rs-ub=10_200&rs-tw=0_3000&rs-ef=100_350&rs-sa=-1_5&rs-w=1000_3500&rs-c=0_5000&rs-y=2010_2030&s=1&p=5-50
Polestar 5 Dual Motor Available to,https://ev-database.org/car/3298/Polestar-5-Dual-Motor,580.0,698.0,183.0,106.0,210.0,3.9,1800.0,427.0,2462.0,"Polestar 5 Dual Motor Available to order since September 2025 F 4 V2 L H G Range* 580 km Efficiency* 183 Wh/km Weight 2,462 kg 0-100 3.9 sec 1-Stop Range 698 km Battery 106.0 kWh Fastcharge 210 kW Towing 1,800 kg Cargo Vol. 427 L Price/range* €197 /km €118,600 €121,900 £89,500",https://ev-database.org/#group=vehicle-group&rs-pr=10000_100000&rs-er=0_1000&rs-ld=0_1000&rs-ac=2_23&rs-dcfc=0_400&rs-ub=10_200&rs-tw=0_3000&rs-ef=100_350&rs-sa=-1_5&rs-w=1000_3500&rs-c=0_5000&rs-y=2010_2030&s=1&p=5-50
Polestar 4 Long Range Dual Motor,https://ev-database.org/car/1842/Polestar-4-Long-Range-Dual-Motor,485.0,524.0,194.0,94.0,135.0,3.8,2000.0,541.0,2430.0,"Polestar 4 Long Range Dual Motor (MY24) Available to order since January 2024 E 5 5 V2 L H G Range* 485 km Efficiency* 194 Wh/km Weight 2,430 kg 0-100 3.8 sec 1-Stop Range 524 km Battery 94.0 kWh Fastcharge 135 kW Towing 2,000 kg Cargo Vol. 541 L Price/range* €152 /km €71,200 €72,800 £66,990",https://ev-database.org/#group=vehicle-group&rs-pr=10000_100000&rs-er=0_1000&rs-ld=0_1000&rs-ac=2_23&rs-dcfc=0_400&rs-ub=10_200&rs-tw=0_3000&rs-ef=100_350&rs-sa=-1_5&rs-w=1000_3500&rs-c=0_5000&rs-y=2010_2030&s=1&p=5-50
Opel Corsa-e (MY20-21) Discontinued (March 2020,https://ev-database.org/car/1192/Opel-Corsa-e,285.0,308.0,162.0,46.3,74.0,8.1,0.0,267.0,1530.0,"Opel Corsa-e (MY20-21) Discontinued (March 2020 - December 2021) B 5 4 V2 L H G Range 285 km Efficiency 162 Wh/km Weight 1,530 kg 0-100 8.1 sec 1-Stop Range 308 km Battery 46.3 kWh Fastcharge 74 kW Towing 0 kg Cargo Vol. 267 L Price/range €107 /km €29,900 €30,599 £27,140",https://ev-database.org/#group=vehicle-group&rs-pr=10000_100000&rs-er=0_1000&rs-ld=0_1000&rs-ac=2_23&rs-dcfc=0_400&rs-ub=10_200&rs-tw=0_3000&rs-ef=100_350&rs-sa=-1_5&rs-w=1000_3500&rs-c=0_5000&rs-y=2010_2030&s=1&p=5-50
BYD DOLPHIN SURF 30 kWh Active,https://ev-database.org/car/3193/BYD-DOLPHIN-SURF-30-kWh-Active,190.0,199.0,158.0,30.0,45.0,11.1,0.0,308.0,1369.0,"BYD DOLPHIN SURF 30 kWh Active Available to order since May 2025 B 4 5 V2 L H G Range* 190 km Efficiency* 158 Wh/km Weight 1,369 kg 0-100 11.1 sec 1-Stop Range 199 km Battery 30.0 kWh Fastcharge 45 kW Towing 0 kg Cargo Vol. 308 L Price/range* €118 /km €22,990 €22,990 £18,650",https://ev-database.org/#group=vehicle-group&rs-pr=10000_100000&rs-er=0_1000&rs-ld=0_1000&rs-ac=2_23&rs-dcfc=0_400&rs-ub=10_200&rs-tw=0_3000&rs-ef=100_350&rs-sa=-1_5&rs-w=1000_3500&rs-c=0_5000&rs-y=2010_2030&s=1&p=5-50
MG Marvel R Discontinued (October 2021,https://ev-database.org/car/1524/MG-Marvel-R,365.0,344.0,192.0,70.0,81.0,7.9,750.0,507.0,1885.0,"MG Marvel R Discontinued (October 2021 - February 2025) C 5 4 V2 L H G Range* 365 km Efficiency* 192 Wh/km Weight 1,885 kg 0-100 7.9 sec 1-Stop Range 344 km Battery* 70.0 kWh Fastcharge 81 kW Towing 750 kg Cargo Vol. 507 L Price/range* €125 /km €46,990 €44,485 N/A",https://ev-database.org/#group=vehicle-group&rs-pr=10000_100000&rs-er=0_1000&rs-ld=0_1000&rs-ac=2_23&rs-dcfc=0_400&rs-ub=10_200&rs-tw=0_3000&rs-ef=100_350&rs-sa=-1_5&rs-w=1000_3500&rs-c=0_5000&rs-y=2010_2030&s=1&p=5-50
Volkswagen ID. Buzz NWB Pro Available,https://ev-database.org/car/2232/Volkswagen-ID-Buzz-NWB-Pro,370.0,405.0,214.0,79.0,135.0,7.6,1200.0,1121.0,2492.0,"Volkswagen ID. Buzz NWB Pro Available to order since June 2024 N 6 5 V2 L H G Range* 370 km Efficiency* 214 Wh/km Weight 2,492 kg 0-100 7.6 sec 1-Stop Range 405 km Battery 79.0 kWh Fastcharge 135 kW Towing 1,200 kg Cargo Vol. 1,121 L Price/range* €165 /km €60,892 €53,990 £59,035",https://ev-database.org/#group=vehicle-group&rs-pr=10000_100000&rs-er=0_1000&rs-ld=0_1000&rs-ac=2_23&rs-dcfc=0_400&rs-ub=10_200&rs-tw=0_3000&rs-ef=100_350&rs-sa=-1_5&rs-w=1000_3500&rs-c=0_5000&rs-y=2010_2030&s=1&p=5-50
Volvo EX40 Single Motor ER (MY26),https://ev-database.org/car/3159/Volvo-EX40-Single-Motor-ER,400.0,436.0,198.0,79.0,110.0,7.3,1500.0,441.0,2075.0,"Volvo EX40 Single Motor ER (MY26) Available to order since February 2025 C 5 V2 L H G Range* 400 km Efficiency* 198 Wh/km Weight 2,075 kg 0-100 7.3 sec 1-Stop Range 436 km Battery 79.0 kWh Fastcharge 110 kW Towing 1,500 kg Cargo Vol. 441 L Price/range* €133 /km €55,490 €48,995 £48,010",https://ev-database.org/#group=vehicle-group&rs-pr=10000_100000&rs-er=0_1000&rs-ld=0_1000&rs-ac=2_23&rs-dcfc=0_400&rs-ub=10_200&rs-tw=0_3000&rs-ef=100_350&rs-sa=-1_5&rs-w=1000_3500&rs-c=0_5000&rs-y=2010_2030&s=1&p=5-50
Renault Twingo Electric Discontinued (November 2020,https://ev-database.org/car/1270/Renault-Twingo-Electric,135.0,92.0,158.0,21.3,0.0,12.6,0.0,174.0,1186.0,"Renault Twingo Electric Discontinued (November 2020 - May 2024) A 4 V2 L H G Range* 135 km Efficiency* 158 Wh/km Weight 1,186 kg 0-100 12.6 sec 1-Stop Range 92 km Battery 21.3 kWh Fastcharge 0 kW Towing 0 kg Cargo Vol. 174 L Price/range* €193 /km €28,000 €24,190 N/A",https://ev-database.org/#group=vehicle-group&rs-pr=10000_100000&rs-er=0_1000&rs-ld=0_1000&rs-ac=2_23&rs-dcfc=0_400&rs-ub=10_200&rs-tw=0_3000&rs-ef=100_350&rs-sa=-1_5&rs-w=1000_3500&rs-c=0_5000&rs-y=2010_2030&s=1&p=5-50
MG Cyberster GT Available to order,https://ev-database.org/car/2203/MG-Cyberster-GT,395.0,409.0,188.0,74.4,85.0,3.2,,249.0,2060.0,"MG Cyberster GT Available to order since April 2024 S 2 V2 L H G Range* 395 km Efficiency* 188 Wh/km Weight 2,060 kg 0-100 3.2 sec 1-Stop Range 409 km Battery 74.4 kWh Fastcharge 85 kW Towing unknown Cargo Vol. 249 L Price/range* €177 /km €69,990 €70,860 £60,245",https://ev-database.org/#group=vehicle-group&rs-pr=10000_100000&rs-er=0_1000&rs-ld=0_1000&rs-ac=2_23&rs-dcfc=0_400&rs-ub=10_200&rs-tw=0_3000&rs-ef=100_350&rs-sa=-1_5&rs-w=1000_3500&rs-c=0_5000&rs-y=2010_2030&s=1&p=5-50
Lucid Air Sapphire (MY25-26) Available to,https://ev-database.org/car/3274/Lucid-Air-Sapphire,610.0,693.0,193.0,118.0,190.0,2.0,0.0,910.0,2495.0,"Lucid Air Sapphire (MY25-26) Available to order since June 2025 F 5 5 V2 L H G Range* 610 km Efficiency* 193 Wh/km Weight 2,495 kg 0-100 2.0 sec 1-Stop Range 693 km Battery* 118.0 kWh Fastcharge 190 kW Towing 0 kg Cargo Vol. 910 L Price/range* €414 /km €250,000 €255,000 N/A",https://ev-database.org/#group=vehicle-group&rs-pr=10000_100000&rs-er=0_1000&rs-ld=0_1000&rs-ac=2_23&rs-dcfc=0_400&rs-ub=10_200&rs-tw=0_3000&rs-ef=100_350&rs-sa=-1_5&rs-w=1000_3500&rs-c=0_5000&rs-y=2010_2030&s=1&p=5-50
Toyota bZ4X FWD (MY22-24) Discontinued (June,https://ev-database.org/car/1564/Toyota-bZ4X-FWD,350.0,373.0,183.0,64.0,85.0,7.5,750.0,452.0,1970.0,"Toyota bZ4X FWD (MY22-24) Discontinued (June 2022 - November 2025) C 5 5 V2 L H G Range* 350 km Efficiency* 183 Wh/km Weight 1,970 kg 0-100 7.5 sec 1-Stop Range 373 km Battery 64.0 kWh Fastcharge 85 kW Towing 750 kg Cargo Vol. 452 L Price/range* €125 /km €42,900 €45,995 £36,995",https://ev-database.org/#group=vehicle-group&rs-pr=10000_100000&rs-er=0_1000&rs-ld=0_1000&rs-ac=2_23&rs-dcfc=0_400&rs-ub=10_200&rs-tw=0_3000&rs-ef=100_350&rs-sa=-1_5&rs-w=1000_3500&rs-c=0_5000&rs-y=2010_2030&s=1&p=5-50
Nissan LEAF e+ 62 kWh (MY23-25),https://ev-database.org/car/1657/Nissan-LEAF-eplus-62-kWh,340.0,291.0,174.0,59.0,44.0,6.9,0.0,420.0,1756.0,"Nissan LEAF e+ 62 kWh (MY23-25) Discontinued (March 2022 - December 2024) C 5 5 V2 L H G Range* 340 km Efficiency* 174 Wh/km Weight 1,756 kg 0-100 6.9 sec 1-Stop Range 291 km Battery 59.0 kWh Fastcharge 44 kW Towing 0 kg Cargo Vol. 420 L Price/range* €121 /km €41,100 €41,890 £34,945",https://ev-database.org/#group=vehicle-group&rs-pr=10000_100000&rs-er=0_1000&rs-ld=0_1000&rs-ac=2_23&rs-dcfc=0_400&rs-ub=10_200&rs-tw=0_3000&rs-ef=100_350&rs-sa=-1_5&rs-w=1000_3500&rs-c=0_5000&rs-y=2010_2030&s=1&p=5-50
Porsche Cayenne Coupé Electric (MY26) Available,https://ev-database.org/car/3560/Porsche-Cayenne-Coupe-Electric,545.0,699.0,198.0,108.0,290.0,4.8,3000.0,624.0,2605.0,"Porsche Cayenne Coupé Electric (MY26) Available to order since April 2026 E 5 V2 L H G Range* 545 km Efficiency* 198 Wh/km Weight 2,605 kg 0-100 4.8 sec 1-Stop Range 699 km Battery* 108.0 kWh Fastcharge 290 kW Towing 3,000 kg Cargo Vol. 624 L Price/range* €197 /km €109,000 €114,144 £86,200",https://ev-database.org/#group=vehicle-group&rs-pr=10000_100000&rs-er=0_1000&rs-ld=0_1000&rs-ac=2_23&rs-dcfc=0_400&rs-ub=10_200&rs-tw=0_3000&rs-ef=100_350&rs-sa=-1_5&rs-w=1000_3500&rs-c=0_5000&rs-y=2010_2030&s=1&p=5-50
Smart #5 Premium (MY25) Available to,https://ev-database.org/car/3143/Smart-5-Premium,475.0,587.0,202.0,96.0,230.0,6.5,1600.0,702.0,2335.0,"Smart #5 Premium (MY25) Available to order since May 2025 D 5 5 V2 L H G Range* 475 km Efficiency* 202 Wh/km Weight 2,335 kg 0-100 6.5 sec 1-Stop Range 587 km Battery* 96.0 kWh Fastcharge 230 kW Towing 1,600 kg Cargo Vol. 702 L Price/range* €118 /km €55,400 €57,940 £47,300",https://ev-database.org/#group=vehicle-group&rs-pr=10000_100000&rs-er=0_1000&rs-ld=0_1000&rs-ac=2_23&rs-dcfc=0_400&rs-ub=10_200&rs-tw=0_3000&rs-ef=100_350&rs-sa=-1_5&rs-w=1000_3500&rs-c=0_5000&rs-y=2010_2030&s=1&p=5-50
BMW i5 eDrive40 Sedan (MY23-24) Discontinued,https://ev-database.org/car/1906/BMW-i5-eDrive40-Sedan,470.0,525.0,173.0,81.2,123.0,6.0,1500.0,490.0,2205.0,"BMW i5 eDrive40 Sedan (MY23-24) Discontinued (May 2023 - April 2025) E 5 5 V2 L H G Range* 470 km Efficiency* 173 Wh/km Weight 2,205 kg 0-100 6.0 sec 1-Stop Range 525 km Battery 81.2 kWh Fastcharge 123 kW Towing 1,500 kg Cargo Vol. 490 L Price/range* €166 /km €70,200 €78,608 £74,105",https://ev-database.org/#group=vehicle-group&rs-pr=10000_100000&rs-er=0_1000&rs-ld=0_1000&rs-ac=2_23&rs-dcfc=0_400&rs-ub=10_200&rs-tw=0_3000&rs-ef=100_350&rs-sa=-1_5&rs-w=1000_3500&rs-c=0_5000&rs-y=2010_2030&s=1&p=5-50
CUPRA Born 170 kW - 79,https://ev-database.org/car/3512/CUPRA-Born-170-kW---79-kWh,485.0,527.0,163.0,79.0,115.0,7.0,0.0,385.0,1964.0,"CUPRA Born 170 kW - 79 kWh (MY27) Available to order since April 2026 C 5 V2 L H G Range* 485 km Efficiency* 163 Wh/km Weight 1,964 kg 0-100 7.0 sec 1-Stop Range 527 km Battery 79.0 kWh Fastcharge 115 kW Towing 0 kg Cargo Vol. 385 L Price/range* €95 /km €45,990 N/A N/A",https://ev-database.org/#group=vehicle-group&rs-pr=10000_100000&rs-er=0_1000&rs-ld=0_1000&rs-ac=2_23&rs-dcfc=0_400&rs-ub=10_200&rs-tw=0_3000&rs-ef=100_350&rs-sa=-1_5&rs-w=1000_3500&rs-c=0_5000&rs-y=2010_2030&s=1&p=5-50
Opel Mokka-e 50 kWh Discontinued (November,https://ev-database.org/car/1586/Opel-Mokka-e-50-kWh,260.0,283.0,178.0,46.3,74.0,9.2,0.0,310.0,1598.0,"Opel Mokka-e 50 kWh Discontinued (November 2021 - October 2024) B 5 4 V2 L H G Range* 260 km Efficiency* 178 Wh/km Weight 1,598 kg 0-100 9.2 sec 1-Stop Range 283 km Battery 46.3 kWh Fastcharge 74 kW Towing 0 kg Cargo Vol. 310 L Price/range* €154 /km €40,650 €36,999 £36,610",https://ev-database.org/#group=vehicle-group&rs-pr=10000_100000&rs-er=0_1000&rs-ld=0_1000&rs-ac=2_23&rs-dcfc=0_400&rs-ub=10_200&rs-tw=0_3000&rs-ef=100_350&rs-sa=-1_5&rs-w=1000_3500&rs-c=0_5000&rs-y=2010_2030&s=1&p=5-50
XPENG P7 RWD Long Range Available,https://ev-database.org/car/1821/XPENG-P7-RWD-Long-Range,495.0,552.0,167.0,82.7,135.0,6.7,0.0,440.0,2095.0,"XPENG P7 RWD Long Range Available to order since February 2023 E 5 5 V2 L H G Range* 495 km Efficiency* 167 Wh/km Weight 2,095 kg 0-100 6.7 sec 1-Stop Range 552 km Battery 82.7 kWh Fastcharge 135 kW Towing 0 kg Cargo Vol. 440 L Price/range* €102 /km €49,600 €51,188 N/A",https://ev-database.org/#group=vehicle-group&rs-pr=10000_100000&rs-er=0_1000&rs-ld=0_1000&rs-ac=2_23&rs-dcfc=0_400&rs-ub=10_200&rs-tw=0_3000&rs-ef=100_350&rs-sa=-1_5&rs-w=1000_3500&rs-c=0_5000&rs-y=2010_2030&s=1&p=5-50
BMW i4 eDrive40 Discontinued (June 2024,https://ev-database.org/car/2199/BMW-i4-eDrive40,515.0,587.0,158.0,81.3,130.0,5.6,1600.0,470.0,2125.0,"BMW i4 eDrive40 Discontinued (June 2024 - July 2025) D 5 V2 L H G Range* 515 km Efficiency* 158 Wh/km Weight 2,125 kg 0-100 5.6 sec 1-Stop Range 587 km Battery 81.3 kWh Fastcharge 130 kW Towing 1,600 kg Cargo Vol. 470 L Price/range* €124 /km €60,500 €63,358 £59,365",https://ev-database.org/#group=vehicle-group&rs-pr=10000_100000&rs-er=0_1000&rs-ld=0_1000&rs-ac=2_23&rs-dcfc=0_400&rs-ub=10_200&rs-tw=0_3000&rs-ef=100_350&rs-sa=-1_5&rs-w=1000_3500&rs-c=0_5000&rs-y=2010_2030&s=1&p=5-50
Lucid Gravity Grand Touring (MY26) Available,https://ev-database.org/car/3292/Lucid-Gravity-Grand-Touring,615.0,729.0,200.0,123.0,210.0,3.6,2500.0,1663.0,2759.0,"Lucid Gravity Grand Touring (MY26) Available to order since September 2025 F 7 5 V2 L H G Range* 615 km Efficiency* 200 Wh/km Weight 2,759 kg 0-100 3.6 sec 1-Stop Range 729 km Battery* 123.0 kWh Fastcharge 210 kW Towing 2,500 kg Cargo Vol. 1,663 L Price/range* €193 /km €116,900 €119,900 N/A",https://ev-database.org/#group=vehicle-group&rs-pr=10000_100000&rs-er=0_1000&rs-ld=0_1000&rs-ac=2_23&rs-dcfc=0_400&rs-ub=10_200&rs-tw=0_3000&rs-ef=100_350&rs-sa=-1_5&rs-w=1000_3500&rs-c=0_5000&rs-y=2010_2030&s=1&p=5-50
Fiat 600e Available to order since,https://ev-database.org/car/1945/Fiat-600e,310.0,336.0,164.0,50.8,79.0,9.0,0.0,360.0,1595.0,"Fiat 600e Available to order since July 2023 B 5 V2 L H G Range 310 km Efficiency 164 Wh/km Weight 1,595 kg 0-100 9.0 sec 1-Stop Range 336 km Battery 50.8 kWh Fastcharge 79 kW Towing 0 kg Cargo Vol. 360 L Price/range €103 /km €36,490 €28,999 £26,750",https://ev-database.org/#group=vehicle-group&rs-pr=10000_100000&rs-er=0_1000&rs-ld=0_1000&rs-ac=2_23&rs-dcfc=0_400&rs-ub=10_200&rs-tw=0_3000&rs-ef=100_350&rs-sa=-1_5&rs-w=1000_3500&rs-c=0_5000&rs-y=2010_2030&s=1&p=5-50
Opel Frontera Electric 44 kWh Available,https://ev-database.org/car/2238/Opel-Frontera-Electric-44-kWh,240.0,254.0,183.0,43.8,62.0,12.1,350.0,460.0,1573.0,"Opel Frontera Electric 44 kWh Available to order since June 2024 B 5 V2 L H G Range* 240 km Efficiency* 183 Wh/km Weight 1,573 kg 0-100 12.1 sec 1-Stop Range 254 km Battery 43.8 kWh Fastcharge 62 kW Towing 350 kg Cargo Vol. 460 L Price/range* €118 /km €28,990 €29,999 £22,495",https://ev-database.org/#group=vehicle-group&rs-pr=10000_100000&rs-er=0_1000&rs-ld=0_1000&rs-ac=2_23&rs-dcfc=0_400&rs-ub=10_200&rs-tw=0_3000&rs-ef=100_350&rs-sa=-1_5&rs-w=1000_3500&rs-c=0_5000&rs-y=2010_2030&s=1&p=5-50
Peugeot e-208 51 kWh (MY24) Discontinued,https://ev-database.org/car/1949/Peugeot-e-208-51-kWh,315.0,338.0,153.0,48.1,76.0,8.2,0.0,309.0,1530.0,"Peugeot e-208 51 kWh (MY24) Discontinued (August 2023 - April 2025) B 5 V2 L H G Range* 315 km Efficiency* 153 Wh/km Weight 1,530 kg 0-100 8.2 sec 1-Stop Range 338 km Battery 48.1 kWh Fastcharge 76 kW Towing 0 kg Cargo Vol. 309 L Price/range* €124 /km €40,875 €39,170 £32,400",https://ev-database.org/#group=vehicle-group&rs-pr=10000_100000&rs-er=0_1000&rs-ld=0_1000&rs-ac=2_23&rs-dcfc=0_400&rs-ub=10_200&rs-tw=0_3000&rs-ef=100_350&rs-sa=-1_5&rs-w=1000_3500&rs-c=0_5000&rs-y=2010_2030&s=1&p=5-50
Peugeot e-208 54 kWh (MY25) Available,https://ev-database.org/car/3223/Peugeot-e-208-54-kWh,335.0,362.0,152.0,50.8,79.0,8.2,0.0,309.0,1530.0,"Peugeot e-208 54 kWh (MY25) Available to order since April 2025 B 5 V2 L H G Range* 335 km Efficiency* 152 Wh/km Weight 1,530 kg 0-100 8.2 sec 1-Stop Range 362 km Battery 50.8 kWh Fastcharge 79 kW Towing 0 kg Cargo Vol. 309 L Price/range* €105 /km €37,525 €33,700 £29,450",https://ev-database.org/#group=vehicle-group&rs-pr=10000_100000&rs-er=0_1000&rs-ld=0_1000&rs-ac=2_23&rs-dcfc=0_400&rs-ub=10_200&rs-tw=0_3000&rs-ef=100_350&rs-sa=-1_5&rs-w=1000_3500&rs-c=0_5000&rs-y=2010_2030&s=1&p=5-50
Nissan e-NV200 Evalia Discontinued (April 2018,https://ev-database.org/car/1117/Nissan-e-NV200-Evalia,170.0,157.0,218.0,37.0,40.0,14.0,0.0,2000.0,1667.0,"Nissan e-NV200 Evalia Discontinued (April 2018 - December 2021) N 7 V2 L H G Range 170 km Efficiency 218 Wh/km Weight 1,667 kg 0-100 14.0 sec 1-Stop Range 157 km Battery* 37.0 kWh Fastcharge 40 kW Towing 0 kg Cargo Vol. 2,000 L Price/range €248 /km €43,730 €45,173 £32,755",https://ev-database.org/#group=vehicle-group&rs-pr=10000_100000&rs-er=0_1000&rs-ld=0_1000&rs-ac=2_23&rs-dcfc=0_400&rs-ub=10_200&rs-tw=0_3000&rs-ef=100_350&rs-sa=-1_5&rs-w=1000_3500&rs-c=0_5000&rs-y=2010_2030&s=1&p=6-50
Polestar 2 Long Range Single Motor,https://ev-database.org/car/3151/Polestar-2-Long-Range-Single-Motor,475.0,527.0,166.0,79.0,110.0,6.2,1500.0,448.0,2084.0,"Polestar 2 Long Range Single Motor (MY26) Available to order since April 2025 D 5 5 V2 L H G Range* 475 km Efficiency* 166 Wh/km Weight 2,084 kg 0-100 6.2 sec 1-Stop Range 527 km Battery 79.0 kWh Fastcharge 110 kW Towing 1,500 kg Cargo Vol. 448 L Price/range* €113 /km €52,690 €51,200 £49,160",https://ev-database.org/#group=vehicle-group&rs-pr=10000_100000&rs-er=0_1000&rs-ld=0_1000&rs-ac=2_23&rs-dcfc=0_400&rs-ub=10_200&rs-tw=0_3000&rs-ef=100_350&rs-sa=-1_5&rs-w=1000_3500&rs-c=0_5000&rs-y=2010_2030&s=1&p=6-50
Zeekr 7GT Privilege AWD (MY26) Available,https://ev-database.org/car/3430/Zeekr-7GT-Privilege-AWD,515.0,671.0,186.0,96.0,260.0,3.3,1600.0,488.0,2480.0,"Zeekr 7GT Privilege AWD (MY26) Available to order since January 2026 D 5 V2 L H G Range* 515 km Efficiency* 186 Wh/km Weight 2,480 kg 0-100 3.3 sec 1-Stop Range 671 km Battery* 96.0 kWh Fastcharge 260 kW Towing 1,600 kg Cargo Vol. 488 L Price/range* €115 /km €60,450 €58,490 N/A",https://ev-database.org/#group=vehicle-group&rs-pr=10000_100000&rs-er=0_1000&rs-ld=0_1000&rs-ac=2_23&rs-dcfc=0_400&rs-ub=10_200&rs-tw=0_3000&rs-ef=100_350&rs-sa=-1_5&rs-w=1000_3500&rs-c=0_5000&rs-y=2010_2030&s=1&p=6-50
Tesla Model S 90D Discontinued (April,https://ev-database.org/car/1063/Tesla-Model-S-90D,455.0,449.0,188.0,85.5,90.0,4.4,,895.0,2223.0,"Tesla Model S 90D Discontinued (April 2016 - June 2017) F 5 V2 L H G Range* 455 km Efficiency* 188 Wh/km Weight 2,223 kg 0-100 4.4 sec 1-Stop Range 449 km Battery* 85.5 kWh Fastcharge 90 kW Towing unknown Cargo Vol. 895 L Price/range* €230 /km €103,320 €105,735 N/A",https://ev-database.org/#group=vehicle-group&rs-pr=10000_100000&rs-er=0_1000&rs-ld=0_1000&rs-ac=2_23&rs-dcfc=0_400&rs-ub=10_200&rs-tw=0_3000&rs-ef=100_350&rs-sa=-1_5&rs-w=1000_3500&rs-c=0_5000&rs-y=2010_2030&s=1&p=6-50
Škoda Enyaq 85 (MY24) Discontinued (September,https://ev-database.org/car/2020/Skoda-Enyaq-85,450.0,467.0,171.0,77.0,120.0,6.7,1000.0,585.0,2137.0,"Škoda Enyaq 85 (MY24) Discontinued (September 2023 - January 2025) C 5 5 V2 L H G Range 450 km Efficiency 171 Wh/km Weight 2,137 kg 0-100 6.7 sec 1-Stop Range 467 km Battery 77.0 kWh Fastcharge 120 kW Towing 1,000 kg Cargo Vol. 585 L Price/range €112 /km €48,900 €50,990 £44,540",https://ev-database.org/#group=vehicle-group&rs-pr=10000_100000&rs-er=0_1000&rs-ld=0_1000&rs-ac=2_23&rs-dcfc=0_400&rs-ub=10_200&rs-tw=0_3000&rs-ef=100_350&rs-sa=-1_5&rs-w=1000_3500&rs-c=0_5000&rs-y=2010_2030&s=1&p=6-50
Volkswagen ID.3 Pure (MY24-26) Available to,https://ev-database.org/car/2214/Volkswagen-ID3-Pure,325.0,376.0,160.0,52.0,90.0,8.2,0.0,385.0,1787.0,"Volkswagen ID.3 Pure (MY24-26) Available to order since May 2024 C 5 5 V2 L H G Range 325 km Efficiency 160 Wh/km Weight 1,787 kg 0-100 8.2 sec 1-Stop Range 376 km Battery 52.0 kWh Fastcharge 90 kW Towing 0 kg Cargo Vol. 385 L Price/range €100 /km €33,330 €29,990 £29,360",https://ev-database.org/#group=vehicle-group&rs-pr=10000_100000&rs-er=0_1000&rs-ld=0_1000&rs-ac=2_23&rs-dcfc=0_400&rs-ub=10_200&rs-tw=0_3000&rs-ef=100_350&rs-sa=-1_5&rs-w=1000_3500&rs-c=0_5000&rs-y=2010_2030&s=1&p=6-50
Kia EV6 Long Range 2WD Available,https://ev-database.org/car/3028/Kia-EV6-Long-Range-2WD,455.0,565.0,176.0,80.0,205.0,7.3,1800.0,542.0,2050.0,"Kia EV6 Long Range 2WD Available to order since September 2024 C 5 5 V2 L H G Range* 455 km Efficiency* 176 Wh/km Weight 2,050 kg 0-100 7.3 sec 1-Stop Range 565 km Battery* 80.0 kWh Fastcharge 205 kW Towing 1,800 kg Cargo Vol. 542 L Price/range* €111 /km €49,990 €49,495 £45,635",https://ev-database.org/#group=vehicle-group&rs-pr=10000_100000&rs-er=0_1000&rs-ld=0_1000&rs-ac=2_23&rs-dcfc=0_400&rs-ub=10_200&rs-tw=0_3000&rs-ef=100_350&rs-sa=-1_5&rs-w=1000_3500&rs-c=0_5000&rs-y=2010_2030&s=1&p=6-50
Volvo XC40 Recharge Single Motor ER,https://ev-database.org/car/1797/Volvo-XC40-Recharge-Single-Motor-ER,400.0,436.0,198.0,79.0,110.0,7.3,1500.0,441.0,2075.0,"Volvo XC40 Recharge Single Motor ER (MY24) Discontinued (December 2022 - February 2024) C 5 V2 L H G Range* 400 km Efficiency* 198 Wh/km Weight 2,075 kg 0-100 7.3 sec 1-Stop Range 436 km Battery 79.0 kWh Fastcharge 110 kW Towing 1,500 kg Cargo Vol. 441 L Price/range* €131 /km €53,000 €51,495 N/A",https://ev-database.org/#group=vehicle-group&rs-pr=10000_100000&rs-er=0_1000&rs-ld=0_1000&rs-ac=2_23&rs-dcfc=0_400&rs-ub=10_200&rs-tw=0_3000&rs-ef=100_350&rs-sa=-1_5&rs-w=1000_3500&rs-c=0_5000&rs-y=2010_2030&s=1&p=6-50
Tesla Model 3 Long Range AWD,https://ev-database.org/car/3331/Tesla-Model-3-Long-Range-AWD,555.0,654.0,142.0,79.0,125.0,4.4,1000.0,682.0,1899.0,"Tesla Model 3 Long Range AWD (Highland) Discontinued (October 2025 - December 2025) D 5 5 V2 L H G Range* 555 km Efficiency* 142 Wh/km Weight 1,899 kg 0-100 4.4 sec 1-Stop Range 654 km Battery* 79.0 kWh Fastcharge 125 kW Towing 1,000 kg Cargo Vol. 682 L Price/range* €96 /km €50,970 €50,990 £49,990",https://ev-database.org/#group=vehicle-group&rs-pr=10000_100000&rs-er=0_1000&rs-ld=0_1000&rs-ac=2_23&rs-dcfc=0_400&rs-ub=10_200&rs-tw=0_3000&rs-ef=100_350&rs-sa=-1_5&rs-w=1000_3500&rs-c=0_5000&rs-y=2010_2030&s=1&p=6-50
Hyundai IONIQ 6 Long Range AWD,https://ev-database.org/car/1719/Hyundai-IONIQ-6-Long-Range-AWD,440.0,569.0,168.0,74.0,208.0,5.1,1500.0,416.0,2095.0,"Hyundai IONIQ 6 Long Range AWD (MY23-25) Available to order since November 2022 D 5 5 V2 L H G Range* 440 km Efficiency* 168 Wh/km Weight 2,095 kg 0-100 5.1 sec 1-Stop Range 569 km Battery* 74.0 kWh Fastcharge 208 kW Towing 1,500 kg Cargo Vol. 416 L Price/range* €135 /km €61,100 €59,395 £50,550",https://ev-database.org/#group=vehicle-group&rs-pr=10000_100000&rs-er=0_1000&rs-ld=0_1000&rs-ac=2_23&rs-dcfc=0_400&rs-ub=10_200&rs-tw=0_3000&rs-ef=100_350&rs-sa=-1_5&rs-w=1000_3500&rs-c=0_5000&rs-y=2010_2030&s=1&p=6-50
Nissan Micra Extended Range 52 kWh,https://ev-database.org/car/3203/Nissan-Micra-Extended-Range-52-kWh,330.0,345.0,158.0,52.0,75.0,8.0,500.0,326.0,1527.0,"Nissan Micra Extended Range 52 kWh Available to order since August 2025 B 5 V2 L H G Range* 330 km Efficiency* 158 Wh/km Weight 1,527 kg 0-100 8.0 sec 1-Stop Range 345 km Battery 52.0 kWh Fastcharge 75 kW Towing 500 kg Cargo Vol. 326 L Price/range* €95 /km €32,990 €34,590 £23,245",https://ev-database.org/#group=vehicle-group&rs-pr=10000_100000&rs-er=0_1000&rs-ld=0_1000&rs-ac=2_23&rs-dcfc=0_400&rs-ub=10_200&rs-tw=0_3000&rs-ef=100_350&rs-sa=-1_5&rs-w=1000_3500&rs-c=0_5000&rs-y=2010_2030&s=1&p=6-50
Honda e:Ny1 Available to order since,https://ev-database.org/car/1940/Honda-eNy1,335.0,318.0,185.0,61.9,60.0,7.6,0.0,361.0,1730.0,"Honda e:Ny1 Available to order since June 2023 B 5 V2 L H G Range 335 km Efficiency 185 Wh/km Weight 1,730 kg 0-100 7.6 sec 1-Stop Range 318 km Battery 61.9 kWh Fastcharge 60 kW Towing 0 kg Cargo Vol. 361 L Price/range €138 /km N/A €46,149 £39,995",https://ev-database.org/#group=vehicle-group&rs-pr=10000_100000&rs-er=0_1000&rs-ld=0_1000&rs-ac=2_23&rs-dcfc=0_400&rs-ub=10_200&rs-tw=0_3000&rs-ef=100_350&rs-sa=-1_5&rs-w=1000_3500&rs-c=0_5000&rs-y=2010_2030&s=1&p=6-50
Zeekr 7X Privilege AWD (MY25) Available,https://ev-database.org/car/3083/Zeekr-7X-Privilege-AWD,485.0,625.0,198.0,96.0,260.0,3.8,2000.0,581.0,2535.0,"Zeekr 7X Privilege AWD (MY25) Available to order since May 2025 D 5 5 V2 L H G Range 485 km Efficiency 198 Wh/km Weight 2,535 kg 0-100 3.8 sec 1-Stop Range 625 km Battery* 96.0 kWh Fastcharge 260 kW Towing 2,000 kg Cargo Vol. 581 L Price/range €134 /km €65,950 €63,990 N/A",https://ev-database.org/#group=vehicle-group&rs-pr=10000_100000&rs-er=0_1000&rs-ld=0_1000&rs-ac=2_23&rs-dcfc=0_400&rs-ub=10_200&rs-tw=0_3000&rs-ef=100_350&rs-sa=-1_5&rs-w=1000_3500&rs-c=0_5000&rs-y=2010_2030&s=1&p=6-50
Lexus RZ 350e (MY26) Available to,https://ev-database.org/car/3293/Lexus-RZ-350e,400.0,433.0,180.0,72.0,110.0,7.5,750.0,522.0,2005.0,"Lexus RZ 350e (MY26) Available to order since October 2025 D 5 V2 L H G Range* 400 km Efficiency* 180 Wh/km Weight 2,005 kg 0-100 7.5 sec 1-Stop Range 433 km Battery 72.0 kWh Fastcharge 110 kW Towing 750 kg Cargo Vol. 522 L Price/range* €144 /km €57,100 €53,995 £53,995",https://ev-database.org/#group=vehicle-group&rs-pr=10000_100000&rs-er=0_1000&rs-ld=0_1000&rs-ac=2_23&rs-dcfc=0_400&rs-ub=10_200&rs-tw=0_3000&rs-ef=100_350&rs-sa=-1_5&rs-w=1000_3500&rs-c=0_5000&rs-y=2010_2030&s=1&p=6-50
BMW i4 M60 xDrive Available to,https://ev-database.org/car/3207/BMW-i4-M60-xDrive,465.0,523.0,175.0,81.3,130.0,3.7,1600.0,470.0,2285.0,"BMW i4 M60 xDrive Available to order since July 2025 D 5 V2 L H G Range* 465 km Efficiency* 175 Wh/km Weight 2,285 kg 0-100 3.7 sec 1-Stop Range 523 km Battery 81.3 kWh Fastcharge 130 kW Towing 1,600 kg Cargo Vol. 470 L Price/range* €167 /km €72,900 €78,971 £71,000",https://ev-database.org/#group=vehicle-group&rs-pr=10000_100000&rs-er=0_1000&rs-ld=0_1000&rs-ac=2_23&rs-dcfc=0_400&rs-ub=10_200&rs-tw=0_3000&rs-ef=100_350&rs-sa=-1_5&rs-w=1000_3500&rs-c=0_5000&rs-y=2010_2030&s=1&p=6-50
Peugeot e-208 (MY22) Discontinued (November 2021,https://ev-database.org/car/1583/Peugeot-e-208,285.0,308.0,162.0,46.3,74.0,9.0,0.0,265.0,1530.0,"Peugeot e-208 (MY22) Discontinued (November 2021 - December 2023) B 5 4 V2 L H G Range* 285 km Efficiency* 162 Wh/km Weight 1,530 kg 0-100 9.0 sec 1-Stop Range 308 km Battery 46.3 kWh Fastcharge 74 kW Towing 0 kg Cargo Vol. 265 L Price/range* €129 /km €39,100 €34,920 £31,595",https://ev-database.org/#group=vehicle-group&rs-pr=10000_100000&rs-er=0_1000&rs-ld=0_1000&rs-ac=2_23&rs-dcfc=0_400&rs-ub=10_200&rs-tw=0_3000&rs-ef=100_350&rs-sa=-1_5&rs-w=1000_3500&rs-c=0_5000&rs-y=2010_2030&s=1&p=6-50
Hyundai IONIQ 5 84 kWh AWD,https://ev-database.org/car/2237/Hyundai-IONIQ-5-84-kWh-AWD,445.0,546.0,180.0,80.0,196.0,5.3,1600.0,544.0,2165.0,"Hyundai IONIQ 5 84 kWh AWD (MY24) Available to order since July 2024 C 5 5 V2 L H G Range 445 km Efficiency 180 Wh/km Weight 2,165 kg 0-100 5.3 sec 1-Stop Range 546 km Battery* 80.0 kWh Fastcharge 196 kW Towing 1,600 kg Cargo Vol. 544 L Price/range €134 /km €59,400 €61,395 £50,900",https://ev-database.org/#group=vehicle-group&rs-pr=10000_100000&rs-er=0_1000&rs-ld=0_1000&rs-ac=2_23&rs-dcfc=0_400&rs-ub=10_200&rs-tw=0_3000&rs-ef=100_350&rs-sa=-1_5&rs-w=1000_3500&rs-c=0_5000&rs-y=2010_2030&s=1&p=6-50
CUPRA Tavascan VZ Available to order,https://ev-database.org/car/1972/CUPRA-Tavascan-VZ,425.0,446.0,181.0,77.0,120.0,5.5,1200.0,540.0,2273.0,"CUPRA Tavascan VZ Available to order since June 2024 C 5 5 V2 L H G Range 425 km Efficiency 181 Wh/km Weight 2,273 kg 0-100 5.5 sec 1-Stop Range 446 km Battery 77.0 kWh Fastcharge 120 kW Towing 1,200 kg Cargo Vol. 540 L Price/range €142 /km €57,910 €58,990 £55,945",https://ev-database.org/#group=vehicle-group&rs-pr=10000_100000&rs-er=0_1000&rs-ld=0_1000&rs-ac=2_23&rs-dcfc=0_400&rs-ub=10_200&rs-tw=0_3000&rs-ef=100_350&rs-sa=-1_5&rs-w=1000_3500&rs-c=0_5000&rs-y=2010_2030&s=1&p=6-50
Opel Mokka Electric Available to order,https://ev-database.org/car/3051/Opel-Mokka-Electric,285.0,306.0,178.0,50.8,79.0,9.0,0.0,310.0,1615.0,"Opel Mokka Electric Available to order since October 2024 B 5 4 V2 L H G Range* 285 km Efficiency* 178 Wh/km Weight 1,615 kg 0-100 9.0 sec 1-Stop Range 306 km Battery 50.8 kWh Fastcharge 79 kW Towing 0 kg Cargo Vol. 310 L Price/range* €124 /km €36,740 €33,999 £31,005",https://ev-database.org/#group=vehicle-group&rs-pr=10000_100000&rs-er=0_1000&rs-ld=0_1000&rs-ac=2_23&rs-dcfc=0_400&rs-ub=10_200&rs-tw=0_3000&rs-ef=100_350&rs-sa=-1_5&rs-w=1000_3500&rs-c=0_5000&rs-y=2010_2030&s=1&p=6-50
Tesla Model 3 Long Range RWD,https://ev-database.org/car/1976/Tesla-Model-3-Long-Range-RWD,495.0,586.0,152.0,75.0,124.0,5.9,1000.0,649.0,1825.0,"Tesla Model 3 Long Range RWD Discontinued (April 2023 - October 2023) D 5 5 V2 L H G Range* 495 km Efficiency* 152 Wh/km Weight 1,825 kg 0-100 5.9 sec 1-Stop Range 586 km Battery* 75.0 kWh Fastcharge 124 kW Towing 1,000 kg Cargo Vol. 649 L Price/range* €102 /km N/A €46,993 £46,990",https://ev-database.org/#group=vehicle-group&rs-pr=10000_100000&rs-er=0_1000&rs-ld=0_1000&rs-ac=2_23&rs-dcfc=0_400&rs-ub=10_200&rs-tw=0_3000&rs-ef=100_350&rs-sa=-1_5&rs-w=1000_3500&rs-c=0_5000&rs-y=2010_2030&s=1&p=6-50
Volkswagen ID.7 Pro S (MY26) Available,https://ev-database.org/car/3257/Volkswagen-ID7-Pro-S,525.0,600.0,164.0,86.0,145.0,6.6,1000.0,532.0,2226.0,"Volkswagen ID.7 Pro S (MY26) Available to order since July 2025 E 5 5 V2 L H G Range* 525 km Efficiency* 164 Wh/km Weight 2,226 kg 0-100 6.6 sec 1-Stop Range 600 km Battery 86.0 kWh Fastcharge 145 kW Towing 1,000 kg Cargo Vol. 532 L Price/range* €113 /km €59,095 €56,990 £54,490",https://ev-database.org/#group=vehicle-group&rs-pr=10000_100000&rs-er=0_1000&rs-ld=0_1000&rs-ac=2_23&rs-dcfc=0_400&rs-ub=10_200&rs-tw=0_3000&rs-ef=100_350&rs-sa=-1_5&rs-w=1000_3500&rs-c=0_5000&rs-y=2010_2030&s=1&p=6-50
Tesla Model S 85 Discontinued (August,https://ev-database.org/car/1031/Tesla-Model-S-85,405.0,408.0,199.0,80.8,95.0,5.6,,895.0,2175.0,"Tesla Model S 85 Discontinued (August 2013 - February 2016) F 5 5 V2 L H G Range* 405 km Efficiency* 199 Wh/km Weight 2,175 kg 0-100 5.6 sec 1-Stop Range 408 km Battery* 80.8 kWh Fastcharge 95 kW Towing unknown Cargo Vol. 895 L Price/range* €220 /km €87,400 €90,600 N/A",https://ev-database.org/#group=vehicle-group&rs-pr=10000_100000&rs-er=0_1000&rs-ld=0_1000&rs-ac=2_23&rs-dcfc=0_400&rs-ub=10_200&rs-tw=0_3000&rs-ef=100_350&rs-sa=-1_5&rs-w=1000_3500&rs-c=0_5000&rs-y=2010_2030&s=1&p=6-50
Mercedes-Benz EQS 580 4MATIC (MY26) Available,https://ev-database.org/car/3580/Mercedes-Benz-EQS-580-4MATIC,670.0,782.0,182.0,122.0,190.0,4.1,1700.0,610.0,2660.0,"Mercedes-Benz EQS 580 4MATIC (MY26) Available to order since April 2026 F 5 V2 L H G Range* 670 km Efficiency* 182 Wh/km Weight 2,660 kg 0-100 4.1 sec 1-Stop Range 782 km Battery 122.0 kWh Fastcharge 190 kW Towing 1,700 kg Cargo Vol. 610 L Price/range* €207 /km €134,732 €135,792 £126,455",https://ev-database.org/#group=vehicle-group&rs-pr=10000_100000&rs-er=0_1000&rs-ld=0_1000&rs-ac=2_23&rs-dcfc=0_400&rs-ub=10_200&rs-tw=0_3000&rs-ef=100_350&rs-sa=-1_5&rs-w=1000_3500&rs-c=0_5000&rs-y=2010_2030&s=1&p=6-50
BYD SEAL 82.5 kWh AWD Excellence,https://ev-database.org/car/3516/BYD-SEAL-825-kWh-AWD-Excellence,445.0,472.0,185.0,82.5,100.0,3.8,1500.0,557.0,2260.0,"BYD SEAL 82.5 kWh AWD Excellence (MY26) Available to order since February 2026 D 5 5 V2 L H G Range* 445 km Efficiency* 185 Wh/km Weight 2,260 kg 0-100 3.8 sec 1-Stop Range 472 km Battery 82.5 kWh Fastcharge 100 kW Towing 1,500 kg Cargo Vol. 557 L Price/range* €124 /km €53,990 N/A £48,730",https://ev-database.org/#group=vehicle-group&rs-pr=10000_100000&rs-er=0_1000&rs-ld=0_1000&rs-ac=2_23&rs-dcfc=0_400&rs-ub=10_200&rs-tw=0_3000&rs-ef=100_350&rs-sa=-1_5&rs-w=1000_3500&rs-c=0_5000&rs-y=2010_2030&s=1&p=6-50
Hyundai IONIQ 5 Long Range 2WD,https://ev-database.org/car/1478/Hyundai-IONIQ-5-Long-Range-2WD,370.0,458.0,189.0,70.0,179.0,7.4,1600.0,588.0,1985.0,"Hyundai IONIQ 5 Long Range 2WD (MY21) Discontinued (July 2021 - June 2022) C 5 5 V2 L H G Range* 370 km Efficiency* 189 Wh/km Weight 1,985 kg 0-100 7.4 sec 1-Stop Range 458 km Battery* 70.0 kWh Fastcharge 179 kW Towing 1,600 kg Cargo Vol. 588 L Price/range* €130 /km €45,900 €46,500 £45,400",https://ev-database.org/#group=vehicle-group&rs-pr=10000_100000&rs-er=0_1000&rs-ld=0_1000&rs-ac=2_23&rs-dcfc=0_400&rs-ub=10_200&rs-tw=0_3000&rs-ef=100_350&rs-sa=-1_5&rs-w=1000_3500&rs-c=0_5000&rs-y=2010_2030&s=1&p=6-50
Mercedes-Benz EQV 300 Long Available to,https://ev-database.org/car/2131/Mercedes-Benz-EQV-300-Long,320.0,297.0,281.0,90.0,96.0,12.1,0.0,1030.0,2625.0,"Mercedes-Benz EQV 300 Long Available to order since February 2024 N 7 V2 L H G Range* 320 km Efficiency* 281 Wh/km Weight 2,625 kg 0-100 12.1 sec 1-Stop Range 297 km Battery 90.0 kWh Fastcharge 96 kW Towing 0 kg Cargo Vol. 1,030 L Price/range* €267 /km €62,010 €88,626 £92,255",https://ev-database.org/#group=vehicle-group&rs-pr=10000_100000&rs-er=0_1000&rs-ld=0_1000&rs-ac=2_23&rs-dcfc=0_400&rs-ub=10_200&rs-tw=0_3000&rs-ef=100_350&rs-sa=-1_5&rs-w=1000_3500&rs-c=0_5000&rs-y=2010_2030&s=1&p=6-50
Zeekr 7GT Core RWD (MY26) Available,https://ev-database.org/car/3428/Zeekr-7GT-Core-RWD,410.0,542.0,176.0,72.0,240.0,5.3,1600.0,521.0,2340.0,"Zeekr 7GT Core RWD (MY26) Available to order since January 2026 D 5 V2 L H G Range* 410 km Efficiency* 176 Wh/km Weight 2,340 kg 0-100 5.3 sec 1-Stop Range 542 km Battery* 72.0 kWh Fastcharge 240 kW Towing 1,600 kg Cargo Vol. 521 L Price/range* €117 /km €48,950 €46,990 N/A",https://ev-database.org/#group=vehicle-group&rs-pr=10000_100000&rs-er=0_1000&rs-ld=0_1000&rs-ac=2_23&rs-dcfc=0_400&rs-ub=10_200&rs-tw=0_3000&rs-ef=100_350&rs-sa=-1_5&rs-w=1000_3500&rs-c=0_5000&rs-y=2010_2030&s=1&p=6-50
Volkswagen ID.3 Pro Performance Discontinued (July,https://ev-database.org/car/1532/Volkswagen-ID3-Pro-Performance,350.0,369.0,166.0,58.0,75.0,7.3,0.0,385.0,1812.0,"Volkswagen ID.3 Pro Performance Discontinued (July 2021 - March 2023) C 5 5 V2 L H G Range 350 km Efficiency 166 Wh/km Weight 1,812 kg 0-100 7.3 sec 1-Stop Range 369 km Battery 58.0 kWh Fastcharge 75 kW Towing 0 kg Cargo Vol. 385 L Price/range €129 /km €43,995 €45,990 £39,425",https://ev-database.org/#group=vehicle-group&rs-pr=10000_100000&rs-er=0_1000&rs-ld=0_1000&rs-ac=2_23&rs-dcfc=0_400&rs-ub=10_200&rs-tw=0_3000&rs-ef=100_350&rs-sa=-1_5&rs-w=1000_3500&rs-c=0_5000&rs-y=2010_2030&s=1&p=6-50
Opel Astra Electric (MY23-25) Discontinued (June,https://ev-database.org/car/1792/Opel-Astra-Electric,315.0,343.0,161.0,50.8,79.0,9.2,0.0,352.0,1736.0,"Opel Astra Electric (MY23-25) Discontinued (June 2023 - January 2026) C 5 V2 L H G Range* 315 km Efficiency* 161 Wh/km Weight 1,736 kg 0-100 9.2 sec 1-Stop Range 343 km Battery 50.8 kWh Fastcharge 79 kW Towing 0 kg Cargo Vol. 352 L Price/range* €125 /km €41,990 €37,999 £33,505",https://ev-database.org/#group=vehicle-group&rs-pr=10000_100000&rs-er=0_1000&rs-ld=0_1000&rs-ac=2_23&rs-dcfc=0_400&rs-ub=10_200&rs-tw=0_3000&rs-ef=100_350&rs-sa=-1_5&rs-w=1000_3500&rs-c=0_5000&rs-y=2010_2030&s=1&p=6-50
Peugeot e-5008 97 kWh Long Range,https://ev-database.org/car/2151/Peugeot-e-5008-97-kWh-Long-Range,485.0,496.0,200.0,96.9,135.0,9.6,1000.0,348.0,2316.0,"Peugeot e-5008 97 kWh Long Range Available to order since October 2024 D 7 4 V2 L H G Range* 485 km Efficiency* 200 Wh/km Weight 2,316 kg 0-100 9.6 sec 1-Stop Range 496 km Battery 96.9 kWh Fastcharge 135 kW Towing 1,000 kg Cargo Vol. 348 L Price/range* €115 /km €55,350 €52,915 £51,360",https://ev-database.org/#group=vehicle-group&rs-pr=10000_100000&rs-er=0_1000&rs-ld=0_1000&rs-ac=2_23&rs-dcfc=0_400&rs-ub=10_200&rs-tw=0_3000&rs-ef=100_350&rs-sa=-1_5&rs-w=1000_3500&rs-c=0_5000&rs-y=2010_2030&s=1&p=6-50
Zeekr 001 Performance AWD (MY24) Available,https://ev-database.org/car/1934/Zeekr-001-Performance-AWD,480.0,524.0,196.0,94.0,135.0,3.8,2000.0,569.0,2410.0,"Zeekr 001 Performance AWD (MY24) Available to order since September 2023 E 5 5 V2 L H G Range* 480 km Efficiency* 196 Wh/km Weight 2,410 kg 0-100 3.8 sec 1-Stop Range 524 km Battery 94.0 kWh Fastcharge 135 kW Towing 2,000 kg Cargo Vol. 569 L Price/range* €140 /km €66,950 €66,990 N/A",https://ev-database.org/#group=vehicle-group&rs-pr=10000_100000&rs-er=0_1000&rs-ld=0_1000&rs-ac=2_23&rs-dcfc=0_400&rs-ub=10_200&rs-tw=0_3000&rs-ef=100_350&rs-sa=-1_5&rs-w=1000_3500&rs-c=0_5000&rs-y=2010_2030&s=1&p=6-50
Škoda Enyaq Coupe 85 (MY27) Available,https://ev-database.org/car/3574/Skoda-Enyaq-Coupe-85,470.0,517.0,164.0,77.0,115.0,6.6,2000.0,591.0,2155.0,"Škoda Enyaq Coupe 85 (MY27) Available to order since April 2026 C 5 5 V2 L H G Range* 470 km Efficiency* 164 Wh/km Weight 2,155 kg 0-100 6.6 sec 1-Stop Range 517 km Battery 77.0 kWh Fastcharge 115 kW Towing 2,000 kg Cargo Vol. 591 L Price/range* €110 /km €53,150 €48,490 £46,720",https://ev-database.org/#group=vehicle-group&rs-pr=10000_100000&rs-er=0_1000&rs-ld=0_1000&rs-ac=2_23&rs-dcfc=0_400&rs-ub=10_200&rs-tw=0_3000&rs-ef=100_350&rs-sa=-1_5&rs-w=1000_3500&rs-c=0_5000&rs-y=2010_2030&s=1&p=6-50
MG MG4 Premium Extended Range (MY26),https://ev-database.org/car/3468/MG-MG4-Premium-Extended-Range,435.0,444.0,171.0,74.4,80.0,6.2,500.0,388.0,1830.0,"MG MG4 Premium Extended Range (MY26) Available to order since February 2026 C 5 V2 L H G Range* 435 km Efficiency* 171 Wh/km Weight 1,830 kg 0-100 6.2 sec 1-Stop Range 444 km Battery 74.4 kWh Fastcharge 80 kW Towing 500 kg Cargo Vol. 388 L Price/range* €93 /km €44,990 €38,950 £32,995",https://ev-database.org/#group=vehicle-group&rs-pr=10000_100000&rs-er=0_1000&rs-ld=0_1000&rs-ac=2_23&rs-dcfc=0_400&rs-ub=10_200&rs-tw=0_3000&rs-ef=100_350&rs-sa=-1_5&rs-w=1000_3500&rs-c=0_5000&rs-y=2010_2030&s=1&p=6-50
Tesla Model S Long Range Discontinued,https://ev-database.org/car/1194/Tesla-Model-S-Long-Range,530.0,561.0,179.0,95.0,110.0,3.8,0.0,894.0,2255.0,"Tesla Model S Long Range Discontinued (April 2019 - October 2020) F 5 V2 L H G Range 530 km Efficiency 179 Wh/km Weight 2,255 kg 0-100 3.8 sec 1-Stop Range 561 km Battery* 95.0 kWh Fastcharge 110 kW Towing 0 kg Cargo Vol. 894 L Price/range €155 /km €79,990 €81,005 £74,980",https://ev-database.org/#group=vehicle-group&rs-pr=10000_100000&rs-er=0_1000&rs-ld=0_1000&rs-ac=2_23&rs-dcfc=0_400&rs-ub=10_200&rs-tw=0_3000&rs-ef=100_350&rs-sa=-1_5&rs-w=1000_3500&rs-c=0_5000&rs-y=2010_2030&s=1&p=6-50
Hyundai INSTER Standard Range Available to,https://ev-database.org/car/2230/Hyundai-INSTER-Standard-Range,255.0,266.0,153.0,39.0,60.0,11.7,,280.0,1380.0,"Hyundai INSTER Standard Range Available to order since October 2024 A 4 4 V2 L H G Range* 255 km Efficiency* 153 Wh/km Weight 1,380 kg 0-100 11.7 sec 1-Stop Range 266 km Battery* 39.0 kWh Fastcharge 60 kW Towing unknown Cargo Vol. 280 L Price/range* €98 /km €23,900 €24,295 £23,495",https://ev-database.org/#group=vehicle-group&rs-pr=10000_100000&rs-er=0_1000&rs-ld=0_1000&rs-ac=2_23&rs-dcfc=0_400&rs-ub=10_200&rs-tw=0_3000&rs-ef=100_350&rs-sa=-1_5&rs-w=1000_3500&rs-c=0_5000&rs-y=2010_2030&s=1&p=6-50
Kia EV6 GT Available to order,https://ev-database.org/car/3079/Kia-EV6-GT,395.0,488.0,203.0,80.0,205.0,3.5,1800.0,500.0,2220.0,"Kia EV6 GT Available to order since January 2025 C 5 5 V2 L H G Range 395 km Efficiency 203 Wh/km Weight 2,220 kg 0-100 3.5 sec 1-Stop Range 488 km Battery* 80.0 kWh Fastcharge 205 kW Towing 1,800 kg Cargo Vol. 500 L Price/range €175 /km €69,990 €68,495 £60,035",https://ev-database.org/#group=vehicle-group&rs-pr=10000_100000&rs-er=0_1000&rs-ld=0_1000&rs-ac=2_23&rs-dcfc=0_400&rs-ub=10_200&rs-tw=0_3000&rs-ef=100_350&rs-sa=-1_5&rs-w=1000_3500&rs-c=0_5000&rs-y=2010_2030&s=1&p=6-50
Hyundai IONIQ 6 84 kWh AWD,https://ev-database.org/car/3440/Hyundai-IONIQ-6-84-kWh-AWD,520.0,661.0,154.0,80.0,196.0,5.1,1500.0,416.0,2105.0,"Hyundai IONIQ 6 84 kWh AWD (MY26) Available to order since January 2026 D 5 V2 L H G Range* 520 km Efficiency* 154 Wh/km Weight 2,105 kg 0-100 5.1 sec 1-Stop Range 661 km Battery* 80.0 kWh Fastcharge 196 kW Towing 1,500 kg Cargo Vol. 416 L Price/range* €118 /km €61,550 N/A N/A",https://ev-database.org/#group=vehicle-group&rs-pr=10000_100000&rs-er=0_1000&rs-ld=0_1000&rs-ac=2_23&rs-dcfc=0_400&rs-ub=10_200&rs-tw=0_3000&rs-ef=100_350&rs-sa=-1_5&rs-w=1000_3500&rs-c=0_5000&rs-y=2010_2030&s=1&p=6-50
Porsche Taycan Discontinued (February 2021 -,https://ev-database.org/car/1393/Porsche-Taycan,410.0,510.0,173.0,71.0,171.0,5.4,0.0,491.0,2125.0,"Porsche Taycan Discontinued (February 2021 - January 2023) F 5 5 V2 L H G Range 410 km Efficiency 173 Wh/km Weight 2,125 kg 0-100 5.4 sec 1-Stop Range 510 km Battery 71.0 kWh Fastcharge 171 kW Towing 0 kg Cargo Vol. 491 L Price/range €218 /km €88,399 €93,500 £75,500",https://ev-database.org/#group=vehicle-group&rs-pr=10000_100000&rs-er=0_1000&rs-ld=0_1000&rs-ac=2_23&rs-dcfc=0_400&rs-ub=10_200&rs-tw=0_3000&rs-ef=100_350&rs-sa=-1_5&rs-w=1000_3500&rs-c=0_5000&rs-y=2010_2030&s=1&p=6-50
Toyota C-HR+ 77 kWh AWD (MY26),https://ev-database.org/car/3395/Toyota-C-HRplus-77-kWh-AWD,385.0,417.0,187.0,72.0,110.0,5.2,1500.0,416.0,2080.0,"Toyota C-HR+ 77 kWh AWD (MY26) Available to order since November 2025 C 5 V2 L H G Range* 385 km Efficiency* 187 Wh/km Weight 2,080 kg 0-100 5.2 sec 1-Stop Range 417 km Battery 72.0 kWh Fastcharge 110 kW Towing 1,500 kg Cargo Vol. 416 L Price/range* €136 /km €53,990 €50,995 N/A",https://ev-database.org/#group=vehicle-group&rs-pr=10000_100000&rs-er=0_1000&rs-ld=0_1000&rs-ac=2_23&rs-dcfc=0_400&rs-ub=10_200&rs-tw=0_3000&rs-ef=100_350&rs-sa=-1_5&rs-w=1000_3500&rs-c=0_5000&rs-y=2010_2030&s=1&p=6-50
Volkswagen e-Up! Discontinued (January 2020 -,https://ev-database.org/car/1189/Volkswagen-e-Up,205.0,188.0,158.0,32.3,29.0,11.9,0.0,250.0,1235.0,"Volkswagen e-Up! Discontinued (January 2020 - November 2021) A 4 3 V2 L H G Range 205 km Efficiency 158 Wh/km Weight 1,235 kg 0-100 11.9 sec 1-Stop Range 188 km Battery 32.3 kWh Fastcharge 29 kW Towing 0 kg Cargo Vol. 250 L Price/range €118 /km €21,421 €25,850 £22,055",https://ev-database.org/#group=vehicle-group&rs-pr=10000_100000&rs-er=0_1000&rs-ld=0_1000&rs-ac=2_23&rs-dcfc=0_400&rs-ub=10_200&rs-tw=0_3000&rs-ef=100_350&rs-sa=-1_5&rs-w=1000_3500&rs-c=0_5000&rs-y=2010_2030&s=1&p=6-50
Mitsubishi Eclipse Cross 87 kWh (MY26),https://ev-database.org/car/3335/Mitsubishi-Eclipse-Cross-87-kWh-,480.0,479.0,181.0,87.0,95.0,7.9,1100.0,545.0,1901.0,"Mitsubishi Eclipse Cross 87 kWh (MY26) Available to order since September 2025 C 5 V2 L H G Range* 480 km Efficiency* 181 Wh/km Weight 1,901 kg 0-100 7.9 sec 1-Stop Range 479 km Battery 87.0 kWh Fastcharge 95 kW Towing 1,100 kg Cargo Vol. 545 L Price/range* €98 /km €47,990 €45,690 N/A",https://ev-database.org/#group=vehicle-group&rs-pr=10000_100000&rs-er=0_1000&rs-ld=0_1000&rs-ac=2_23&rs-dcfc=0_400&rs-ub=10_200&rs-tw=0_3000&rs-ef=100_350&rs-sa=-1_5&rs-w=1000_3500&rs-c=0_5000&rs-y=2010_2030&s=1&p=6-50
Kia e-Niro 64 kWh Discontinued (January,https://ev-database.org/car/1260/Kia-e-Niro-64-kWh,375.0,349.0,171.0,64.0,61.0,7.8,0.0,451.0,1812.0,"Kia e-Niro 64 kWh Discontinued (January 2020 - January 2021) C 5 4 V2 L H G Range 375 km Efficiency 171 Wh/km Weight 1,812 kg 0-100 7.8 sec 1-Stop Range 349 km Battery 64.0 kWh Fastcharge 61 kW Towing 0 kg Cargo Vol. 451 L Price/range €108 /km €38,105 €44,995 £33,850",https://ev-database.org/#group=vehicle-group&rs-pr=10000_100000&rs-er=0_1000&rs-ld=0_1000&rs-ac=2_23&rs-dcfc=0_400&rs-ub=10_200&rs-tw=0_3000&rs-ef=100_350&rs-sa=-1_5&rs-w=1000_3500&rs-c=0_5000&rs-y=2010_2030&s=1&p=6-50
Tesla Model 3 Long Range RWD,https://ev-database.org/car/3330/Tesla-Model-3-Long-Range-RWD,580.0,688.0,136.0,79.0,125.0,5.2,1000.0,682.0,1822.0,"Tesla Model 3 Long Range RWD (Highland) Discontinued (October 2025 - December 2025) D 5 5 V2 L H G Range* 580 km Efficiency* 136 Wh/km Weight 1,822 kg 0-100 5.2 sec 1-Stop Range 688 km Battery* 79.0 kWh Fastcharge 125 kW Towing 1,000 kg Cargo Vol. 682 L Price/range* €83 /km €45,970 €45,990 £44,990",https://ev-database.org/#group=vehicle-group&rs-pr=10000_100000&rs-er=0_1000&rs-ld=0_1000&rs-ac=2_23&rs-dcfc=0_400&rs-ub=10_200&rs-tw=0_3000&rs-ef=100_350&rs-sa=-1_5&rs-w=1000_3500&rs-c=0_5000&rs-y=2010_2030&s=1&p=6-50
Dacia Spring Electric 45 Discontinued (April,https://ev-database.org/car/2126/Dacia-Spring-Electric-45,165.0,151.0,152.0,25.0,29.0,,0.0,343.0,1009.0,"Dacia Spring Electric 45 Discontinued (April 2024 - December 2025) A 4 V2 L H G Range* 165 km Efficiency* 152 Wh/km Weight 1,009 kg 0-100* 19.1 sec 1-Stop Range 151 km Battery* 25.0 kWh Fastcharge 29 kW Towing 0 kg Cargo Vol. 343 L Price/range* €107 /km €16,900 €18,950 £14,995",https://ev-database.org/#group=vehicle-group&rs-pr=10000_100000&rs-er=0_1000&rs-ld=0_1000&rs-ac=2_23&rs-dcfc=0_400&rs-ub=10_200&rs-tw=0_3000&rs-ef=100_350&rs-sa=-1_5&rs-w=1000_3500&rs-c=0_5000&rs-y=2010_2030&s=1&p=6-50
Jeep Compass Electric 74 kWh Available,https://ev-database.org/car/3181/Jeep-Compass-Electric-74-kWh,370.0,387.0,199.0,73.7,90.0,8.5,1000.0,550.0,2185.0,"Jeep Compass Electric 74 kWh Available to order since May 2025 C 5 V2 L H G Range* 370 km Efficiency* 199 Wh/km Weight 2,185 kg 0-100 8.5 sec 1-Stop Range 387 km Battery 73.7 kWh Fastcharge 90 kW Towing 1,000 kg Cargo Vol. 550 L Price/range* €124 /km €50,400 €44,995 £36,999",https://ev-database.org/#group=vehicle-group&rs-pr=10000_100000&rs-er=0_1000&rs-ld=0_1000&rs-ac=2_23&rs-dcfc=0_400&rs-ub=10_200&rs-tw=0_3000&rs-ef=100_350&rs-sa=-1_5&rs-w=1000_3500&rs-c=0_5000&rs-y=2010_2030&s=1&p=6-50
Volkswagen ID. Buzz LWB Pro Available,https://ev-database.org/car/2154/Volkswagen-ID-Buzz-LWB-Pro,390.0,432.0,221.0,86.0,145.0,7.9,1000.0,1340.0,2628.0,"Volkswagen ID. Buzz LWB Pro Available to order since June 2024 N 7 V2 L H G Range* 390 km Efficiency* 221 Wh/km Weight 2,628 kg 0-100 7.9 sec 1-Stop Range 432 km Battery 86.0 kWh Fastcharge 145 kW Towing 1,000 kg Cargo Vol. 1,340 L Price/range* €159 /km €62,719 €54,990 £59,395",https://ev-database.org/#group=vehicle-group&rs-pr=10000_100000&rs-er=0_1000&rs-ld=0_1000&rs-ac=2_23&rs-dcfc=0_400&rs-ub=10_200&rs-tw=0_3000&rs-ef=100_350&rs-sa=-1_5&rs-w=1000_3500&rs-c=0_5000&rs-y=2010_2030&s=1&p=6-50
Opel Grandland Electric 73 kWh Available,https://ev-database.org/car/3037/Opel-Grandland-Electric-73-kWh,370.0,388.0,197.0,73.0,90.0,9.0,1200.0,550.0,2207.0,"Opel Grandland Electric 73 kWh Available to order since October 2024 C 5 5 V2 L H G Range* 370 km Efficiency* 197 Wh/km Weight 2,207 kg 0-100 9.0 sec 1-Stop Range 388 km Battery 73.0 kWh Fastcharge 90 kW Towing 1,200 kg Cargo Vol. 550 L Price/range* €119 /km €46,950 €45,999 £34,495",https://ev-database.org/#group=vehicle-group&rs-pr=10000_100000&rs-er=0_1000&rs-ld=0_1000&rs-ac=2_23&rs-dcfc=0_400&rs-ub=10_200&rs-tw=0_3000&rs-ef=100_350&rs-sa=-1_5&rs-w=1000_3500&rs-c=0_5000&rs-y=2010_2030&s=1&p=6-50
Leapmotor C10 RWD 69.9 kWh Available,https://ev-database.org/car/3040/Leapmotor-C10-RWD-699-kWh,355.0,329.0,197.0,69.9,70.0,7.5,1500.0,467.0,2055.0,"Leapmotor C10 RWD 69.9 kWh Available to order since October 2024 D 5 5 V2 L H G Range* 355 km Efficiency* 197 Wh/km Weight 2,055 kg 0-100 7.5 sec 1-Stop Range 329 km Battery 69.9 kWh Fastcharge 70 kW Towing 1,500 kg Cargo Vol. 467 L Price/range* €111 /km €37,600 €39,050 £36,500",https://ev-database.org/#group=vehicle-group&rs-pr=10000_100000&rs-er=0_1000&rs-ld=0_1000&rs-ac=2_23&rs-dcfc=0_400&rs-ub=10_200&rs-tw=0_3000&rs-ef=100_350&rs-sa=-1_5&rs-w=1000_3500&rs-c=0_5000&rs-y=2010_2030&s=1&p=6-50
Tesla Model S 85D Discontinued (April,https://ev-database.org/car/1034/Tesla-Model-S-85D,420.0,423.0,192.0,80.8,95.0,4.4,,895.0,2184.0,"Tesla Model S 85D Discontinued (April 2015 - February 2016) F 5 5 V2 L H G Range* 420 km Efficiency* 192 Wh/km Weight 2,184 kg 0-100 4.4 sec 1-Stop Range 423 km Battery* 80.8 kWh Fastcharge 95 kW Towing unknown Cargo Vol. 895 L Price/range* €225 /km €92,800 €96,200 N/A",https://ev-database.org/#group=vehicle-group&rs-pr=10000_100000&rs-er=0_1000&rs-ld=0_1000&rs-ac=2_23&rs-dcfc=0_400&rs-ub=10_200&rs-tw=0_3000&rs-ef=100_350&rs-sa=-1_5&rs-w=1000_3500&rs-c=0_5000&rs-y=2010_2030&s=1&p=6-50
Porsche Taycan 4S Discontinued (May 2020,https://ev-database.org/car/1237/Porsche-Taycan-4S,395.0,500.0,180.0,71.0,171.0,4.0,0.0,491.0,2215.0,"Porsche Taycan 4S Discontinued (May 2020 - January 2023) F 5 5 V2 L H G Range 395 km Efficiency 180 Wh/km Weight 2,215 kg 0-100 4.0 sec 1-Stop Range 500 km Battery 71.0 kWh Fastcharge 171 kW Towing 0 kg Cargo Vol. 491 L Price/range €272 /km €108,867 €114,200 £86,500",https://ev-database.org/#group=vehicle-group&rs-pr=10000_100000&rs-er=0_1000&rs-ld=0_1000&rs-ac=2_23&rs-dcfc=0_400&rs-ub=10_200&rs-tw=0_3000&rs-ef=100_350&rs-sa=-1_5&rs-w=1000_3500&rs-c=0_5000&rs-y=2010_2030&s=1&p=6-50
BYD SEALION 7 82.5 kWh AWD,https://ev-database.org/car/3071/BYD-SEALION-7-825-kWh-AWD-Design,405.0,431.0,204.0,82.5,115.0,4.5,1500.0,578.0,2415.0,"BYD SEALION 7 82.5 kWh AWD Design Available to order since December 2024 D 5 5 V2 L H G Range* 405 km Efficiency* 204 Wh/km Weight 2,415 kg 0-100 4.5 sec 1-Stop Range 431 km Battery 82.5 kWh Fastcharge 115 kW Towing 1,500 kg Cargo Vol. 578 L Price/range* €138 /km €53,990 €53,690 £51,990",https://ev-database.org/#group=vehicle-group&rs-pr=10000_100000&rs-er=0_1000&rs-ld=0_1000&rs-ac=2_23&rs-dcfc=0_400&rs-ub=10_200&rs-tw=0_3000&rs-ef=100_350&rs-sa=-1_5&rs-w=1000_3500&rs-c=0_5000&rs-y=2010_2030&s=1&p=7-50
Ford Capri Extended Range RWD (MY26),https://ev-database.org/car/3452/Ford-Capri-Extended-Range-RWD,470.0,526.0,168.0,79.0,135.0,6.4,1000.0,572.0,2098.0,"Ford Capri Extended Range RWD (MY26) Available to order since January 2026 D 5 V2 L H G Range* 470 km Efficiency* 168 Wh/km Weight 2,098 kg 0-100 6.4 sec 1-Stop Range 526 km Battery 79.0 kWh Fastcharge 135 kW Towing 1,000 kg Cargo Vol. 572 L Price/range* €104 /km €51,400 €45,750 £43,285",https://ev-database.org/#group=vehicle-group&rs-pr=10000_100000&rs-er=0_1000&rs-ld=0_1000&rs-ac=2_23&rs-dcfc=0_400&rs-ub=10_200&rs-tw=0_3000&rs-ef=100_350&rs-sa=-1_5&rs-w=1000_3500&rs-c=0_5000&rs-y=2010_2030&s=1&p=7-50
Opel Corsa Electric 54 kWh (MY25),https://ev-database.org/car/3221/Opel-Corsa-Electric-54-kWh,335.0,359.0,152.0,50.8,79.0,8.1,0.0,267.0,1544.0,"Opel Corsa Electric 54 kWh (MY25) Available to order since April 2025 B 5 V2 L H G Range* 335 km Efficiency* 152 Wh/km Weight 1,544 kg 0-100 8.1 sec 1-Stop Range 359 km Battery 50.8 kWh Fastcharge 79 kW Towing 0 kg Cargo Vol. 267 L Price/range* €93 /km €31,490 €29,999 £27,400",https://ev-database.org/#group=vehicle-group&rs-pr=10000_100000&rs-er=0_1000&rs-ld=0_1000&rs-ac=2_23&rs-dcfc=0_400&rs-ub=10_200&rs-tw=0_3000&rs-ef=100_350&rs-sa=-1_5&rs-w=1000_3500&rs-c=0_5000&rs-y=2010_2030&s=1&p=7-50
Citroën C5 Aircross Comfort Range Available,https://ev-database.org/car/3230/Citroen-C5-Aircross-Comfort-Range,375.0,389.0,197.0,73.7,90.0,8.9,1250.0,565.0,2184.0,"Citroën C5 Aircross Comfort Range Available to order since July 2025 C 5 4 V2 L H G Range* 375 km Efficiency* 197 Wh/km Weight 2,184 kg 0-100 8.9 sec 1-Stop Range 389 km Battery 73.7 kWh Fastcharge 90 kW Towing 1,250 kg Cargo Vol. 565 L Price/range* €104 /km €42,590 €39,490 £30,315",https://ev-database.org/#group=vehicle-group&rs-pr=10000_100000&rs-er=0_1000&rs-ld=0_1000&rs-ac=2_23&rs-dcfc=0_400&rs-ub=10_200&rs-tw=0_3000&rs-ef=100_350&rs-sa=-1_5&rs-w=1000_3500&rs-c=0_5000&rs-y=2010_2030&s=1&p=7-50
MG IM6 Long Range Available to,https://ev-database.org/car/3247/MG-IM6-Long-Range,500.0,629.0,193.0,96.5,250.0,5.4,,697.0,2320.0,"MG IM6 Long Range Available to order since July 2025 D 5 5 V2 L H G Range* 500 km Efficiency* 193 Wh/km Weight 2,320 kg 0-100 5.4 sec 1-Stop Range 629 km Battery 96.5 kWh Fastcharge 250 kW Towing unknown Cargo Vol. 697 L Price/range* €110 /km N/A N/A £47,995",https://ev-database.org/#group=vehicle-group&rs-pr=10000_100000&rs-er=0_1000&rs-ld=0_1000&rs-ac=2_23&rs-dcfc=0_400&rs-ub=10_200&rs-tw=0_3000&rs-ef=100_350&rs-sa=-1_5&rs-w=1000_3500&rs-c=0_5000&rs-y=2010_2030&s=1&p=7-50
Hyundai Kona Electric 64.8 kWh (MY26),https://ev-database.org/car/3463/Hyundai-Kona-Electric-648-kWh,385.0,379.0,168.0,64.8,70.0,8.1,750.0,493.0,1790.0,"Hyundai Kona Electric 64.8 kWh (MY26) Available to order since January 2026 B 5 4 V2 L H G Range* 385 km Efficiency* 168 Wh/km Weight 1,790 kg 0-100 8.1 sec 1-Stop Range 379 km Battery 64.8 kWh Fastcharge 70 kW Towing 750 kg Cargo Vol. 493 L Price/range* €106 /km €41,340 €39,995 N/A",https://ev-database.org/#group=vehicle-group&rs-pr=10000_100000&rs-er=0_1000&rs-ld=0_1000&rs-ac=2_23&rs-dcfc=0_400&rs-ub=10_200&rs-tw=0_3000&rs-ef=100_350&rs-sa=-1_5&rs-w=1000_3500&rs-c=0_5000&rs-y=2010_2030&s=1&p=7-50
Alfa Romeo Junior Elettrica 54 kWh,https://ev-database.org/car/2184/Alfa-Romeo-Junior-Elettrica-54-kWh,320.0,343.0,159.0,50.8,79.0,9.0,0.0,400.0,1620.0,"Alfa Romeo Junior Elettrica 54 kWh Available to order since April 2024 B 5 V2 L H G Range* 320 km Efficiency* 159 Wh/km Weight 1,620 kg 0-100 9.0 sec 1-Stop Range 343 km Battery 50.8 kWh Fastcharge 79 kW Towing 0 kg Cargo Vol. 400 L Price/range* €119 /km €39,500 €35,950 £33,900",https://ev-database.org/#group=vehicle-group&rs-pr=10000_100000&rs-er=0_1000&rs-ld=0_1000&rs-ac=2_23&rs-dcfc=0_400&rs-ub=10_200&rs-tw=0_3000&rs-ef=100_350&rs-sa=-1_5&rs-w=1000_3500&rs-c=0_5000&rs-y=2010_2030&s=1&p=7-50
Mercedes-Benz B 250e Discontinued (January 2015,https://ev-database.org/car/1013/Mercedes-Benz-B-250e,150.0,106.0,187.0,28.0,0.0,7.9,,501.0,1725.0,"Mercedes-Benz B 250e Discontinued (January 2015 - October 2017) C 5 V2 L H G Range 150 km Efficiency 187 Wh/km Weight 1,725 kg 0-100 7.9 sec 1-Stop Range 106 km Battery 28.0 kWh Fastcharge 0 kW Towing unknown Cargo Vol. 501 L Price/range €256 /km €39,151 €42,881 £28,875",https://ev-database.org/#group=vehicle-group&rs-pr=10000_100000&rs-er=0_1000&rs-ld=0_1000&rs-ac=2_23&rs-dcfc=0_400&rs-ub=10_200&rs-tw=0_3000&rs-ef=100_350&rs-sa=-1_5&rs-w=1000_3500&rs-c=0_5000&rs-y=2010_2030&s=1&p=7-50
Opel Combo-e Life 50 kWh Discontinued,https://ev-database.org/car/1544/Opel-Combo-e-Life-50-kWh,205.0,219.0,226.0,46.3,74.0,11.7,750.0,571.0,1739.0,"Opel Combo-e Life 50 kWh Discontinued (October 2021 - January 2024) N 7 V2 L H G Range* 205 km Efficiency* 226 Wh/km Weight 1,739 kg 0-100 11.7 sec 1-Stop Range 219 km Battery 46.3 kWh Fastcharge 74 kW Towing 750 kg Cargo Vol. 571 L Price/range* €198 /km €43,050 €39,434 £34,085",https://ev-database.org/#group=vehicle-group&rs-pr=10000_100000&rs-er=0_1000&rs-ld=0_1000&rs-ac=2_23&rs-dcfc=0_400&rs-ub=10_200&rs-tw=0_3000&rs-ef=100_350&rs-sa=-1_5&rs-w=1000_3500&rs-c=0_5000&rs-y=2010_2030&s=1&p=7-50
Tesla Model X Plaid (MY26) Available,https://ev-database.org/car/3386/Tesla-Model-X-Plaid,475.0,531.0,200.0,95.0,140.0,2.9,2250.0,608.0,2515.0,"Tesla Model X Plaid (MY26) Available to order since October 2025 F 6 V2 L H G Range* 475 km Efficiency* 200 Wh/km Weight 2,515 kg 0-100 2.9 sec 1-Stop Range 531 km Battery* 95.0 kWh Fastcharge 140 kW Towing 2,250 kg Cargo Vol. 608 L Price/range* €265 /km €125,970 €125,990 N/A",https://ev-database.org/#group=vehicle-group&rs-pr=10000_100000&rs-er=0_1000&rs-ld=0_1000&rs-ac=2_23&rs-dcfc=0_400&rs-ub=10_200&rs-tw=0_3000&rs-ef=100_350&rs-sa=-1_5&rs-w=1000_3500&rs-c=0_5000&rs-y=2010_2030&s=1&p=7-50
Smart EQ forfour Discontinued (January 2020,https://ev-database.org/car/1232/Smart-EQ-forfour,95.0,66.0,176.0,16.7,0.0,12.7,0.0,185.0,1200.0,"Smart EQ forfour Discontinued (January 2020 - May 2022) A 4 V2 L H G Range 95 km Efficiency 176 Wh/km Weight 1,200 kg 0-100 12.7 sec 1-Stop Range 66 km Battery* 16.7 kWh Fastcharge 0 kW Towing 0 kg Cargo Vol. 185 L Price/range €241 /km €19,120 €23,995 £22,295",https://ev-database.org/#group=vehicle-group&rs-pr=10000_100000&rs-er=0_1000&rs-ld=0_1000&rs-ac=2_23&rs-dcfc=0_400&rs-ub=10_200&rs-tw=0_3000&rs-ef=100_350&rs-sa=-1_5&rs-w=1000_3500&rs-c=0_5000&rs-y=2010_2030&s=1&p=7-50
Tesla Model S Performance Discontinued (November,https://ev-database.org/car/1324/Tesla-Model-S-Performance,535.0,595.0,183.0,98.0,,2.8,0.0,894.0,2307.0,"Tesla Model S Performance Discontinued (November 2020 - March 2021) F 5 V2 L H G Range* 535 km Efficiency* 183 Wh/km Weight 2,307 kg 0-100 2.8 sec 1-Stop Range 595 km Battery* 98.0 kWh Fastcharge* 125 kW Towing 0 kg Cargo Vol. 894 L Price/range* €194 /km €98,990 €103,005 £94,980",https://ev-database.org/#group=vehicle-group&rs-pr=10000_100000&rs-er=0_1000&rs-ld=0_1000&rs-ac=2_23&rs-dcfc=0_400&rs-ub=10_200&rs-tw=0_3000&rs-ef=100_350&rs-sa=-1_5&rs-w=1000_3500&rs-c=0_5000&rs-y=2010_2030&s=1&p=7-50
Tesla Model X Long Range Discontinued,https://ev-database.org/car/1198/Tesla-Model-X-Long-Range,440.0,463.0,216.0,95.0,110.0,4.6,2250.0,,2505.0,"Tesla Model X Long Range Discontinued (June 2019 - October 2020) F 7 5 V2 L H G Range 440 km Efficiency 216 Wh/km Weight 2,505 kg 0-100 4.6 sec 1-Stop Range 463 km Battery* 95.0 kWh Fastcharge 110 kW Towing 2,250 kg Cargo Vol. unknown Price/range €206 /km €85,990 €90,005 £82,980",https://ev-database.org/#group=vehicle-group&rs-pr=10000_100000&rs-er=0_1000&rs-ld=0_1000&rs-ac=2_23&rs-dcfc=0_400&rs-ub=10_200&rs-tw=0_3000&rs-ef=100_350&rs-sa=-1_5&rs-w=1000_3500&rs-c=0_5000&rs-y=2010_2030&s=1&p=7-50
Audi e-tron GT quattro Available to,https://ev-database.org/car/3182/Audi-e-tron-GT-quattro,540.0,700.0,180.0,97.0,267.0,4.0,0.0,482.0,2355.0,"Audi e-tron GT quattro Available to order since May 2025 F 4 V2 L H G Range 540 km Efficiency 180 Wh/km Weight 2,355 kg 0-100 4.0 sec 1-Stop Range 700 km Battery 97.0 kWh Fastcharge 267 kW Towing 0 kg Cargo Vol. 482 L Price/range €192 /km €108,900 €99,990 £88,555",https://ev-database.org/#group=vehicle-group&rs-pr=10000_100000&rs-er=0_1000&rs-ld=0_1000&rs-ac=2_23&rs-dcfc=0_400&rs-ub=10_200&rs-tw=0_3000&rs-ef=100_350&rs-sa=-1_5&rs-w=1000_3500&rs-c=0_5000&rs-y=2010_2030&s=1&p=7-50
Volvo EX30 P5 Long Range (MY27),https://ev-database.org/car/3480/Volvo-EX30-P5-Long-Range,365.0,402.0,178.0,65.0,101.0,5.3,1600.0,325.0,1850.0,"Volvo EX30 P5 Long Range (MY27) Available to order since February 2026 B 5 5 V2 L H G Range* 365 km Efficiency* 178 Wh/km Weight 1,850 kg 0-100 5.3 sec 1-Stop Range 402 km Battery 65.0 kWh Fastcharge 101 kW Towing 1,600 kg Cargo Vol. 325 L Price/range* €110 /km N/A €39,995 N/A",https://ev-database.org/#group=vehicle-group&rs-pr=10000_100000&rs-er=0_1000&rs-ld=0_1000&rs-ac=2_23&rs-dcfc=0_400&rs-ub=10_200&rs-tw=0_3000&rs-ef=100_350&rs-sa=-1_5&rs-w=1000_3500&rs-c=0_5000&rs-y=2010_2030&s=1&p=7-50
Smart #1 Pro+ (MY23) Available to,https://ev-database.org/car/1667/Smart-1-Proplus,335.0,357.0,185.0,62.0,90.0,6.7,1600.0,338.0,1863.0,"Smart #1 Pro+ (MY23) Available to order since March 2023 B 5 5 V2 L H G Range* 335 km Efficiency* 185 Wh/km Weight 1,863 kg 0-100 6.7 sec 1-Stop Range 357 km Battery 62.0 kWh Fastcharge 90 kW Towing 1,600 kg Cargo Vol. 338 L Price/range* €124 /km €42,490 €39,500 £36,960",https://ev-database.org/#group=vehicle-group&rs-pr=10000_100000&rs-er=0_1000&rs-ld=0_1000&rs-ac=2_23&rs-dcfc=0_400&rs-ub=10_200&rs-tw=0_3000&rs-ef=100_350&rs-sa=-1_5&rs-w=1000_3500&rs-c=0_5000&rs-y=2010_2030&s=1&p=7-50
Hyundai IONIQ 5 Standard Range 2WD,https://ev-database.org/car/1476/Hyundai-IONIQ-5-Standard-Range-2WD,295.0,367.0,183.0,54.0,140.0,8.5,750.0,588.0,1905.0,"Hyundai IONIQ 5 Standard Range 2WD (MY21) Discontinued (July 2021 - August 2024) C 5 5 V2 L H G Range* 295 km Efficiency* 183 Wh/km Weight 1,905 kg 0-100 8.5 sec 1-Stop Range 367 km Battery* 54.0 kWh Fastcharge 140 kW Towing 750 kg Cargo Vol. 588 L Price/range* €162 /km €43,900 €49,295 £43,445",https://ev-database.org/#group=vehicle-group&rs-pr=10000_100000&rs-er=0_1000&rs-ld=0_1000&rs-ac=2_23&rs-dcfc=0_400&rs-ub=10_200&rs-tw=0_3000&rs-ef=100_350&rs-sa=-1_5&rs-w=1000_3500&rs-c=0_5000&rs-y=2010_2030&s=1&p=7-50
Audi Q6 Sportback e-tron quattro (MY26),https://ev-database.org/car/3488/Audi-Q6-Sportback-e-tron-quattro,500.0,585.0,190.0,94.9,186.0,5.1,2400.0,575.0,2400.0,"Audi Q6 Sportback e-tron quattro (MY26) Available to order since January 2026 D 5 5 V2 L H G Range* 500 km Efficiency* 190 Wh/km Weight 2,400 kg 0-100 5.1 sec 1-Stop Range 585 km Battery 94.9 kWh Fastcharge 186 kW Towing 2,400 kg Cargo Vol. 575 L Price/range* €156 /km €77,100 €73,990 £72,065",https://ev-database.org/#group=vehicle-group&rs-pr=10000_100000&rs-er=0_1000&rs-ld=0_1000&rs-ac=2_23&rs-dcfc=0_400&rs-ub=10_200&rs-tw=0_3000&rs-ef=100_350&rs-sa=-1_5&rs-w=1000_3500&rs-c=0_5000&rs-y=2010_2030&s=1&p=7-50
Toyota Proace Verso L 75 kWh,https://ev-database.org/car/2267/Toyota-Proace-Verso-L-75-kWh,265.0,252.0,260.0,69.0,77.0,13.3,1000.0,989.0,2240.0,"Toyota Proace Verso L 75 kWh Available to order since May 2024 N 9 V2 L H G Range* 265 km Efficiency* 260 Wh/km Weight 2,240 kg 0-100 13.3 sec 1-Stop Range 252 km Battery 69.0 kWh Fastcharge 77 kW Towing 1,000 kg Cargo Vol. 989 L Price/range* €219 /km €58,195 €62,070 £46,595",https://ev-database.org/#group=vehicle-group&rs-pr=10000_100000&rs-er=0_1000&rs-ld=0_1000&rs-ac=2_23&rs-dcfc=0_400&rs-ub=10_200&rs-tw=0_3000&rs-ef=100_350&rs-sa=-1_5&rs-w=1000_3500&rs-c=0_5000&rs-y=2010_2030&s=1&p=7-50
Volkswagen ID.4 Pure (MY27) Available to,https://ev-database.org/car/3495/Volkswagen-ID4-Pure,340.0,361.0,171.0,58.0,90.0,8.5,1000.0,533.0,2065.0,"Volkswagen ID.4 Pure (MY27) Available to order since March 2026 C 5 V2 L H G Range* 340 km Efficiency* 171 Wh/km Weight 2,065 kg 0-100 8.5 sec 1-Stop Range 361 km Battery 58.0 kWh Fastcharge 90 kW Towing 1,000 kg Cargo Vol. 533 L Price/range* €121 /km €40,580 €39,990 £36,995",https://ev-database.org/#group=vehicle-group&rs-pr=10000_100000&rs-er=0_1000&rs-ld=0_1000&rs-ac=2_23&rs-dcfc=0_400&rs-ub=10_200&rs-tw=0_3000&rs-ef=100_350&rs-sa=-1_5&rs-w=1000_3500&rs-c=0_5000&rs-y=2010_2030&s=1&p=7-50
Tesla Model X Dual Motor Discontinued,https://ev-database.org/car/1407/Tesla-Model-X-Dual-Motor,485.0,539.0,196.0,95.0,,3.9,2300.0,608.0,2415.0,"Tesla Model X Dual Motor Discontinued (January 2023 - July 2025) F 7 V2 L H G Range 485 km Efficiency 196 Wh/km Weight 2,415 kg 0-100 3.9 sec 1-Stop Range 539 km Battery* 95.0 kWh Fastcharge* 140 kW Towing 2,300 kg Cargo Vol. 608 L Price/range* €242 /km €115,970 €115,990 * £105,000",https://ev-database.org/#group=vehicle-group&rs-pr=10000_100000&rs-er=0_1000&rs-ld=0_1000&rs-ac=2_23&rs-dcfc=0_400&rs-ub=10_200&rs-tw=0_3000&rs-ef=100_350&rs-sa=-1_5&rs-w=1000_3500&rs-c=0_5000&rs-y=2010_2030&s=1&p=7-50
Dongfeng Box 31.4 kWh Available to,https://ev-database.org/car/3035/Dongfeng-Box-314-kWh,190.0,205.0,153.0,29.0,50.0,,,326.0,1251.0,"Dongfeng Box 31.4 kWh Available to order since June 2025 B 5 3 V2 L H G Range* 190 km Efficiency* 153 Wh/km Weight 1,251 kg 0-100* 12.5 sec 1-Stop Range 205 km Battery* 29.0 kWh Fastcharge 50 kW Towing unknown Cargo Vol. 326 L Price/range* €124 /km N/A €23,499 N/A",https://ev-database.org/#group=vehicle-group&rs-pr=10000_100000&rs-er=0_1000&rs-ld=0_1000&rs-ac=2_23&rs-dcfc=0_400&rs-ub=10_200&rs-tw=0_3000&rs-ef=100_350&rs-sa=-1_5&rs-w=1000_3500&rs-c=0_5000&rs-y=2010_2030&s=1&p=7-50
Citroën ë-C3 Urban Range 30 kWh,https://ev-database.org/car/3280/Citroen-e-C3-Urban-Range-30-kWh,175.0,156.0,170.0,29.8,30.0,11.6,0.0,310.0,1413.0,"Citroën ë-C3 Urban Range 30 kWh Available to order since September 2025 B 5 V2 L H G Range* 175 km Efficiency* 170 Wh/km Weight 1,413 kg 0-100 11.6 sec 1-Stop Range 156 km Battery* 29.8 kWh Fastcharge 30 kW Towing 0 kg Cargo Vol. 310 L Price/range* €119 /km €19,990 €20,990 £18,495",https://ev-database.org/#group=vehicle-group&rs-pr=10000_100000&rs-er=0_1000&rs-ld=0_1000&rs-ac=2_23&rs-dcfc=0_400&rs-ub=10_200&rs-tw=0_3000&rs-ef=100_350&rs-sa=-1_5&rs-w=1000_3500&rs-c=0_5000&rs-y=2010_2030&s=1&p=7-50
Opel Corsa Electric 50 kWh (MY25),https://ev-database.org/car/3220/Opel-Corsa-Electric-50-kWh,290.0,315.0,160.0,46.3,74.0,8.7,0.0,267.0,1544.0,"Opel Corsa Electric 50 kWh (MY25) Available to order since April 2025 B 5 V2 L H G Range* 290 km Efficiency* 160 Wh/km Weight 1,544 kg 0-100 8.7 sec 1-Stop Range 315 km Battery 46.3 kWh Fastcharge 74 kW Towing 0 kg Cargo Vol. 267 L Price/range* €102 /km €29,990 €28,999 £26,005",https://ev-database.org/#group=vehicle-group&rs-pr=10000_100000&rs-er=0_1000&rs-ld=0_1000&rs-ac=2_23&rs-dcfc=0_400&rs-ub=10_200&rs-tw=0_3000&rs-ef=100_350&rs-sa=-1_5&rs-w=1000_3500&rs-c=0_5000&rs-y=2010_2030&s=1&p=7-50
Tesla Model S P100D Discontinued (September,https://ev-database.org/car/1075/Tesla-Model-S-P100D,475.0,477.0,200.0,95.0,100.0,2.7,0.0,895.0,2316.0,"Tesla Model S P100D Discontinued (September 2016 - February 2019) F 5 V2 L H G Range 475 km Efficiency 200 Wh/km Weight 2,316 kg 0-100 2.7 sec 1-Stop Range 477 km Battery* 95.0 kWh Fastcharge 100 kW Towing 0 kg Cargo Vol. 895 L Price/range €311 /km €145,420 €151,020 £127,750",https://ev-database.org/#group=vehicle-group&rs-pr=10000_100000&rs-er=0_1000&rs-ld=0_1000&rs-ac=2_23&rs-dcfc=0_400&rs-ub=10_200&rs-tw=0_3000&rs-ef=100_350&rs-sa=-1_5&rs-w=1000_3500&rs-c=0_5000&rs-y=2010_2030&s=1&p=7-50
Mercedes-Benz EQS SUV 450 4MATIC Available,https://ev-database.org/car/2088/Mercedes-Benz-EQS-SUV-450-4MATIC,530.0,543.0,223.0,118.0,160.0,6.1,1800.0,645.0,2840.0,"Mercedes-Benz EQS SUV 450 4MATIC Available to order since October 2023 F 7 V2 L H G Range* 530 km Efficiency* 223 Wh/km Weight 2,840 kg 0-100 6.1 sec 1-Stop Range 543 km Battery 118.0 kWh Fastcharge 160 kW Towing 1,800 kg Cargo Vol. 645 L Price/range* €247 /km €114,609 €129,660 £129,480",https://ev-database.org/#group=vehicle-group&rs-pr=10000_100000&rs-er=0_1000&rs-ld=0_1000&rs-ac=2_23&rs-dcfc=0_400&rs-ub=10_200&rs-tw=0_3000&rs-ef=100_350&rs-sa=-1_5&rs-w=1000_3500&rs-c=0_5000&rs-y=2010_2030&s=1&p=7-50
XPENG P7+ AWD Performance (MY26) Available,https://ev-database.org/car/3433/XPENG-P7plus-AWD-Performance,425.0,563.0,172.0,73.0,260.0,4.3,1500.0,573.0,2275.0,"XPENG P7+ AWD Performance (MY26) Available to order since January 2026 E 5 V2 L H G Range* 425 km Efficiency* 172 Wh/km Weight 2,275 kg 0-100 4.3 sec 1-Stop Range 563 km Battery* 73.0 kWh Fastcharge 260 kW Towing 1,500 kg Cargo Vol. 573 L Price/range* €127 /km €53,600 €53,990 N/A",https://ev-database.org/#group=vehicle-group&rs-pr=10000_100000&rs-er=0_1000&rs-ld=0_1000&rs-ac=2_23&rs-dcfc=0_400&rs-ub=10_200&rs-tw=0_3000&rs-ef=100_350&rs-sa=-1_5&rs-w=1000_3500&rs-c=0_5000&rs-y=2010_2030&s=1&p=7-50
Peugeot e-2008 (MY22-23) Discontinued (November 2021,https://ev-database.org/car/1584/Peugeot-e-2008,270.0,292.0,171.0,46.3,74.0,8.5,0.0,434.0,1623.0,"Peugeot e-2008 (MY22-23) Discontinued (November 2021 - July 2023) B 5 V2 L H G Range* 270 km Efficiency* 171 Wh/km Weight 1,623 kg 0-100 8.5 sec 1-Stop Range 292 km Battery 46.3 kWh Fastcharge 74 kW Towing 0 kg Cargo Vol. 434 L Price/range* €146 /km €37,900 €40,070 £35,150",https://ev-database.org/#group=vehicle-group&rs-pr=10000_100000&rs-er=0_1000&rs-ld=0_1000&rs-ac=2_23&rs-dcfc=0_400&rs-ub=10_200&rs-tw=0_3000&rs-ef=100_350&rs-sa=-1_5&rs-w=1000_3500&rs-c=0_5000&rs-y=2010_2030&s=1&p=7-50
Škoda Enyaq Coupe RS (MY27) Available,https://ev-database.org/car/3576/Skoda-Enyaq-Coupe-RS,460.0,510.0,167.0,77.0,115.0,5.4,2200.0,591.0,2243.0,"Škoda Enyaq Coupe RS (MY27) Available to order since April 2026 C 5 5 V2 L H G Range* 460 km Efficiency* 167 Wh/km Weight 2,243 kg 0-100 5.4 sec 1-Stop Range 510 km Battery 77.0 kWh Fastcharge 115 kW Towing 2,200 kg Cargo Vol. 591 L Price/range* €131 /km €61,600 €55,990 £54,370",https://ev-database.org/#group=vehicle-group&rs-pr=10000_100000&rs-er=0_1000&rs-ld=0_1000&rs-ac=2_23&rs-dcfc=0_400&rs-ub=10_200&rs-tw=0_3000&rs-ef=100_350&rs-sa=-1_5&rs-w=1000_3500&rs-c=0_5000&rs-y=2010_2030&s=1&p=7-50
BMW iX M60 Discontinued (April 2022,https://ev-database.org/car/1590/BMW-iX-M60,485.0,510.0,217.0,105.2,139.0,3.8,2500.0,500.0,2659.0,"BMW iX M60 Discontinued (April 2022 - January 2025) E 5 5 V2 L H G Range* 485 km Efficiency* 217 Wh/km Weight 2,659 kg 0-100 3.8 sec 1-Stop Range 510 km Battery 105.2 kWh Fastcharge 139 kW Towing 2,500 kg Cargo Vol. 500 L Price/range* €285 /km €136,100 €137,041 £122,775",https://ev-database.org/#group=vehicle-group&rs-pr=10000_100000&rs-er=0_1000&rs-ld=0_1000&rs-ac=2_23&rs-dcfc=0_400&rs-ub=10_200&rs-tw=0_3000&rs-ef=100_350&rs-sa=-1_5&rs-w=1000_3500&rs-c=0_5000&rs-y=2010_2030&s=1&p=7-50
Mini Cooper E Available to order,https://ev-database.org/car/1997/Mini-Cooper-E,250.0,267.0,146.0,36.6,60.0,7.3,0.0,200.0,1615.0,"Mini Cooper E Available to order since December 2023 B 4 5 V2 L H G Range* 250 km Efficiency* 146 Wh/km Weight 1,615 kg 0-100 7.3 sec 1-Stop Range 267 km Battery 36.6 kWh Fastcharge 60 kW Towing 0 kg Cargo Vol. 200 L Price/range* €138 /km €32,900 €35,990 £30,000",https://ev-database.org/#group=vehicle-group&rs-pr=10000_100000&rs-er=0_1000&rs-ld=0_1000&rs-ac=2_23&rs-dcfc=0_400&rs-ub=10_200&rs-tw=0_3000&rs-ef=100_350&rs-sa=-1_5&rs-w=1000_3500&rs-c=0_5000&rs-y=2010_2030&s=1&p=7-50
Zeekr 001 Long Range RWD (MY24),https://ev-database.org/car/1933/Zeekr-001-Long-Range-RWD,505.0,547.0,186.0,94.0,135.0,7.2,1500.0,599.0,2275.0,"Zeekr 001 Long Range RWD (MY24) Available to order since September 2023 E 5 5 V2 L H G Range* 505 km Efficiency* 186 Wh/km Weight 2,275 kg 0-100 7.2 sec 1-Stop Range 547 km Battery 94.0 kWh Fastcharge 135 kW Towing 1,500 kg Cargo Vol. 599 L Price/range* €116 /km €60,950 €55,990 N/A",https://ev-database.org/#group=vehicle-group&rs-pr=10000_100000&rs-er=0_1000&rs-ld=0_1000&rs-ac=2_23&rs-dcfc=0_400&rs-ub=10_200&rs-tw=0_3000&rs-ef=100_350&rs-sa=-1_5&rs-w=1000_3500&rs-c=0_5000&rs-y=2010_2030&s=1&p=7-50
Ford Explorer Standard Range RWD (MY26),https://ev-database.org/car/3446/Ford-Explorer-Standard-Range-RWD,335.0,353.0,173.0,58.0,,8.0,1000.0,532.0,1996.0,"Ford Explorer Standard Range RWD (MY26) Available to order since January 2026 C 5 V2 L H G Range* 335 km Efficiency* 173 Wh/km Weight 1,996 kg 0-100 8.0 sec 1-Stop Range 353 km Battery 58.0 kWh Fastcharge* 85 kW Towing 1,000 kg Cargo Vol. 532 L Price/range* €119 /km €39,900 €38,950 £35,185",https://ev-database.org/#group=vehicle-group&rs-pr=10000_100000&rs-er=0_1000&rs-ld=0_1000&rs-ac=2_23&rs-dcfc=0_400&rs-ub=10_200&rs-tw=0_3000&rs-ef=100_350&rs-sa=-1_5&rs-w=1000_3500&rs-c=0_5000&rs-y=2010_2030&s=1&p=7-50
Renault 5 E-Tech 40kWh 120hp Available,https://ev-database.org/car/2134/Renault-5-E-Tech-40kWh-120hp,260.0,269.0,154.0,40.0,55.0,9.0,500.0,326.0,1447.0,"Renault 5 E-Tech 40kWh 120hp Available to order since November 2024 B 5 4 V2 L H G Range* 260 km Efficiency* 154 Wh/km Weight 1,447 kg 0-100 9.0 sec 1-Stop Range 269 km Battery 40.0 kWh Fastcharge 55 kW Towing 500 kg Cargo Vol. 326 L Price/range* €103 /km €27,900 €27,990 £21,495",https://ev-database.org/#group=vehicle-group&rs-pr=10000_100000&rs-er=0_1000&rs-ld=0_1000&rs-ac=2_23&rs-dcfc=0_400&rs-ub=10_200&rs-tw=0_3000&rs-ef=100_350&rs-sa=-1_5&rs-w=1000_3500&rs-c=0_5000&rs-y=2010_2030&s=1&p=7-50
Cadillac LYRIQ 600 E4 (MY24) Available,https://ev-database.org/car/2243/Cadillac-LYRIQ-600-E4,460.0,492.0,222.0,102.0,165.0,5.3,1587.0,793.0,2774.0,"Cadillac LYRIQ 600 E4 (MY24) Available to order since June 2024 E 5 V2 L H G Range* 460 km Efficiency* 222 Wh/km Weight 2,774 kg 0-100 5.3 sec 1-Stop Range 492 km Battery 102.0 kWh Fastcharge 165 kW Towing 1,587 kg Cargo Vol. 793 L Price/range* €180 /km €83,000 N/A N/A",https://ev-database.org/#group=vehicle-group&rs-pr=10000_100000&rs-er=0_1000&rs-ld=0_1000&rs-ac=2_23&rs-dcfc=0_400&rs-ub=10_200&rs-tw=0_3000&rs-ef=100_350&rs-sa=-1_5&rs-w=1000_3500&rs-c=0_5000&rs-y=2010_2030&s=1&p=7-50
XPENG G6 RWD Long Range (MY24),https://ev-database.org/car/2182/XPENG-G6-RWD-Long-Range,480.0,574.0,182.0,87.5,180.0,6.7,1500.0,571.0,2100.0,"XPENG G6 RWD Long Range (MY24) Discontinued (May 2024 - December 2025) D 5 5 V2 L H G Range* 480 km Efficiency* 182 Wh/km Weight 2,100 kg 0-100 6.7 sec 1-Stop Range 574 km Battery 87.5 kWh Fastcharge 180 kW Towing 1,500 kg Cargo Vol. 571 L Price/range* €104 /km €47,600 €49,990 £44,990",https://ev-database.org/#group=vehicle-group&rs-pr=10000_100000&rs-er=0_1000&rs-ld=0_1000&rs-ac=2_23&rs-dcfc=0_400&rs-ub=10_200&rs-tw=0_3000&rs-ef=100_350&rs-sa=-1_5&rs-w=1000_3500&rs-c=0_5000&rs-y=2010_2030&s=1&p=7-50
Volvo EX60 Cross Country P10 AWD,https://ev-database.org/car/3444/Volvo-EX60-Cross-Country-P10-AWD,490.0,603.0,186.0,91.0,215.0,4.7,2400.0,575.0,2370.0,"Volvo EX60 Cross Country P10 AWD (MY28) Available to order from January 2027* D 5 V2 L H G Range* 490 km Efficiency* 186 Wh/km Weight 2,370 kg 0-100 4.7 sec 1-Stop Range 603 km Battery 91.0 kWh Fastcharge 215 kW Towing 2,400 kg Cargo Vol. 575 L Price/range* €143 /km €68,990 €69,995 * £62,000",https://ev-database.org/#group=vehicle-group&rs-pr=10000_100000&rs-er=0_1000&rs-ld=0_1000&rs-ac=2_23&rs-dcfc=0_400&rs-ub=10_200&rs-tw=0_3000&rs-ef=100_350&rs-sa=-1_5&rs-w=1000_3500&rs-c=0_5000&rs-y=2010_2030&s=1&p=7-50
Leapmotor B10 56.2 kWh Available to,https://ev-database.org/car/3232/Leapmotor-B10-562-kWh,305.0,350.0,180.0,55.0,100.0,8.0,750.0,430.0,1855.0,"Leapmotor B10 56.2 kWh Available to order since August 2025 C 5 5 V2 L H G Range* 305 km Efficiency* 180 Wh/km Weight 1,855 kg 0-100 8.0 sec 1-Stop Range 350 km Battery* 55.0 kWh Fastcharge 100 kW Towing 750 kg Cargo Vol. 430 L Price/range* €95 /km €29,900 €27,995 N/A",https://ev-database.org/#group=vehicle-group&rs-pr=10000_100000&rs-er=0_1000&rs-ld=0_1000&rs-ac=2_23&rs-dcfc=0_400&rs-ub=10_200&rs-tw=0_3000&rs-ef=100_350&rs-sa=-1_5&rs-w=1000_3500&rs-c=0_5000&rs-y=2010_2030&s=1&p=7-50
Leapmotor C10 RWD 81.9 kWh Available,https://ev-database.org/car/3387/Leapmotor-C10-RWD-819-kWh,410.0,439.0,200.0,81.9,120.0,6.6,1500.0,467.0,2130.0,"Leapmotor C10 RWD 81.9 kWh Available to order since October 2025 D 5 5 V2 L H G Range* 410 km Efficiency* 200 Wh/km Weight 2,130 kg 0-100 6.6 sec 1-Stop Range 439 km Battery 81.9 kWh Fastcharge 120 kW Towing 1,500 kg Cargo Vol. 467 L Price/range* €103 /km €41,900 €42,550 N/A",https://ev-database.org/#group=vehicle-group&rs-pr=10000_100000&rs-er=0_1000&rs-ld=0_1000&rs-ac=2_23&rs-dcfc=0_400&rs-ub=10_200&rs-tw=0_3000&rs-ef=100_350&rs-sa=-1_5&rs-w=1000_3500&rs-c=0_5000&rs-y=2010_2030&s=1&p=7-50
Lexus RZ 450e (MY23-25) Discontinued (February,https://ev-database.org/car/1677/Lexus-RZ-450e,350.0,373.0,183.0,64.0,85.0,5.6,750.0,522.0,2130.0,"Lexus RZ 450e (MY23-25) Discontinued (February 2023 - October 2025) D 5 5 V2 L H G Range 350 km Efficiency 183 Wh/km Weight 2,130 kg 0-100 5.6 sec 1-Stop Range 373 km Battery 64.0 kWh Fastcharge 85 kW Towing 750 kg Cargo Vol. 522 L Price/range €183 /km €67,890 €59,995 £55,595",https://ev-database.org/#group=vehicle-group&rs-pr=10000_100000&rs-er=0_1000&rs-ld=0_1000&rs-ac=2_23&rs-dcfc=0_400&rs-ub=10_200&rs-tw=0_3000&rs-ef=100_350&rs-sa=-1_5&rs-w=1000_3500&rs-c=0_5000&rs-y=2010_2030&s=1&p=7-50
BMW iX1 xDrive30 (MY26) Available to,https://ev-database.org/car/3459/BMW-iX1-xDrive30,390.0,419.0,167.0,65.2,95.0,5.6,1200.0,490.0,2085.0,"BMW iX1 xDrive30 (MY26) Available to order since February 2026 C 5 V2 L H G Range* 390 km Efficiency* 167 Wh/km Weight 2,085 kg 0-100 5.6 sec 1-Stop Range 419 km Battery 65.2 kWh Fastcharge 95 kW Towing 1,200 kg Cargo Vol. 490 L Price/range* €148 /km €56,600 €59,874 £49,495",https://ev-database.org/#group=vehicle-group&rs-pr=10000_100000&rs-er=0_1000&rs-ld=0_1000&rs-ac=2_23&rs-dcfc=0_400&rs-ub=10_200&rs-tw=0_3000&rs-ef=100_350&rs-sa=-1_5&rs-w=1000_3500&rs-c=0_5000&rs-y=2010_2030&s=1&p=7-50
Tesla Model 3 Performance Discontinued (February,https://ev-database.org/car/1139/Tesla-Model-3-Performance,440.0,528.0,167.0,73.5,136.0,3.7,0.0,542.0,1931.0,"Tesla Model 3 Performance Discontinued (February 2019 - October 2020) D 5 5 V2 L H G Range 440 km Efficiency 167 Wh/km Weight 1,931 kg 0-100 3.7 sec 1-Stop Range 528 km Battery* 73.5 kWh Fastcharge 136 kW Towing 0 kg Cargo Vol. 542 L Price/range €145 /km €61,480 €65,595 £56,490",https://ev-database.org/#group=vehicle-group&rs-pr=10000_100000&rs-er=0_1000&rs-ld=0_1000&rs-ac=2_23&rs-dcfc=0_400&rs-ub=10_200&rs-tw=0_3000&rs-ef=100_350&rs-sa=-1_5&rs-w=1000_3500&rs-c=0_5000&rs-y=2010_2030&s=1&p=7-50
MG MG4 Electric XPOWER (MY23-25) Discontinued,https://ev-database.org/car/1944/MG-MG4-Electric-XPOWER,320.0,357.0,193.0,61.7,107.0,3.8,500.0,363.0,1878.0,"MG MG4 Electric XPOWER (MY23-25) Discontinued (August 2023 - February 2026) C 5 5 V2 L H G Range* 320 km Efficiency* 193 Wh/km Weight 1,878 kg 0-100 3.8 sec 1-Stop Range 357 km Battery 61.7 kWh Fastcharge 107 kW Towing 500 kg Cargo Vol. 363 L Price/range* €139 /km €46,990 €43,970 £36,745",https://ev-database.org/#group=vehicle-group&rs-pr=10000_100000&rs-er=0_1000&rs-ld=0_1000&rs-ac=2_23&rs-dcfc=0_400&rs-ub=10_200&rs-tw=0_3000&rs-ef=100_350&rs-sa=-1_5&rs-w=1000_3500&rs-c=0_5000&rs-y=2010_2030&s=1&p=7-50
Volkswagen ID. Buzz LWB GTX Available,https://ev-database.org/car/2157/Volkswagen-ID-Buzz-LWB-GTX-,380.0,425.0,226.0,86.0,145.0,6.5,1600.0,1340.0,2758.0,"Volkswagen ID. Buzz LWB GTX Available to order since August 2024 N 7 V2 L H G Range 380 km Efficiency 226 Wh/km Weight 2,758 kg 0-100 6.5 sec 1-Stop Range 425 km Battery 86.0 kWh Fastcharge 145 kW Towing 1,600 kg Cargo Vol. 1,340 L Price/range €196 /km €74,928 €70,990 £67,795",https://ev-database.org/#group=vehicle-group&rs-pr=10000_100000&rs-er=0_1000&rs-ld=0_1000&rs-ac=2_23&rs-dcfc=0_400&rs-ub=10_200&rs-tw=0_3000&rs-ef=100_350&rs-sa=-1_5&rs-w=1000_3500&rs-c=0_5000&rs-y=2010_2030&s=1&p=7-50
Tesla Model X AWD (MY26) Available,https://ev-database.org/car/3385/Tesla-Model-X-AWD,490.0,544.0,194.0,95.0,140.0,3.9,2300.0,608.0,2423.0,"Tesla Model X AWD (MY26) Available to order since October 2025 F 7 V2 L H G Range* 490 km Efficiency* 194 Wh/km Weight 2,423 kg 0-100 3.9 sec 1-Stop Range 544 km Battery* 95.0 kWh Fastcharge 140 kW Towing 2,300 kg Cargo Vol. 608 L Price/range* €237 /km €115,970 €115,990 N/A",https://ev-database.org/#group=vehicle-group&rs-pr=10000_100000&rs-er=0_1000&rs-ld=0_1000&rs-ac=2_23&rs-dcfc=0_400&rs-ub=10_200&rs-tw=0_3000&rs-ef=100_350&rs-sa=-1_5&rs-w=1000_3500&rs-c=0_5000&rs-y=2010_2030&s=1&p=7-50
Toyota Urban Cruiser 61.1 kWh Available,https://ev-database.org/car/3209/Toyota-Urban-Cruiser-611-kWh,330.0,307.0,181.0,59.8,60.0,8.7,750.0,238.0,1835.0,"Toyota Urban Cruiser 61.1 kWh Available to order since May 2025 B 5 4 V2 L H G Range* 330 km Efficiency* 181 Wh/km Weight 1,835 kg 0-100 8.7 sec 1-Stop Range 307 km Battery 59.8 kWh Fastcharge 60 kW Towing 750 kg Cargo Vol. 238 L Price/range* €116 /km €38,990 €35,795 £34,460",https://ev-database.org/#group=vehicle-group&rs-pr=10000_100000&rs-er=0_1000&rs-ld=0_1000&rs-ac=2_23&rs-dcfc=0_400&rs-ub=10_200&rs-tw=0_3000&rs-ef=100_350&rs-sa=-1_5&rs-w=1000_3500&rs-c=0_5000&rs-y=2010_2030&s=1&p=7-50
Ford Mustang Mach-E ER RWD (MY24),https://ev-database.org/car/2278/Ford-Mustang-Mach-E-ER-RWD,480.0,489.0,190.0,91.0,115.0,5.9,1500.0,619.0,2161.0,"Ford Mustang Mach-E ER RWD (MY24) Discontinued (July 2024 - June 2025) D 5 5 V2 L H G Range* 480 km Efficiency* 190 Wh/km Weight 2,161 kg 0-100 5.9 sec 1-Stop Range 489 km Battery 91.0 kWh Fastcharge 115 kW Towing 1,500 kg Cargo Vol. 619 L Price/range* €120 /km €58,500 €54,400 £52,390",https://ev-database.org/#group=vehicle-group&rs-pr=10000_100000&rs-er=0_1000&rs-ld=0_1000&rs-ac=2_23&rs-dcfc=0_400&rs-ub=10_200&rs-tw=0_3000&rs-ef=100_350&rs-sa=-1_5&rs-w=1000_3500&rs-c=0_5000&rs-y=2010_2030&s=1&p=7-50
KGM Musso EV 4WD (MY25) Discontinued,https://ev-database.org/car/3227/KGM-Musso-EV-4WD,360.0,351.0,224.0,80.6,100.0,8.0,1800.0,907.0,2385.0,"KGM Musso EV 4WD (MY25) Discontinued (September 2025 - December 2025) N 5 V2 L H G Range* 360 km Efficiency* 224 Wh/km Weight 2,385 kg 0-100 8.0 sec 1-Stop Range 351 km Battery 80.6 kWh Fastcharge 100 kW Towing 1,800 kg Cargo Vol. 907 L Price/range* €131 /km €45,990 €48,490 N/A",https://ev-database.org/#group=vehicle-group&rs-pr=10000_100000&rs-er=0_1000&rs-ld=0_1000&rs-ac=2_23&rs-dcfc=0_400&rs-ub=10_200&rs-tw=0_3000&rs-ef=100_350&rs-sa=-1_5&rs-w=1000_3500&rs-c=0_5000&rs-y=2010_2030&s=1&p=7-50
XPENG G9 AWD Performance (MY24) Discontinued,https://ev-database.org/car/1826/XPENG-G9-AWD-Performance,465.0,570.0,200.0,93.1,212.0,3.9,1500.0,731.0,2415.0,"XPENG G9 AWD Performance (MY24) Discontinued (February 2023 - August 2025) E 5 5 V2 L H G Range 465 km Efficiency 200 Wh/km Weight 2,415 kg 0-100 3.9 sec 1-Stop Range 570 km Battery 93.1 kWh Fastcharge 212 kW Towing 1,500 kg Cargo Vol. 731 L Price/range €156 /km €71,600 €73,188 N/A",https://ev-database.org/#group=vehicle-group&rs-pr=10000_100000&rs-er=0_1000&rs-ld=0_1000&rs-ac=2_23&rs-dcfc=0_400&rs-ub=10_200&rs-tw=0_3000&rs-ef=100_350&rs-sa=-1_5&rs-w=1000_3500&rs-c=0_5000&rs-y=2010_2030&s=1&p=7-50
Maxus MIFA 9 Available to order,https://ev-database.org/car/1837/Maxus-MIFA-9,360.0,340.0,233.0,84.0,103.0,9.2,1000.0,521.0,2485.0,"Maxus MIFA 9 Available to order since February 2023 N 7 5 V2 L H G Range 360 km Efficiency 233 Wh/km Weight 2,485 kg 0-100 9.2 sec 1-Stop Range 340 km Battery* 84.0 kWh Fastcharge 103 kW Towing 1,000 kg Cargo Vol. 521 L Price/range €200 /km €68,990 N/A £65,290",https://ev-database.org/#group=vehicle-group&rs-pr=10000_100000&rs-er=0_1000&rs-ld=0_1000&rs-ac=2_23&rs-dcfc=0_400&rs-ub=10_200&rs-tw=0_3000&rs-ef=100_350&rs-sa=-1_5&rs-w=1000_3500&rs-c=0_5000&rs-y=2010_2030&s=1&p=7-50
Volkswagen ID.7 Pro S (MY24-25) Discontinued,https://ev-database.org/car/1840/Volkswagen-ID7-Pro-S,525.0,600.0,164.0,86.0,145.0,6.6,1000.0,532.0,2226.0,"Volkswagen ID.7 Pro S (MY24-25) Discontinued (June 2024 - July 2025) E 5 5 V2 L H G Range* 525 km Efficiency* 164 Wh/km Weight 2,226 kg 0-100 6.6 sec 1-Stop Range 600 km Battery 86.0 kWh Fastcharge 145 kW Towing 1,000 kg Cargo Vol. 532 L Price/range* €114 /km €58,985 €56,990 £55,450",https://ev-database.org/#group=vehicle-group&rs-pr=10000_100000&rs-er=0_1000&rs-ld=0_1000&rs-ac=2_23&rs-dcfc=0_400&rs-ub=10_200&rs-tw=0_3000&rs-ef=100_350&rs-sa=-1_5&rs-w=1000_3500&rs-c=0_5000&rs-y=2010_2030&s=1&p=8-50
Hyundai IONIQ 6 N (MY26) Available,https://ev-database.org/car/3449/Hyundai-IONIQ-6-N,440.0,543.0,182.0,80.0,196.0,3.2,0.0,371.0,2166.0,"Hyundai IONIQ 6 N (MY26) Available to order since January 2026 D 5 V2 L H G Range* 440 km Efficiency* 182 Wh/km Weight 2,166 kg 0-100 3.2 sec 1-Stop Range 543 km Battery* 80.0 kWh Fastcharge 196 kW Towing 0 kg Cargo Vol. 371 L Price/range* €171 /km €75,900 €73,995 £65,800",https://ev-database.org/#group=vehicle-group&rs-pr=10000_100000&rs-er=0_1000&rs-ld=0_1000&rs-ac=2_23&rs-dcfc=0_400&rs-ub=10_200&rs-tw=0_3000&rs-ef=100_350&rs-sa=-1_5&rs-w=1000_3500&rs-c=0_5000&rs-y=2010_2030&s=1&p=8-50
CUPRA Born VZ (MY25-26) Available to,https://ev-database.org/car/2128/CUPRA-Born-VZ,465.0,517.0,170.0,79.0,,5.6,0.0,385.0,1999.0,"CUPRA Born VZ (MY25-26) Available to order since June 2024 C 5 V2 L H G Range* 465 km Efficiency* 170 Wh/km Weight 1,999 kg 0-100 5.6 sec 1-Stop Range 517 km Battery 79.0 kWh Fastcharge* 135 kW Towing 0 kg Cargo Vol. 385 L Price/range* €111 /km €52,870 €49,990 £44,820",https://ev-database.org/#group=vehicle-group&rs-pr=10000_100000&rs-er=0_1000&rs-ld=0_1000&rs-ac=2_23&rs-dcfc=0_400&rs-ub=10_200&rs-tw=0_3000&rs-ef=100_350&rs-sa=-1_5&rs-w=1000_3500&rs-c=0_5000&rs-y=2010_2030&s=1&p=8-50
Mercedes-Benz EQE 350+ (MY24) Discontinued (April,https://ev-database.org/car/2205/Mercedes-Benz-EQE-350plus,555.0,597.0,173.0,96.0,141.0,6.5,750.0,430.0,2415.0,"Mercedes-Benz EQE 350+ (MY24) Discontinued (April 2024 - June 2025) E 5 5 V2 L H G Range* 555 km Efficiency* 173 Wh/km Weight 2,415 kg 0-100 6.5 sec 1-Stop Range 597 km Battery 96.0 kWh Fastcharge 141 kW Towing 750 kg Cargo Vol. 430 L Price/range* €136 /km €71,412 €75,736 £68,360",https://ev-database.org/#group=vehicle-group&rs-pr=10000_100000&rs-er=0_1000&rs-ld=0_1000&rs-ac=2_23&rs-dcfc=0_400&rs-ub=10_200&rs-tw=0_3000&rs-ef=100_350&rs-sa=-1_5&rs-w=1000_3500&rs-c=0_5000&rs-y=2010_2030&s=1&p=8-50
Volkswagen ID.7 Tourer GTX (MY26) Available,https://ev-database.org/car/3261/Volkswagen-ID7-Tourer-GTX,500.0,566.0,172.0,86.0,145.0,5.5,1800.0,605.0,2336.0,"Volkswagen ID.7 Tourer GTX (MY26) Available to order since July 2025 E 5 5 V2 L H G Range* 500 km Efficiency* 172 Wh/km Weight 2,336 kg 0-100 5.5 sec 1-Stop Range 566 km Battery 86.0 kWh Fastcharge 145 kW Towing 1,800 kg Cargo Vol. 605 L Price/range* €132 /km €64,065 €64,990 £59,900",https://ev-database.org/#group=vehicle-group&rs-pr=10000_100000&rs-er=0_1000&rs-ld=0_1000&rs-ac=2_23&rs-dcfc=0_400&rs-ub=10_200&rs-tw=0_3000&rs-ef=100_350&rs-sa=-1_5&rs-w=1000_3500&rs-c=0_5000&rs-y=2010_2030&s=1&p=8-50
Zeekr X Long Range RWD (MY25),https://ev-database.org/car/3198/Zeekr-X-Long-Range-RWD,360.0,392.0,181.0,65.0,101.0,5.6,1600.0,383.0,1930.0,"Zeekr X Long Range RWD (MY25) Available to order since May 2025 B 5 5 V2 L H G Range* 360 km Efficiency* 181 Wh/km Weight 1,930 kg 0-100 5.6 sec 1-Stop Range 392 km Battery 65.0 kWh Fastcharge 101 kW Towing 1,600 kg Cargo Vol. 383 L Price/range* €121 /km €43,450 €43,490 N/A",https://ev-database.org/#group=vehicle-group&rs-pr=10000_100000&rs-er=0_1000&rs-ld=0_1000&rs-ac=2_23&rs-dcfc=0_400&rs-ub=10_200&rs-tw=0_3000&rs-ef=100_350&rs-sa=-1_5&rs-w=1000_3500&rs-c=0_5000&rs-y=2010_2030&s=1&p=8-50
CUPRA Raval 85 kW - 37,https://ev-database.org/car/3507/CUPRA-Raval-85-kW---37-kWh,235.0,220.0,157.0,37.0,30.0,11.0,500.0,441.0,1568.0,"CUPRA Raval 85 kW - 37 kWh Available to order since May 2026 B 5 V2 L H G Range* 235 km Efficiency* 157 Wh/km Weight 1,568 kg 0-100 11.0 sec 1-Stop Range 220 km Battery 37.0 kWh Fastcharge 30 kW Towing 500 kg Cargo Vol. 441 L Price/range* €113 /km N/A €25,990 * £23,785",https://ev-database.org/#group=vehicle-group&rs-pr=10000_100000&rs-er=0_1000&rs-ld=0_1000&rs-ac=2_23&rs-dcfc=0_400&rs-ub=10_200&rs-tw=0_3000&rs-ef=100_350&rs-sa=-1_5&rs-w=1000_3500&rs-c=0_5000&rs-y=2010_2030&s=1&p=8-50
Porsche Macan Electric (MY25) Discontinued (July,https://ev-database.org/car/2083/Porsche-Macan-Electric,495.0,578.0,192.0,94.9,186.0,5.7,2000.0,624.0,2295.0,"Porsche Macan Electric (MY25) Discontinued (July 2024 - November 2025) D 5 5 V2 L H G Range* 495 km Efficiency* 192 Wh/km Weight 2,295 kg 0-100 5.7 sec 1-Stop Range 578 km Battery 94.9 kWh Fastcharge 186 kW Towing 2,000 kg Cargo Vol. 624 L Price/range* €165 /km €80,700 €86,000 £68,500",https://ev-database.org/#group=vehicle-group&rs-pr=10000_100000&rs-er=0_1000&rs-ld=0_1000&rs-ac=2_23&rs-dcfc=0_400&rs-ub=10_200&rs-tw=0_3000&rs-ef=100_350&rs-sa=-1_5&rs-w=1000_3500&rs-c=0_5000&rs-y=2010_2030&s=1&p=8-50
Porsche Macan 4 Electric (MY24-25) Discontinued,https://ev-database.org/car/2084/Porsche-Macan-4-Electric,470.0,553.0,202.0,94.9,186.0,5.2,2000.0,624.0,2405.0,"Porsche Macan 4 Electric (MY24-25) Discontinued (January 2024 - October 2025) D 5 5 V2 L H G Range 470 km Efficiency 202 Wh/km Weight 2,405 kg 0-100 5.2 sec 1-Stop Range 553 km Battery 94.9 kWh Fastcharge 186 kW Towing 2,000 kg Cargo Vol. 624 L Price/range €180 /km €84,100 €88,900 £69,800",https://ev-database.org/#group=vehicle-group&rs-pr=10000_100000&rs-er=0_1000&rs-ld=0_1000&rs-ac=2_23&rs-dcfc=0_400&rs-ub=10_200&rs-tw=0_3000&rs-ef=100_350&rs-sa=-1_5&rs-w=1000_3500&rs-c=0_5000&rs-y=2010_2030&s=1&p=8-50
Toyota bZ4X FWD 73.1 kWh (MY25),https://ev-database.org/car/3134/Toyota-bZ4X-FWD-731-kWh,385.0,423.0,179.0,69.0,110.0,7.4,750.0,452.0,2000.0,"Toyota bZ4X FWD 73.1 kWh (MY25) Available to order since July 2025 C 5 5 V2 L H G Range* 385 km Efficiency* 179 Wh/km Weight 2,000 kg 0-100 7.4 sec 1-Stop Range 423 km Battery 69.0 kWh Fastcharge 110 kW Towing 750 kg Cargo Vol. 452 L Price/range* €128 /km €47,990 €45,995 £46,760",https://ev-database.org/#group=vehicle-group&rs-pr=10000_100000&rs-er=0_1000&rs-ld=0_1000&rs-ac=2_23&rs-dcfc=0_400&rs-ub=10_200&rs-tw=0_3000&rs-ef=100_350&rs-sa=-1_5&rs-w=1000_3500&rs-c=0_5000&rs-y=2010_2030&s=1&p=8-50
Volkswagen ID. Buzz Pro Discontinued (September,https://ev-database.org/car/1651/Volkswagen-ID-Buzz-Pro,345.0,368.0,223.0,77.0,115.0,10.2,1000.0,1121.0,2459.0,"Volkswagen ID. Buzz Pro Discontinued (September 2022 - July 2024) N 5 5 V2 L H G Range 345 km Efficiency 223 Wh/km Weight 2,459 kg 0-100 10.2 sec 1-Stop Range 368 km Battery 77.0 kWh Fastcharge 115 kW Towing 1,000 kg Cargo Vol. 1,121 L Price/range €183 /km €64,581 €56,990 £59,035",https://ev-database.org/#group=vehicle-group&rs-pr=10000_100000&rs-er=0_1000&rs-ld=0_1000&rs-ac=2_23&rs-dcfc=0_400&rs-ub=10_200&rs-tw=0_3000&rs-ef=100_350&rs-sa=-1_5&rs-w=1000_3500&rs-c=0_5000&rs-y=2010_2030&s=1&p=8-50
Volvo EX30 Twin Motor Performance (MY24-26),https://ev-database.org/car/1911/Volvo-EX30-Twin-Motor-Performance,340.0,376.0,191.0,65.0,101.0,3.6,1600.0,325.0,1960.0,"Volvo EX30 Twin Motor Performance (MY24-26) Available to order since June 2023 B 5 5 V2 L H G Range 340 km Efficiency 191 Wh/km Weight 1,960 kg 0-100 3.6 sec 1-Stop Range 376 km Battery 65.0 kWh Fastcharge 101 kW Towing 1,600 kg Cargo Vol. 325 L Price/range €145 /km €51,690 €47,795 £42,360",https://ev-database.org/#group=vehicle-group&rs-pr=10000_100000&rs-er=0_1000&rs-ld=0_1000&rs-ac=2_23&rs-dcfc=0_400&rs-ub=10_200&rs-tw=0_3000&rs-ef=100_350&rs-sa=-1_5&rs-w=1000_3500&rs-c=0_5000&rs-y=2010_2030&s=1&p=8-50
Porsche Taycan Turbo GT Available to,https://ev-database.org/car/2144/Porsche-Taycan-Turbo-GT,475.0,610.0,204.0,97.0,267.0,2.3,0.0,410.0,2365.0,"Porsche Taycan Turbo GT Available to order since March 2024 F 5 V2 L H G Range* 475 km Efficiency* 204 Wh/km Weight 2,365 kg 0-100 2.3 sec 1-Stop Range 610 km Battery 97.0 kWh Fastcharge 267 kW Towing 0 kg Cargo Vol. 410 L Price/range* €496 /km €240,000 €249,900 £189,200",https://ev-database.org/#group=vehicle-group&rs-pr=10000_100000&rs-er=0_1000&rs-ld=0_1000&rs-ac=2_23&rs-dcfc=0_400&rs-ub=10_200&rs-tw=0_3000&rs-ef=100_350&rs-sa=-1_5&rs-w=1000_3500&rs-c=0_5000&rs-y=2010_2030&s=1&p=8-50
Škoda Enyaq 85x (MY27) Available to,https://ev-database.org/car/3571/Skoda-Enyaq-85x,450.0,494.0,171.0,77.0,115.0,6.3,2000.0,606.0,2218.0,"Škoda Enyaq 85x (MY27) Available to order since April 2026 C 5 5 V2 L H G Range* 450 km Efficiency* 171 Wh/km Weight 2,218 kg 0-100 6.3 sec 1-Stop Range 494 km Battery 77.0 kWh Fastcharge 115 kW Towing 2,000 kg Cargo Vol. 606 L Price/range* €122 /km €53,250 N/A £49,270",https://ev-database.org/#group=vehicle-group&rs-pr=10000_100000&rs-er=0_1000&rs-ld=0_1000&rs-ac=2_23&rs-dcfc=0_400&rs-ub=10_200&rs-tw=0_3000&rs-ef=100_350&rs-sa=-1_5&rs-w=1000_3500&rs-c=0_5000&rs-y=2010_2030&s=1&p=8-50
BYD ATTO 2 45.12 kWh Available,https://ev-database.org/car/3125/BYD-ATTO-2-4512-kWh,245.0,235.0,184.0,45.1,51.0,7.9,750.0,400.0,1645.0,"BYD ATTO 2 45.12 kWh Available to order since March 2025 B 5 V2 L H G Range* 245 km Efficiency* 184 Wh/km Weight 1,645 kg 0-100 7.9 sec 1-Stop Range 235 km Battery 45.1 kWh Fastcharge 51 kW Towing 750 kg Cargo Vol. 400 L Price/range* €130 /km €31,990 €31,690 N/A",https://ev-database.org/#group=vehicle-group&rs-pr=10000_100000&rs-er=0_1000&rs-ld=0_1000&rs-ac=2_23&rs-dcfc=0_400&rs-ub=10_200&rs-tw=0_3000&rs-ef=100_350&rs-sa=-1_5&rs-w=1000_3500&rs-c=0_5000&rs-y=2010_2030&s=1&p=8-50
BYD DOLPHIN 44.9 kWh Active (MY24),https://ev-database.org/car/1917/BYD-DOLPHIN-449-kWh-Active,265.0,251.0,169.0,44.9,50.0,12.3,0.0,345.0,1650.0,"BYD DOLPHIN 44.9 kWh Active (MY24) Discontinued (July 2023 - June 2025) C 5 5 V2 L H G Range* 265 km Efficiency* 169 Wh/km Weight 1,650 kg 0-100 12.3 sec 1-Stop Range 251 km Battery 44.9 kWh Fastcharge 50 kW Towing 0 kg Cargo Vol. 345 L Price/range* €113 /km N/A €29,990 £26,195",https://ev-database.org/#group=vehicle-group&rs-pr=10000_100000&rs-er=0_1000&rs-ld=0_1000&rs-ac=2_23&rs-dcfc=0_400&rs-ub=10_200&rs-tw=0_3000&rs-ef=100_350&rs-sa=-1_5&rs-w=1000_3500&rs-c=0_5000&rs-y=2010_2030&s=1&p=8-50
Volkswagen ID.3 Pro (MY24-26) Available to,https://ev-database.org/car/2213/Volkswagen-ID3-Pro,365.0,422.0,162.0,59.0,110.0,7.6,0.0,385.0,1815.0,"Volkswagen ID.3 Pro (MY24-26) Available to order since May 2024 C 5 5 V2 L H G Range* 365 km Efficiency* 162 Wh/km Weight 1,815 kg 0-100 7.6 sec 1-Stop Range 422 km Battery 59.0 kWh Fastcharge 110 kW Towing 0 kg Cargo Vol. 385 L Price/range* €104 /km €36,425 €37,990 £34,240",https://ev-database.org/#group=vehicle-group&rs-pr=10000_100000&rs-er=0_1000&rs-ld=0_1000&rs-ac=2_23&rs-dcfc=0_400&rs-ub=10_200&rs-tw=0_3000&rs-ef=100_350&rs-sa=-1_5&rs-w=1000_3500&rs-c=0_5000&rs-y=2010_2030&s=1&p=8-50
Lexus UX 300e Discontinued (November 2020,https://ev-database.org/car/1251/Lexus-UX-300e,235.0,199.0,191.0,45.0,32.0,7.5,0.0,316.0,1860.0,"Lexus UX 300e Discontinued (November 2020 - July 2023) C 5 5 V2 L H G Range 235 km Efficiency 191 Wh/km Weight 1,860 kg 0-100 7.5 sec 1-Stop Range 199 km Battery* 45.0 kWh Fastcharge 32 kW Towing 0 kg Cargo Vol. 316 L Price/range €198 /km €47,550 €51,995 £34,770",https://ev-database.org/#group=vehicle-group&rs-pr=10000_100000&rs-er=0_1000&rs-ld=0_1000&rs-ac=2_23&rs-dcfc=0_400&rs-ub=10_200&rs-tw=0_3000&rs-ef=100_350&rs-sa=-1_5&rs-w=1000_3500&rs-c=0_5000&rs-y=2010_2030&s=1&p=8-50
Audi Q4 e-tron 40 (MY25) Available,https://ev-database.org/car/3148/Audi-Q4-e-tron-40,325.0,378.0,182.0,59.0,110.0,8.1,1000.0,520.0,2035.0,"Audi Q4 e-tron 40 (MY25) Available to order since April 2025 C 5 5 V2 L H G Range* 325 km Efficiency* 182 Wh/km Weight 2,035 kg 0-100 8.1 sec 1-Stop Range 378 km Battery 59.0 kWh Fastcharge 110 kW Towing 1,000 kg Cargo Vol. 520 L Price/range* €149 /km €46,150 €44,990 £46,660",https://ev-database.org/#group=vehicle-group&rs-pr=10000_100000&rs-er=0_1000&rs-ld=0_1000&rs-ac=2_23&rs-dcfc=0_400&rs-ub=10_200&rs-tw=0_3000&rs-ef=100_350&rs-sa=-1_5&rs-w=1000_3500&rs-c=0_5000&rs-y=2010_2030&s=1&p=8-50
Tesla Model X 75D Discontinued (October,https://ev-database.org/car/1052/Tesla-Model-X-75D,335.0,336.0,216.0,72.5,80.0,5.2,2250.0,,2427.0,"Tesla Model X 75D Discontinued (October 2016 - September 2018) F 7 V2 L H G Range 335 km Efficiency 216 Wh/km Weight 2,427 kg 0-100 5.2 sec 1-Stop Range 336 km Battery* 72.5 kWh Fastcharge 80 kW Towing 2,250 kg Cargo Vol. unknown Price/range €283 /km €93,500 €99,670 £79,400",https://ev-database.org/#group=vehicle-group&rs-pr=10000_100000&rs-er=0_1000&rs-ld=0_1000&rs-ac=2_23&rs-dcfc=0_400&rs-ub=10_200&rs-tw=0_3000&rs-ef=100_350&rs-sa=-1_5&rs-w=1000_3500&rs-c=0_5000&rs-y=2010_2030&s=1&p=8-50
Mercedes-Benz EQS 500 4MATIC (MY26) Available,https://ev-database.org/car/3579/Mercedes-Benz-EQS-500-4MATIC,680.0,792.0,179.0,122.0,190.0,4.5,1700.0,610.0,2660.0,"Mercedes-Benz EQS 500 4MATIC (MY26) Available to order since April 2026 F 5 V2 L H G Range* 680 km Efficiency* 179 Wh/km Weight 2,660 kg 0-100 4.5 sec 1-Stop Range 792 km Battery 122.0 kWh Fastcharge 190 kW Towing 1,700 kg Cargo Vol. 610 L Price/range* €177 /km €123,284 €117,642 N/A",https://ev-database.org/#group=vehicle-group&rs-pr=10000_100000&rs-er=0_1000&rs-ld=0_1000&rs-ac=2_23&rs-dcfc=0_400&rs-ub=10_200&rs-tw=0_3000&rs-ef=100_350&rs-sa=-1_5&rs-w=1000_3500&rs-c=0_5000&rs-y=2010_2030&s=1&p=8-50
Lotus Eletre Discontinued (March 2023 -,https://ev-database.org/car/1767/Lotus-Eletre,495.0,597.0,220.0,109.0,246.0,4.5,2250.0,657.0,2565.0,"Lotus Eletre Discontinued (March 2023 - April 2025) F 5 V2 L H G Range* 495 km Efficiency* 220 Wh/km Weight 2,565 kg 0-100 4.5 sec 1-Stop Range 597 km Battery 109.0 kWh Fastcharge 246 kW Towing 2,250 kg Cargo Vol. 657 L Price/range* €202 /km €96,990 €98,690 £90,805",https://ev-database.org/#group=vehicle-group&rs-pr=10000_100000&rs-er=0_1000&rs-ld=0_1000&rs-ac=2_23&rs-dcfc=0_400&rs-ub=10_200&rs-tw=0_3000&rs-ef=100_350&rs-sa=-1_5&rs-w=1000_3500&rs-c=0_5000&rs-y=2010_2030&s=1&p=8-50
Volkswagen ID.4 Pure (MY24-25) Discontinued (October,https://ev-database.org/car/2027/Volkswagen-ID4-Pure,285.0,318.0,182.0,52.0,87.0,9.0,1000.0,543.0,1978.0,"Volkswagen ID.4 Pure (MY24-25) Discontinued (October 2023 - July 2025) C 5 5 V2 L H G Range* 285 km Efficiency* 182 Wh/km Weight 1,978 kg 0-100 9.0 sec 1-Stop Range 318 km Battery 52.0 kWh Fastcharge 87 kW Towing 1,000 kg Cargo Vol. 543 L Price/range* €141 /km €40,335 €39,990 N/A",https://ev-database.org/#group=vehicle-group&rs-pr=10000_100000&rs-er=0_1000&rs-ld=0_1000&rs-ac=2_23&rs-dcfc=0_400&rs-ub=10_200&rs-tw=0_3000&rs-ef=100_350&rs-sa=-1_5&rs-w=1000_3500&rs-c=0_5000&rs-y=2010_2030&s=1&p=8-50
Volvo EX40 Single Motor ER (MY25),https://ev-database.org/car/2121/Volvo-EX40-Single-Motor-ER,400.0,436.0,198.0,79.0,110.0,7.3,1500.0,441.0,2075.0,"Volvo EX40 Single Motor ER (MY25) Discontinued (February 2024 - April 2025) C 5 V2 L H G Range* 400 km Efficiency* 198 Wh/km Weight 2,075 kg 0-100 7.3 sec 1-Stop Range 436 km Battery 79.0 kWh Fastcharge 110 kW Towing 1,500 kg Cargo Vol. 441 L Price/range* €135 /km €55,490 €51,995 £47,705",https://ev-database.org/#group=vehicle-group&rs-pr=10000_100000&rs-er=0_1000&rs-ld=0_1000&rs-ac=2_23&rs-dcfc=0_400&rs-ub=10_200&rs-tw=0_3000&rs-ef=100_350&rs-sa=-1_5&rs-w=1000_3500&rs-c=0_5000&rs-y=2010_2030&s=1&p=8-50
Subaru Uncharted 77 kWh (MY26) Available,https://ev-database.org/car/3436/Subaru-Uncharted-77-kWh,420.0,455.0,171.0,72.0,110.0,7.3,750.0,404.0,1915.0,"Subaru Uncharted 77 kWh (MY26) Available to order since January 2026 C 5 V2 L H G Range* 420 km Efficiency* 171 Wh/km Weight 1,915 kg 0-100 7.3 sec 1-Stop Range 455 km Battery 72.0 kWh Fastcharge 110 kW Towing 750 kg Cargo Vol. 404 L Price/range* €102 /km N/A €42,900 N/A",https://ev-database.org/#group=vehicle-group&rs-pr=10000_100000&rs-er=0_1000&rs-ld=0_1000&rs-ac=2_23&rs-dcfc=0_400&rs-ub=10_200&rs-tw=0_3000&rs-ef=100_350&rs-sa=-1_5&rs-w=1000_3500&rs-c=0_5000&rs-y=2010_2030&s=1&p=8-50
Suzuki e VITARA 61 kWh 4WD,https://ev-database.org/car/3213/Suzuki-e-VITARA-61-kWh-4WD-AllGrip,310.0,286.0,193.0,59.8,60.0,7.4,750.0,238.0,1935.0,"Suzuki e VITARA 61 kWh 4WD AllGrip Available to order since June 2025 B 5 4 V2 L H G Range* 310 km Efficiency* 193 Wh/km Weight 1,935 kg 0-100 7.4 sec 1-Stop Range 286 km Battery 59.8 kWh Fastcharge 60 kW Towing 750 kg Cargo Vol. 238 L Price/range* €126 /km €39,490 €36,995 £34,999",https://ev-database.org/#group=vehicle-group&rs-pr=10000_100000&rs-er=0_1000&rs-ld=0_1000&rs-ac=2_23&rs-dcfc=0_400&rs-ub=10_200&rs-tw=0_3000&rs-ef=100_350&rs-sa=-1_5&rs-w=1000_3500&rs-c=0_5000&rs-y=2010_2030&s=1&p=8-50
Renault Kangoo E-Tech Electric Discontinued (December,https://ev-database.org/car/1802/Renault-Kangoo-E-Tech-Electric,225.0,221.0,200.0,45.0,50.0,12.6,1500.0,950.0,1870.0,"Renault Kangoo E-Tech Electric Discontinued (December 2022 - April 2025) N 5 V2 L H G Range* 225 km Efficiency* 200 Wh/km Weight 1,870 kg 0-100 12.6 sec 1-Stop Range 221 km Battery 45.0 kWh Fastcharge 50 kW Towing 1,500 kg Cargo Vol. 950 L Price/range* €159 /km €35,850 N/A N/A",https://ev-database.org/#group=vehicle-group&rs-pr=10000_100000&rs-er=0_1000&rs-ld=0_1000&rs-ac=2_23&rs-dcfc=0_400&rs-ub=10_200&rs-tw=0_3000&rs-ef=100_350&rs-sa=-1_5&rs-w=1000_3500&rs-c=0_5000&rs-y=2010_2030&s=1&p=8-50
Ford Capri Extended Range AWD (MY25),https://ev-database.org/car/2242/Ford-Capri-Extended-Range-AWD,455.0,517.0,174.0,79.0,135.0,5.3,1200.0,572.0,2175.0,"Ford Capri Extended Range AWD (MY25) Discontinued (July 2024 - January 2026) D 5 V2 L H G Range 455 km Efficiency 174 Wh/km Weight 2,175 kg 0-100 5.3 sec 1-Stop Range 517 km Battery 79.0 kWh Fastcharge 135 kW Towing 1,200 kg Cargo Vol. 572 L Price/range €128 /km €54,831 €54,750 £56,175",https://ev-database.org/#group=vehicle-group&rs-pr=10000_100000&rs-er=0_1000&rs-ld=0_1000&rs-ac=2_23&rs-dcfc=0_400&rs-ub=10_200&rs-tw=0_3000&rs-ef=100_350&rs-sa=-1_5&rs-w=1000_3500&rs-c=0_5000&rs-y=2010_2030&s=1&p=8-50
Kia EV6 GT Discontinued (April 2022,https://ev-database.org/car/1471/Kia-EV6-GT,360.0,444.0,206.0,74.0,196.0,3.5,1800.0,500.0,2200.0,"Kia EV6 GT Discontinued (April 2022 - November 2024) C 5 5 V2 L H G Range 360 km Efficiency 206 Wh/km Weight 2,200 kg 0-100 3.5 sec 1-Stop Range 444 km Battery* 74.0 kWh Fastcharge 196 kW Towing 1,800 kg Cargo Vol. 500 L Price/range €198 /km €72,990 €69,295 £62,645",https://ev-database.org/#group=vehicle-group&rs-pr=10000_100000&rs-er=0_1000&rs-ld=0_1000&rs-ac=2_23&rs-dcfc=0_400&rs-ub=10_200&rs-tw=0_3000&rs-ef=100_350&rs-sa=-1_5&rs-w=1000_3500&rs-c=0_5000&rs-y=2010_2030&s=1&p=8-50
Mercedes-Benz CLA Shooting Brake 350 4MATIC,https://ev-database.org/car/3397/Mercedes-Benz-CLA-Shooting-Brake-350-4MATIC,555.0,704.0,153.0,85.0,208.0,5.0,1800.0,556.0,2155.0,"Mercedes-Benz CLA Shooting Brake 350 4MATIC Available to order since November 2025 D 5 V2 L H G Range* 555 km Efficiency* 153 Wh/km Weight 2,155 kg 0-100 5.0 sec 1-Stop Range 704 km Battery 85.0 kWh Fastcharge 208 kW Towing 1,800 kg Cargo Vol. 556 L Price/range* €116 /km €61,653 €66,602 £56,300",https://ev-database.org/#group=vehicle-group&rs-pr=10000_100000&rs-er=0_1000&rs-ld=0_1000&rs-ac=2_23&rs-dcfc=0_400&rs-ub=10_200&rs-tw=0_3000&rs-ef=100_350&rs-sa=-1_5&rs-w=1000_3500&rs-c=0_5000&rs-y=2010_2030&s=1&p=8-50
Tesla Model S P85D Discontinued (November,https://ev-database.org/car/1036/Tesla-Model-S-P85D,390.0,393.0,207.0,80.8,95.0,3.3,,895.0,2262.0,"Tesla Model S P85D Discontinued (November 2014 - February 2016) F 5 5 V2 L H G Range* 390 km Efficiency* 207 Wh/km Weight 2,262 kg 0-100 3.3 sec 1-Stop Range 393 km Battery* 80.8 kWh Fastcharge 95 kW Towing unknown Cargo Vol. 895 L Price/range* €300 /km €115,000 €119,000 N/A",https://ev-database.org/#group=vehicle-group&rs-pr=10000_100000&rs-er=0_1000&rs-ld=0_1000&rs-ac=2_23&rs-dcfc=0_400&rs-ub=10_200&rs-tw=0_3000&rs-ef=100_350&rs-sa=-1_5&rs-w=1000_3500&rs-c=0_5000&rs-y=2010_2030&s=1&p=8-50
Subaru Solterra AWD (MY22-25) Available to,https://ev-database.org/car/1567/Subaru-Solterra-AWD,320.0,337.0,200.0,64.0,85.0,6.9,750.0,441.0,2085.0,"Subaru Solterra AWD (MY22-25) Available to order since June 2022 C 5 5 V2 L H G Range* 320 km Efficiency* 200 Wh/km Weight 2,085 kg 0-100 6.9 sec 1-Stop Range 337 km Battery 64.0 kWh Fastcharge 85 kW Towing 750 kg Cargo Vol. 441 L Price/range* €175 /km €57,490 €52,995 £49,995",https://ev-database.org/#group=vehicle-group&rs-pr=10000_100000&rs-er=0_1000&rs-ld=0_1000&rs-ac=2_23&rs-dcfc=0_400&rs-ub=10_200&rs-tw=0_3000&rs-ef=100_350&rs-sa=-1_5&rs-w=1000_3500&rs-c=0_5000&rs-y=2010_2030&s=1&p=8-50
Nissan LEAF Standard Range 52 kWh,https://ev-database.org/car/3365/Nissan-LEAF-Standard-Range-52-kWh,330.0,349.0,160.0,52.9,71.0,8.6,975.0,437.0,1864.0,"Nissan LEAF Standard Range 52 kWh (MY26) Available to order since February 2026 C 5 V2 L H G Range* 330 km Efficiency* 160 Wh/km Weight 1,864 kg 0-100 8.6 sec 1-Stop Range 349 km Battery 52.9 kWh Fastcharge 71 kW Towing 975 kg Cargo Vol. 437 L Price/range* €108 /km €35,950 * €38,000 * £28,250",https://ev-database.org/#group=vehicle-group&rs-pr=10000_100000&rs-er=0_1000&rs-ld=0_1000&rs-ac=2_23&rs-dcfc=0_400&rs-ub=10_200&rs-tw=0_3000&rs-ef=100_350&rs-sa=-1_5&rs-w=1000_3500&rs-c=0_5000&rs-y=2010_2030&s=1&p=8-50
CUPRA Born 140 kW - 58,https://ev-database.org/car/3511/CUPRA-Born-140-kW---58-kWh,360.0,379.0,161.0,58.0,95.0,8.0,0.0,385.0,1899.0,"CUPRA Born 140 kW - 58 kWh (MY27) Available to order since April 2026 C 5 V2 L H G Range* 360 km Efficiency* 161 Wh/km Weight 1,899 kg 0-100 8.0 sec 1-Stop Range 379 km Battery 58.0 kWh Fastcharge 95 kW Towing 0 kg Cargo Vol. 385 L Price/range* €111 /km €39,990 N/A N/A",https://ev-database.org/#group=vehicle-group&rs-pr=10000_100000&rs-er=0_1000&rs-ld=0_1000&rs-ac=2_23&rs-dcfc=0_400&rs-ub=10_200&rs-tw=0_3000&rs-ef=100_350&rs-sa=-1_5&rs-w=1000_3500&rs-c=0_5000&rs-y=2010_2030&s=1&p=8-50
Volvo ES90 Twin Motor (MY26) Available,https://ev-database.org/car/3129/Volvo-ES90-Twin-Motor,535.0,642.0,191.0,102.0,200.0,5.5,2000.0,468.0,2610.0,"Volvo ES90 Twin Motor (MY26) Available to order since March 2025 F 5 V2 L H G Range* 535 km Efficiency* 191 Wh/km Weight 2,610 kg 0-100 5.5 sec 1-Stop Range 642 km Battery 102.0 kWh Fastcharge 200 kW Towing 2,000 kg Cargo Vol. 468 L Price/range* €168 /km €88,990 €85,995 £82,750",https://ev-database.org/#group=vehicle-group&rs-pr=10000_100000&rs-er=0_1000&rs-ld=0_1000&rs-ac=2_23&rs-dcfc=0_400&rs-ub=10_200&rs-tw=0_3000&rs-ef=100_350&rs-sa=-1_5&rs-w=1000_3500&rs-c=0_5000&rs-y=2010_2030&s=1&p=8-50
Volkswagen ID.4 Pro (MY26) Discontinued (July,https://ev-database.org/car/3250/Volkswagen-ID4-Pro,445.0,490.0,173.0,77.0,120.0,6.7,1000.0,543.0,2139.0,"Volkswagen ID.4 Pro (MY26) Discontinued (July 2025 - April 2026) C 5 5 V2 L H G Range* 445 km Efficiency* 173 Wh/km Weight 2,139 kg 0-100 6.7 sec 1-Stop Range 490 km Battery 77.0 kWh Fastcharge 120 kW Towing 1,000 kg Cargo Vol. 543 L Price/range* €99 /km €46,335 €44,990 £35,495",https://ev-database.org/#group=vehicle-group&rs-pr=10000_100000&rs-er=0_1000&rs-ld=0_1000&rs-ac=2_23&rs-dcfc=0_400&rs-ub=10_200&rs-tw=0_3000&rs-ef=100_350&rs-sa=-1_5&rs-w=1000_3500&rs-c=0_5000&rs-y=2010_2030&s=1&p=8-50
MG MG4 XPOWER (MY26) Available to,https://ev-database.org/car/3469/MG-MG4-XPOWER,325.0,353.0,190.0,61.7,90.0,3.8,500.0,388.0,1885.0,"MG MG4 XPOWER (MY26) Available to order since February 2026 C 5 V2 L H G Range* 325 km Efficiency* 190 Wh/km Weight 1,885 kg 0-100 3.8 sec 1-Stop Range 353 km Battery 61.7 kWh Fastcharge 90 kW Towing 500 kg Cargo Vol. 388 L Price/range* €130 /km €46,990 €40,950 £33,995",https://ev-database.org/#group=vehicle-group&rs-pr=10000_100000&rs-er=0_1000&rs-ld=0_1000&rs-ac=2_23&rs-dcfc=0_400&rs-ub=10_200&rs-tw=0_3000&rs-ef=100_350&rs-sa=-1_5&rs-w=1000_3500&rs-c=0_5000&rs-y=2010_2030&s=1&p=8-50
Volkswagen ID.4 Pro Discontinued (February 2022,https://ev-database.org/car/1627/Volkswagen-ID4-Pro,410.0,436.0,188.0,77.0,124.0,10.4,1000.0,543.0,2123.0,"Volkswagen ID.4 Pro Discontinued (February 2022 - November 2023) C 5 5 V2 L H G Range* 410 km Efficiency* 188 Wh/km Weight 2,123 kg 0-100 10.4 sec 1-Stop Range 436 km Battery 77.0 kWh Fastcharge 124 kW Towing 1,000 kg Cargo Vol. 543 L Price/range* €126 /km N/A €51,990 £44,605",https://ev-database.org/#group=vehicle-group&rs-pr=10000_100000&rs-er=0_1000&rs-ld=0_1000&rs-ac=2_23&rs-dcfc=0_400&rs-ub=10_200&rs-tw=0_3000&rs-ef=100_350&rs-sa=-1_5&rs-w=1000_3500&rs-c=0_5000&rs-y=2010_2030&s=1&p=8-50
BYD TANG Discontinued (August 2022 -,https://ev-database.org/car/1783/BYD-TANG,355.0,342.0,243.0,86.4,108.0,4.6,1500.0,235.0,2705.0,"BYD TANG Discontinued (August 2022 - November 2024) E 7 V2 L H G Range 355 km Efficiency 243 Wh/km Weight 2,705 kg 0-100 4.6 sec 1-Stop Range 342 km Battery 86.4 kWh Fastcharge 108 kW Towing 1,500 kg Cargo Vol. 235 L Price/range €199 /km €71,400 €69,990 N/A",https://ev-database.org/#group=vehicle-group&rs-pr=10000_100000&rs-er=0_1000&rs-ld=0_1000&rs-ac=2_23&rs-dcfc=0_400&rs-ub=10_200&rs-tw=0_3000&rs-ef=100_350&rs-sa=-1_5&rs-w=1000_3500&rs-c=0_5000&rs-y=2010_2030&s=1&p=8-50
DS Automobiles N°8 AWD Long Range,https://ev-database.org/car/3078/DS-Automobiles-N8-AWD-Long-Range,530.0,552.0,183.0,97.2,135.0,5.4,1400.0,620.0,2364.0,"DS Automobiles N°8 AWD Long Range Available to order since February 2024 D 5 4 V2 L H G Range* 530 km Efficiency* 183 Wh/km Weight 2,364 kg 0-100 5.4 sec 1-Stop Range 552 km Battery 97.2 kWh Fastcharge 135 kW Towing 1,400 kg Cargo Vol. 620 L Price/range* €139 /km €75,000 €73,600 £63,290",https://ev-database.org/#group=vehicle-group&rs-pr=10000_100000&rs-er=0_1000&rs-ld=0_1000&rs-ac=2_23&rs-dcfc=0_400&rs-ub=10_200&rs-tw=0_3000&rs-ef=100_350&rs-sa=-1_5&rs-w=1000_3500&rs-c=0_5000&rs-y=2010_2030&s=1&p=8-50
BMW iX2 xDrive30 (MY23-25) Discontinued (October,https://ev-database.org/car/2040/BMW-iX2-xDrive30,385.0,409.0,168.0,64.7,86.0,5.6,1200.0,525.0,2095.0,"BMW iX2 xDrive30 (MY23-25) Discontinued (October 2023 - February 2026) C 5 V2 L H G Range 385 km Efficiency 168 Wh/km Weight 2,095 kg 0-100 5.6 sec 1-Stop Range 409 km Battery 64.7 kWh Fastcharge 86 kW Towing 1,200 kg Cargo Vol. 525 L Price/range €159 /km €56,500 €60,989 £57,445",https://ev-database.org/#group=vehicle-group&rs-pr=10000_100000&rs-er=0_1000&rs-ld=0_1000&rs-ac=2_23&rs-dcfc=0_400&rs-ub=10_200&rs-tw=0_3000&rs-ef=100_350&rs-sa=-1_5&rs-w=1000_3500&rs-c=0_5000&rs-y=2010_2030&s=1&p=8-50
Škoda Enyaq iV 80x (MY21-23) Discontinued,https://ev-database.org/car/1281/Skoda-Enyaq-iV-80x,425.0,458.0,181.0,77.0,103.0,6.9,1200.0,585.0,2193.0,"Škoda Enyaq iV 80x (MY21-23) Discontinued (June 2021 - October 2023) C 5 5 V2 L H G Range* 425 km Efficiency* 181 Wh/km Weight 2,193 kg 0-100 6.9 sec 1-Stop Range 458 km Battery 77.0 kWh Fastcharge 103 kW Towing 1,200 kg Cargo Vol. 585 L Price/range* €126 /km €49,050 €52,690 £50,805",https://ev-database.org/#group=vehicle-group&rs-pr=10000_100000&rs-er=0_1000&rs-ld=0_1000&rs-ac=2_23&rs-dcfc=0_400&rs-ub=10_200&rs-tw=0_3000&rs-ef=100_350&rs-sa=-1_5&rs-w=1000_3500&rs-c=0_5000&rs-y=2010_2030&s=1&p=8-50
Tesla Model S Long Range Plus,https://ev-database.org/car/1323/Tesla-Model-S-Long-Range-Plus,555.0,620.0,177.0,98.0,,3.8,0.0,894.0,2255.0,"Tesla Model S Long Range Plus Discontinued (November 2020 - March 2021) F 5 V2 L H G Range* 555 km Efficiency* 177 Wh/km Weight 2,255 kg 0-100 3.8 sec 1-Stop Range 620 km Battery* 98.0 kWh Fastcharge* 125 kW Towing 0 kg Cargo Vol. 894 L Price/range* €156 /km €81,990 €86,005 £79,980",https://ev-database.org/#group=vehicle-group&rs-pr=10000_100000&rs-er=0_1000&rs-ld=0_1000&rs-ac=2_23&rs-dcfc=0_400&rs-ub=10_200&rs-tw=0_3000&rs-ef=100_350&rs-sa=-1_5&rs-w=1000_3500&rs-c=0_5000&rs-y=2010_2030&s=1&p=8-50
Kia EV6 Long Range AWD Discontinued,https://ev-database.org/car/1482/Kia-EV6-Long-Range-AWD,400.0,500.0,185.0,74.0,196.0,5.2,1600.0,500.0,2090.0,"Kia EV6 Long Range AWD Discontinued (October 2021 - November 2024) C 5 5 V2 L H G Range* 400 km Efficiency* 185 Wh/km Weight 2,090 kg 0-100 5.2 sec 1-Stop Range 500 km Battery* 74.0 kWh Fastcharge 196 kW Towing 1,600 kg Cargo Vol. 500 L Price/range* €146 /km €55,980 €59,995 £51,745",https://ev-database.org/#group=vehicle-group&rs-pr=10000_100000&rs-er=0_1000&rs-ld=0_1000&rs-ac=2_23&rs-dcfc=0_400&rs-ub=10_200&rs-tw=0_3000&rs-ef=100_350&rs-sa=-1_5&rs-w=1000_3500&rs-c=0_5000&rs-y=2010_2030&s=1&p=8-50
Kia EV9 99.8 kWh RWD Available,https://ev-database.org/car/1834/Kia-EV9-998-kWh-RWD,450.0,502.0,213.0,96.0,196.0,9.4,900.0,423.0,2501.0,"Kia EV9 99.8 kWh RWD Available to order since June 2023 F 7 5 V2 L H G Range* 450 km Efficiency* 213 Wh/km Weight 2,501 kg 0-100 9.4 sec 1-Stop Range 502 km Battery* 96.0 kWh Fastcharge 196 kW Towing 900 kg Cargo Vol. 423 L Price/range* €156 /km €64,990 €68,795 £66,645",https://ev-database.org/#group=vehicle-group&rs-pr=10000_100000&rs-er=0_1000&rs-ld=0_1000&rs-ac=2_23&rs-dcfc=0_400&rs-ub=10_200&rs-tw=0_3000&rs-ef=100_350&rs-sa=-1_5&rs-w=1000_3500&rs-c=0_5000&rs-y=2010_2030&s=1&p=8-50
Smart #3 Premium (MY24) Available to,https://ev-database.org/car/2054/Smart-3-Premium,355.0,380.0,175.0,62.0,90.0,5.8,1600.0,385.0,1885.0,"Smart #3 Premium (MY24) Available to order since January 2024 B 5 5 V2 L H G Range 355 km Efficiency 175 Wh/km Weight 1,885 kg 0-100 5.8 sec 1-Stop Range 380 km Battery 62.0 kWh Fastcharge 90 kW Towing 1,600 kg Cargo Vol. 385 L Price/range €128 /km €46,490 €43,155 £40,660",https://ev-database.org/#group=vehicle-group&rs-pr=10000_100000&rs-er=0_1000&rs-ld=0_1000&rs-ac=2_23&rs-dcfc=0_400&rs-ub=10_200&rs-tw=0_3000&rs-ef=100_350&rs-sa=-1_5&rs-w=1000_3500&rs-c=0_5000&rs-y=2010_2030&s=1&p=8-50
Nissan LEAF 40 kWh (MY23-25) Discontinued,https://ev-database.org/car/1656/Nissan-LEAF-40-kWh,235.0,218.0,166.0,39.0,40.0,7.9,0.0,435.0,1580.0,"Nissan LEAF 40 kWh (MY23-25) Discontinued (March 2022 - December 2024) C 5 5 V2 L H G Range* 235 km Efficiency* 166 Wh/km Weight 1,580 kg 0-100 7.9 sec 1-Stop Range 218 km Battery 39.0 kWh Fastcharge 40 kW Towing 0 kg Cargo Vol. 435 L Price/range* €134 /km €35,900 €25,700 £28,495",https://ev-database.org/#group=vehicle-group&rs-pr=10000_100000&rs-er=0_1000&rs-ld=0_1000&rs-ac=2_23&rs-dcfc=0_400&rs-ub=10_200&rs-tw=0_3000&rs-ef=100_350&rs-sa=-1_5&rs-w=1000_3500&rs-c=0_5000&rs-y=2010_2030&s=1&p=8-50
Porsche Cayenne Turbo Electric (MY26) Available,https://ev-database.org/car/3399/Porsche-Cayenne-Turbo-Electric,495.0,636.0,218.0,108.0,290.0,2.5,3000.0,837.0,2720.0,"Porsche Cayenne Turbo Electric (MY26) Available to order since November 2025 E 5 V2 L H G Range* 495 km Efficiency* 218 Wh/km Weight 2,720 kg 0-100 2.5 sec 1-Stop Range 636 km Battery* 108.0 kWh Fastcharge 290 kW Towing 3,000 kg Cargo Vol. 837 L Price/range* €328 /km €165,500 €171,743 £130,900",https://ev-database.org/#group=vehicle-group&rs-pr=10000_100000&rs-er=0_1000&rs-ld=0_1000&rs-ac=2_23&rs-dcfc=0_400&rs-ub=10_200&rs-tw=0_3000&rs-ef=100_350&rs-sa=-1_5&rs-w=1000_3500&rs-c=0_5000&rs-y=2010_2030&s=1&p=8-50
Tesla Model X 90D Discontinued (October,https://ev-database.org/car/1053/Tesla-Model-X-90D,395.0,387.0,216.0,85.5,90.0,5.0,,,2464.0,"Tesla Model X 90D Discontinued (October 2016 - June 2017) F 7 V2 L H G Range* 395 km Efficiency* 216 Wh/km Weight 2,464 kg 0-100 5.0 sec 1-Stop Range 387 km Battery* 85.5 kWh Fastcharge 90 kW Towing unknown Cargo Vol. unknown Price/range* €287 /km €113,300 €113,285 N/A",https://ev-database.org/#group=vehicle-group&rs-pr=10000_100000&rs-er=0_1000&rs-ld=0_1000&rs-ac=2_23&rs-dcfc=0_400&rs-ub=10_200&rs-tw=0_3000&rs-ef=100_350&rs-sa=-1_5&rs-w=1000_3500&rs-c=0_5000&rs-y=2010_2030&s=1&p=8-50
Porsche Taycan Turbo S Discontinued (January,https://ev-database.org/car/1116/Porsche-Taycan-Turbo-S,400.0,494.0,209.0,83.7,200.0,2.8,0.0,450.0,2370.0,"Porsche Taycan Turbo S Discontinued (January 2020 - January 2023) F 5 5 V2 L H G Range 400 km Efficiency 209 Wh/km Weight 2,370 kg 0-100 2.8 sec 1-Stop Range 494 km Battery 83.7 kWh Fastcharge 200 kW Towing 0 kg Cargo Vol. 450 L Price/range €459 /km €189,668 €196,900 £142,400",https://ev-database.org/#group=vehicle-group&rs-pr=10000_100000&rs-er=0_1000&rs-ld=0_1000&rs-ac=2_23&rs-dcfc=0_400&rs-ub=10_200&rs-tw=0_3000&rs-ef=100_350&rs-sa=-1_5&rs-w=1000_3500&rs-c=0_5000&rs-y=2010_2030&s=1&p=8-50
Jaguar I-Pace EV400 Discontinued (July 2020,https://ev-database.org/car/1287/Jaguar-I-Pace-EV400,380.0,360.0,223.0,84.7,83.0,4.8,750.0,505.0,2208.0,"Jaguar I-Pace EV400 Discontinued (July 2020 - January 2023) D 5 5 V2 L H G Range 380 km Efficiency 223 Wh/km Weight 2,208 kg 0-100 4.8 sec 1-Stop Range 360 km Battery 84.7 kWh Fastcharge 83 kW Towing 750 kg Cargo Vol. 505 L Price/range €207 /km €76,815 €83,077 £66,350",https://ev-database.org/#group=vehicle-group&rs-pr=10000_100000&rs-er=0_1000&rs-ld=0_1000&rs-ac=2_23&rs-dcfc=0_400&rs-ub=10_200&rs-tw=0_3000&rs-ef=100_350&rs-sa=-1_5&rs-w=1000_3500&rs-c=0_5000&rs-y=2010_2030&s=1&p=9-50
Hyundai IONIQ 5 Long Range AWD,https://ev-database.org/car/1479/Hyundai-IONIQ-5-Long-Range-AWD,365.0,451.0,192.0,70.0,179.0,5.2,1600.0,555.0,2095.0,"Hyundai IONIQ 5 Long Range AWD (MY21) Discontinued (July 2021 - June 2022) C 5 5 V2 L H G Range* 365 km Efficiency* 192 Wh/km Weight 2,095 kg 0-100 5.2 sec 1-Stop Range 451 km Battery* 70.0 kWh Fastcharge 179 kW Towing 1,600 kg Cargo Vol. 555 L Price/range* €143 /km €49,900 €54,500 £45,145",https://ev-database.org/#group=vehicle-group&rs-pr=10000_100000&rs-er=0_1000&rs-ld=0_1000&rs-ac=2_23&rs-dcfc=0_400&rs-ub=10_200&rs-tw=0_3000&rs-ef=100_350&rs-sa=-1_5&rs-w=1000_3500&rs-c=0_5000&rs-y=2010_2030&s=1&p=9-50
Mercedes-Benz EQS 580 4MATIC Discontinued (June,https://ev-database.org/car/2011/Mercedes-Benz-EQS-580-4MATIC,590.0,654.0,184.0,108.4,169.0,4.3,750.0,620.0,2635.0,"Mercedes-Benz EQS 580 4MATIC Discontinued (June 2023 - April 2024) F 5 5 V2 L H G Range* 590 km Efficiency* 184 Wh/km Weight 2,635 kg 0-100 4.3 sec 1-Stop Range 654 km Battery 108.4 kWh Fastcharge 169 kW Towing 750 kg Cargo Vol. 620 L Price/range* €267 /km €141,705 €173,825 N/A",https://ev-database.org/#group=vehicle-group&rs-pr=10000_100000&rs-er=0_1000&rs-ld=0_1000&rs-ac=2_23&rs-dcfc=0_400&rs-ub=10_200&rs-tw=0_3000&rs-ef=100_350&rs-sa=-1_5&rs-w=1000_3500&rs-c=0_5000&rs-y=2010_2030&s=1&p=9-50
Tesla Model 3 Long Range RWD,https://ev-database.org/car/1100/Tesla-Model-3-Long-Range-RWD,475.0,567.0,155.0,73.5,136.0,5.3,910.0,542.0,1801.0,"Tesla Model 3 Long Range RWD Discontinued (April 2019 - July 2019) D 5 5 V2 L H G Range 475 km Efficiency 155 Wh/km Weight 1,801 kg 0-100 5.3 sec 1-Stop Range 567 km Battery* 73.5 kWh Fastcharge 136 kW Towing 910 kg Cargo Vol. 542 L Price/range €114 /km N/A €54,018 N/A",https://ev-database.org/#group=vehicle-group&rs-pr=10000_100000&rs-er=0_1000&rs-ld=0_1000&rs-ac=2_23&rs-dcfc=0_400&rs-ub=10_200&rs-tw=0_3000&rs-ef=100_350&rs-sa=-1_5&rs-w=1000_3500&rs-c=0_5000&rs-y=2010_2030&s=1&p=9-50
Volkswagen ID.4 GTX Discontinued (July 2022,https://ev-database.org/car/1828/Volkswagen-ID4-GTX,400.0,425.0,193.0,77.0,103.0,6.3,1200.0,543.0,2239.0,"Volkswagen ID.4 GTX Discontinued (July 2022 - November 2023) C 5 5 V2 L H G Range* 400 km Efficiency* 193 Wh/km Weight 2,239 kg 0-100 6.3 sec 1-Stop Range 425 km Battery 77.0 kWh Fastcharge 103 kW Towing 1,200 kg Cargo Vol. 543 L Price/range* €147 /km €53,255 €61,790 £52,865",https://ev-database.org/#group=vehicle-group&rs-pr=10000_100000&rs-er=0_1000&rs-ld=0_1000&rs-ac=2_23&rs-dcfc=0_400&rs-ub=10_200&rs-tw=0_3000&rs-ef=100_350&rs-sa=-1_5&rs-w=1000_3500&rs-c=0_5000&rs-y=2010_2030&s=1&p=9-50
Mini Aceman SE Available to order,https://ev-database.org/car/2191/Mini-Aceman-SE,290.0,308.0,170.0,49.2,75.0,7.1,750.0,300.0,1785.0,"Mini Aceman SE Available to order since June 2024 B 5 5 V2 L H G Range* 290 km Efficiency* 170 Wh/km Weight 1,785 kg 0-100 7.1 sec 1-Stop Range 308 km Battery 49.2 kWh Fastcharge 75 kW Towing 750 kg Cargo Vol. 300 L Price/range* €141 /km €39,550 €40,990 £36,300",https://ev-database.org/#group=vehicle-group&rs-pr=10000_100000&rs-er=0_1000&rs-ld=0_1000&rs-ac=2_23&rs-dcfc=0_400&rs-ub=10_200&rs-tw=0_3000&rs-ef=100_350&rs-sa=-1_5&rs-w=1000_3500&rs-c=0_5000&rs-y=2010_2030&s=1&p=9-50
Polestar 2 (MY20) Discontinued (August 2020,https://ev-database.org/car/1170/Polestar-2,390.0,412.0,192.0,75.0,97.0,4.7,1500.0,440.0,2198.0,"Polestar 2 (MY20) Discontinued (August 2020 - May 2021) D 5 5 V2 L H G Range 390 km Efficiency 192 Wh/km Weight 2,198 kg 0-100 4.7 sec 1-Stop Range 412 km Battery 75.0 kWh Fastcharge 97 kW Towing 1,500 kg Cargo Vol. 440 L Price/range €150 /km €57,900 €59,800 £49,900",https://ev-database.org/#group=vehicle-group&rs-pr=10000_100000&rs-er=0_1000&rs-ld=0_1000&rs-ac=2_23&rs-dcfc=0_400&rs-ub=10_200&rs-tw=0_3000&rs-ef=100_350&rs-sa=-1_5&rs-w=1000_3500&rs-c=0_5000&rs-y=2010_2030&s=1&p=9-50
Polestar 2 Long Range Single Motor,https://ev-database.org/car/1818/Polestar-2-Long-Range-Single-Motor,470.0,525.0,168.0,79.0,110.0,6.2,1500.0,446.0,2084.0,"Polestar 2 Long Range Single Motor (MY24) Discontinued (January 2023 - September 2024) D 5 5 V2 L H G Range 470 km Efficiency 168 Wh/km Weight 2,084 kg 0-100 6.2 sec 1-Stop Range 525 km Battery 79.0 kWh Fastcharge 110 kW Towing 1,500 kg Cargo Vol. 446 L Price/range €112 /km €49,975 €51,200 £48,950",https://ev-database.org/#group=vehicle-group&rs-pr=10000_100000&rs-er=0_1000&rs-ld=0_1000&rs-ac=2_23&rs-dcfc=0_400&rs-ub=10_200&rs-tw=0_3000&rs-ef=100_350&rs-sa=-1_5&rs-w=1000_3500&rs-c=0_5000&rs-y=2010_2030&s=1&p=9-50
Volkswagen ID.3 Pro Discontinued (November 2020,https://ev-database.org/car/1202/Volkswagen-ID3-Pro,350.0,372.0,166.0,58.0,75.0,9.6,0.0,385.0,1805.0,"Volkswagen ID.3 Pro Discontinued (November 2020 - August 2021) C 5 5 V2 L H G Range 350 km Efficiency 166 Wh/km Weight 1,805 kg 0-100 9.6 sec 1-Stop Range 372 km Battery 58.0 kWh Fastcharge 75 kW Towing 0 kg Cargo Vol. 385 L Price/range €100 /km €34,995 €36,890 £28,420",https://ev-database.org/#group=vehicle-group&rs-pr=10000_100000&rs-er=0_1000&rs-ld=0_1000&rs-ac=2_23&rs-dcfc=0_400&rs-ub=10_200&rs-tw=0_3000&rs-ef=100_350&rs-sa=-1_5&rs-w=1000_3500&rs-c=0_5000&rs-y=2010_2030&s=1&p=9-50
Ford e-Tourneo Courier Available to order,https://ev-database.org/car/3166/Ford-e-Tourneo-Courier,200.0,216.0,218.0,43.6,80.0,,750.0,,1724.0,"Ford e-Tourneo Courier Available to order since December 2024 N 5 4 V2 L H G Range* 200 km Efficiency* 218 Wh/km Weight 1,724 kg 0-100* 11.0 sec 1-Stop Range 216 km Battery 43.6 kWh Fastcharge 80 kW Towing 750 kg Cargo Vol. unknown Price/range* €184 /km €35,999 €39,776 £29,940",https://ev-database.org/#group=vehicle-group&rs-pr=10000_100000&rs-er=0_1000&rs-ld=0_1000&rs-ac=2_23&rs-dcfc=0_400&rs-ub=10_200&rs-tw=0_3000&rs-ef=100_350&rs-sa=-1_5&rs-w=1000_3500&rs-c=0_5000&rs-y=2010_2030&s=1&p=9-50
CUPRA Born 170 kW - 79,https://ev-database.org/car/3263/CUPRA-Born-170-kW---79-kWh,470.0,526.0,168.0,79.0,135.0,7.1,0.0,385.0,1977.0,"CUPRA Born 170 kW - 79 kWh (MY25-26) Available to order since June 2025 C 5 5 V2 L H G Range* 470 km Efficiency* 168 Wh/km Weight 1,977 kg 0-100 7.1 sec 1-Stop Range 526 km Battery 79.0 kWh Fastcharge 135 kW Towing 0 kg Cargo Vol. 385 L Price/range* €92 /km €47,350 €41,990 £35,495",https://ev-database.org/#group=vehicle-group&rs-pr=10000_100000&rs-er=0_1000&rs-ld=0_1000&rs-ac=2_23&rs-dcfc=0_400&rs-ub=10_200&rs-tw=0_3000&rs-ef=100_350&rs-sa=-1_5&rs-w=1000_3500&rs-c=0_5000&rs-y=2010_2030&s=1&p=9-50
BMW i7 eDrive50 (MY23-26) Available to,https://ev-database.org/car/1905/BMW-i7-eDrive50,520.0,568.0,196.0,101.7,149.0,5.5,0.0,500.0,2595.0,"BMW i7 eDrive50 (MY23-26) Available to order since May 2023 F 5 V2 L H G Range* 520 km Efficiency* 196 Wh/km Weight 2,595 kg 0-100 5.5 sec 1-Stop Range 568 km Battery 101.7 kWh Fastcharge 149 kW Towing 0 kg Cargo Vol. 500 L Price/range* €227 /km €115,700 €122,463 £100,205",https://ev-database.org/#group=vehicle-group&rs-pr=10000_100000&rs-er=0_1000&rs-ld=0_1000&rs-ac=2_23&rs-dcfc=0_400&rs-ub=10_200&rs-tw=0_3000&rs-ef=100_350&rs-sa=-1_5&rs-w=1000_3500&rs-c=0_5000&rs-y=2010_2030&s=1&p=9-50
Hyundai Kona Electric 48.6 kWh (MY26),https://ev-database.org/car/3462/Hyundai-Kona-Electric-486-kWh,295.0,291.0,165.0,48.6,50.0,9.9,300.0,493.0,1685.0,"Hyundai Kona Electric 48.6 kWh (MY26) Available to order since January 2026 B 5 4 V2 L H G Range* 295 km Efficiency* 165 Wh/km Weight 1,685 kg 0-100 9.9 sec 1-Stop Range 291 km Battery 48.6 kWh Fastcharge 50 kW Towing 300 kg Cargo Vol. 493 L Price/range* €128 /km €38,340 €36,995 N/A",https://ev-database.org/#group=vehicle-group&rs-pr=10000_100000&rs-er=0_1000&rs-ld=0_1000&rs-ac=2_23&rs-dcfc=0_400&rs-ub=10_200&rs-tw=0_3000&rs-ef=100_350&rs-sa=-1_5&rs-w=1000_3500&rs-c=0_5000&rs-y=2010_2030&s=1&p=9-50
Seres 3 Discontinued (October 2021 -,https://ev-database.org/car/1804/Seres-3,260.0,232.0,196.0,51.0,50.0,8.9,0.0,318.0,1765.0,"Seres 3 Discontinued (October 2021 - March 2024) C 5 V2 L H G Range* 260 km Efficiency* 196 Wh/km Weight 1,765 kg 0-100 8.9 sec 1-Stop Range 232 km Battery* 51.0 kWh Fastcharge 50 kW Towing 0 kg Cargo Vol. 318 L Price/range* €146 /km N/A €37,995 N/A",https://ev-database.org/#group=vehicle-group&rs-pr=10000_100000&rs-er=0_1000&rs-ld=0_1000&rs-ac=2_23&rs-dcfc=0_400&rs-ub=10_200&rs-tw=0_3000&rs-ef=100_350&rs-sa=-1_5&rs-w=1000_3500&rs-c=0_5000&rs-y=2010_2030&s=1&p=9-50
Škoda Enyaq 85x (MY26) Discontinued (October,https://ev-database.org/car/3374/Skoda-Enyaq-85x,455.0,501.0,169.0,77.0,120.0,6.7,1800.0,585.0,2186.0,"Škoda Enyaq 85x (MY26) Discontinued (October 2025 - April 2026) C 5 5 V2 L H G Range* 455 km Efficiency* 169 Wh/km Weight 2,186 kg 0-100 6.7 sec 1-Stop Range 501 km Battery 77.0 kWh Fastcharge 120 kW Towing 1,800 kg Cargo Vol. 585 L Price/range* €119 /km €51,500 N/A £49,270",https://ev-database.org/#group=vehicle-group&rs-pr=10000_100000&rs-er=0_1000&rs-ld=0_1000&rs-ac=2_23&rs-dcfc=0_400&rs-ub=10_200&rs-tw=0_3000&rs-ef=100_350&rs-sa=-1_5&rs-w=1000_3500&rs-c=0_5000&rs-y=2010_2030&s=1&p=9-50
Mercedes-Benz EQS 450+ Discontinued (October 2021,https://ev-database.org/car/1483/Mercedes-Benz-EQS-450plus,635.0,702.0,170.0,107.8,169.0,6.2,750.0,610.0,2480.0,"Mercedes-Benz EQS 450+ Discontinued (October 2021 - June 2023) F 5 5 V2 L H G Range 635 km Efficiency 170 Wh/km Weight 2,480 kg 0-100 6.2 sec 1-Stop Range 702 km Battery 107.8 kWh Fastcharge 169 kW Towing 750 kg Cargo Vol. 610 L Price/range €179 /km €109,551 €109,090 £105,610",https://ev-database.org/#group=vehicle-group&rs-pr=10000_100000&rs-er=0_1000&rs-ld=0_1000&rs-ac=2_23&rs-dcfc=0_400&rs-ub=10_200&rs-tw=0_3000&rs-ef=100_350&rs-sa=-1_5&rs-w=1000_3500&rs-c=0_5000&rs-y=2010_2030&s=1&p=9-50
BMW iX2 eDrive20 (MY23-25) Discontinued (January,https://ev-database.org/car/2097/BMW-iX2-eDrive20,395.0,422.0,164.0,64.7,86.0,8.6,750.0,525.0,1960.0,"BMW iX2 eDrive20 (MY23-25) Discontinued (January 2024 - February 2026) C 5 V2 L H G Range* 395 km Efficiency* 164 Wh/km Weight 1,960 kg 0-100 8.6 sec 1-Stop Range 422 km Battery 64.7 kWh Fastcharge 86 kW Towing 750 kg Cargo Vol. 525 L Price/range* €135 /km €49,400 €51,454 £51,615",https://ev-database.org/#group=vehicle-group&rs-pr=10000_100000&rs-er=0_1000&rs-ld=0_1000&rs-ac=2_23&rs-dcfc=0_400&rs-ub=10_200&rs-tw=0_3000&rs-ef=100_350&rs-sa=-1_5&rs-w=1000_3500&rs-c=0_5000&rs-y=2010_2030&s=1&p=9-50
Opel Ampera-e Discontinued (September 2017 -,https://ev-database.org/car/1051/Opel-Ampera-e,335.0,286.0,173.0,58.0,37.0,7.3,0.0,381.0,1691.0,"Opel Ampera-e Discontinued (September 2017 - January 2021) B 5 4 V2 L H G Range 335 km Efficiency 173 Wh/km Weight 1,691 kg 0-100 7.3 sec 1-Stop Range 286 km Battery* 58.0 kWh Fastcharge 37 kW Towing 0 kg Cargo Vol. 381 L Price/range €115 /km €42,990 €34,149 N/A",https://ev-database.org/#group=vehicle-group&rs-pr=10000_100000&rs-er=0_1000&rs-ld=0_1000&rs-ac=2_23&rs-dcfc=0_400&rs-ub=10_200&rs-tw=0_3000&rs-ef=100_350&rs-sa=-1_5&rs-w=1000_3500&rs-c=0_5000&rs-y=2010_2030&s=1&p=9-50
Volvo XC40 Recharge Pure Electric (MY23),https://ev-database.org/car/1592/Volvo-XC40-Recharge-Pure-Electric,330.0,355.0,203.0,67.0,113.0,7.4,1500.0,450.0,2023.0,"Volvo XC40 Recharge Pure Electric (MY23) Discontinued (February 2022 - April 2023) C 5 5 V2 L H G Range* 330 km Efficiency* 203 Wh/km Weight 2,023 kg 0-100 7.4 sec 1-Stop Range 355 km Battery 67.0 kWh Fastcharge 113 kW Towing 1,500 kg Cargo Vol. 450 L Price/range* €146 /km €45,080 €46,995 £45,750",https://ev-database.org/#group=vehicle-group&rs-pr=10000_100000&rs-er=0_1000&rs-ld=0_1000&rs-ac=2_23&rs-dcfc=0_400&rs-ub=10_200&rs-tw=0_3000&rs-ef=100_350&rs-sa=-1_5&rs-w=1000_3500&rs-c=0_5000&rs-y=2010_2030&s=1&p=9-50
Kia EV6 Standard Range 2WD Available,https://ev-database.org/car/3030/Kia-EV6-Standard-Range-2WD,345.0,425.0,174.0,60.0,150.0,8.7,750.0,542.0,1955.0,"Kia EV6 Standard Range 2WD Available to order since September 2024 C 5 5 V2 L H G Range* 345 km Efficiency* 174 Wh/km Weight 1,955 kg 0-100 8.7 sec 1-Stop Range 425 km Battery* 60.0 kWh Fastcharge 150 kW Towing 750 kg Cargo Vol. 542 L Price/range* €131 /km €44,990 €44,995 £39,235",https://ev-database.org/#group=vehicle-group&rs-pr=10000_100000&rs-er=0_1000&rs-ld=0_1000&rs-ac=2_23&rs-dcfc=0_400&rs-ub=10_200&rs-tw=0_3000&rs-ef=100_350&rs-sa=-1_5&rs-w=1000_3500&rs-c=0_5000&rs-y=2010_2030&s=1&p=9-50
Citroën ë-C4 54 kWh Available to,https://ev-database.org/car/3048/Citroen-e-C4-54-kWh,325.0,353.0,156.0,50.8,79.0,9.1,0.0,380.0,1646.0,"Citroën ë-C4 54 kWh Available to order since October 2024 C 5 4 V2 L H G Range* 325 km Efficiency* 156 Wh/km Weight 1,646 kg 0-100 9.1 sec 1-Stop Range 353 km Battery 50.8 kWh Fastcharge 79 kW Towing 0 kg Cargo Vol. 380 L Price/range* €106 /km €34,100 €34,990 £30,005",https://ev-database.org/#group=vehicle-group&rs-pr=10000_100000&rs-er=0_1000&rs-ld=0_1000&rs-ac=2_23&rs-dcfc=0_400&rs-ub=10_200&rs-tw=0_3000&rs-ef=100_350&rs-sa=-1_5&rs-w=1000_3500&rs-c=0_5000&rs-y=2010_2030&s=1&p=9-50
BMW i3 94 Ah Discontinued (July,https://ev-database.org/car/1068/BMW-i3-94-Ah,165.0,170.0,165.0,27.2,46.0,7.3,0.0,260.0,1320.0,"BMW i3 94 Ah Discontinued (July 2016 - August 2017) B 4 4 V2 L H G Range 165 km Efficiency 165 Wh/km Weight 1,320 kg 0-100 7.3 sec 1-Stop Range 170 km Battery 27.2 kWh Fastcharge 46 kW Towing 0 kg Cargo Vol. 260 L Price/range €218 /km €36,800 €38,227 £28,570",https://ev-database.org/#group=vehicle-group&rs-pr=10000_100000&rs-er=0_1000&rs-ld=0_1000&rs-ac=2_23&rs-dcfc=0_400&rs-ub=10_200&rs-tw=0_3000&rs-ef=100_350&rs-sa=-1_5&rs-w=1000_3500&rs-c=0_5000&rs-y=2010_2030&s=1&p=9-50
Kia EV4 Hatchback 58.3 kWh Available,https://ev-database.org/car/3123/Kia-EV4-Hatchback-583-kWh,360.0,385.0,153.0,55.0,80.0,7.4,500.0,435.0,1811.0,"Kia EV4 Hatchback 58.3 kWh Available to order since July 2025 C 5 V2 L H G Range* 360 km Efficiency* 153 Wh/km Weight 1,811 kg 0-100 7.4 sec 1-Stop Range 385 km Battery* 55.0 kWh Fastcharge 80 kW Towing 500 kg Cargo Vol. 435 L Price/range* €105 /km €37,590 €37,695 £33,245",https://ev-database.org/#group=vehicle-group&rs-pr=10000_100000&rs-er=0_1000&rs-ld=0_1000&rs-ac=2_23&rs-dcfc=0_400&rs-ub=10_200&rs-tw=0_3000&rs-ef=100_350&rs-sa=-1_5&rs-w=1000_3500&rs-c=0_5000&rs-y=2010_2030&s=1&p=9-50
Volkswagen e-Golf Discontinued (May 2014 -,https://ev-database.org/car/1040/Volkswagen-e-Golf,125.0,133.0,164.0,20.5,41.0,10.4,,380.0,1585.0,"Volkswagen e-Golf Discontinued (May 2014 - June 2016) C 5 V2 L H G Range* 125 km Efficiency* 164 Wh/km Weight 1,585 kg 0-100 10.4 sec 1-Stop Range 133 km Battery* 20.5 kWh Fastcharge 41 kW Towing unknown Cargo Vol. 380 L Price/range* €270 /km €34,900 €36,190 £26,345",https://ev-database.org/#group=vehicle-group&rs-pr=10000_100000&rs-er=0_1000&rs-ld=0_1000&rs-ac=2_23&rs-dcfc=0_400&rs-ub=10_200&rs-tw=0_3000&rs-ef=100_350&rs-sa=-1_5&rs-w=1000_3500&rs-c=0_5000&rs-y=2010_2030&s=1&p=9-50
NIO EL8 Long Range Available to,https://ev-database.org/car/2223/NIO-EL8-Long-Range,440.0,524.0,205.0,90.0,190.0,4.1,2000.0,265.0,2633.0,"NIO EL8 Long Range Available to order since June 2024 F 6 V2 L H G Range 440 km Efficiency 205 Wh/km Weight 2,633 kg 0-100 4.1 sec 1-Stop Range 524 km Battery 90.0 kWh Fastcharge 190 kW Towing 2,000 kg Cargo Vol. 265 L Price/range €232 /km €103,900 €99,900 N/A",https://ev-database.org/#group=vehicle-group&rs-pr=10000_100000&rs-er=0_1000&rs-ld=0_1000&rs-ac=2_23&rs-dcfc=0_400&rs-ub=10_200&rs-tw=0_3000&rs-ef=100_350&rs-sa=-1_5&rs-w=1000_3500&rs-c=0_5000&rs-y=2010_2030&s=1&p=9-50
Volkswagen ID.4 Pure (MY26) Discontinued (July,https://ev-database.org/car/3249/Volkswagen-ID4-Pure,285.0,318.0,182.0,52.0,87.0,9.0,1000.0,543.0,1975.0,"Volkswagen ID.4 Pure (MY26) Discontinued (July 2025 - April 2026) C 5 5 V2 L H G Range* 285 km Efficiency* 182 Wh/km Weight 1,975 kg 0-100 9.0 sec 1-Stop Range 318 km Battery 52.0 kWh Fastcharge 87 kW Towing 1,000 kg Cargo Vol. 543 L Price/range* €142 /km €40,335 €39,990 £35,495",https://ev-database.org/#group=vehicle-group&rs-pr=10000_100000&rs-er=0_1000&rs-ld=0_1000&rs-ac=2_23&rs-dcfc=0_400&rs-ub=10_200&rs-tw=0_3000&rs-ef=100_350&rs-sa=-1_5&rs-w=1000_3500&rs-c=0_5000&rs-y=2010_2030&s=1&p=9-50
Volkswagen ID.4 1st Discontinued (October 2020,https://ev-database.org/car/1273/Volkswagen-ID4-1st,410.0,436.0,188.0,77.0,124.0,8.5,1000.0,543.0,2124.0,"Volkswagen ID.4 1st Discontinued (October 2020 - August 2021) C 5 5 V2 L H G Range 410 km Efficiency 188 Wh/km Weight 2,124 kg 0-100 8.5 sec 1-Stop Range 436 km Battery 77.0 kWh Fastcharge 124 kW Towing 1,000 kg Cargo Vol. 543 L Price/range €116 /km €48,691 €47,355 £40,800",https://ev-database.org/#group=vehicle-group&rs-pr=10000_100000&rs-er=0_1000&rs-ld=0_1000&rs-ac=2_23&rs-dcfc=0_400&rs-ub=10_200&rs-tw=0_3000&rs-ef=100_350&rs-sa=-1_5&rs-w=1000_3500&rs-c=0_5000&rs-y=2010_2030&s=1&p=9-50
Audi Q4 e-tron 50 quattro (MY21-23),https://ev-database.org/car/1491/Audi-Q4-e-tron-50-quattro,385.0,409.0,199.0,76.6,103.0,6.2,1200.0,520.0,2210.0,"Audi Q4 e-tron 50 quattro (MY21-23) Discontinued (July 2021 - January 2024) C 5 5 V2 L H G Range* 385 km Efficiency* 199 Wh/km Weight 2,210 kg 0-100 6.2 sec 1-Stop Range 409 km Battery 76.6 kWh Fastcharge 103 kW Towing 1,200 kg Cargo Vol. 520 L Price/range* €168 /km €57,900 €71,015 £57,010",https://ev-database.org/#group=vehicle-group&rs-pr=10000_100000&rs-er=0_1000&rs-ld=0_1000&rs-ac=2_23&rs-dcfc=0_400&rs-ub=10_200&rs-tw=0_3000&rs-ef=100_350&rs-sa=-1_5&rs-w=1000_3500&rs-c=0_5000&rs-y=2010_2030&s=1&p=9-50
Volvo EX30 Single Motor (MY24-26) Available,https://ev-database.org/car/1909/Volvo-EX30-Single-Motor,275.0,306.0,178.0,49.0,80.0,5.7,1000.0,325.0,1840.0,"Volvo EX30 Single Motor (MY24-26) Available to order since June 2023 B 5 5 V2 L H G Range* 275 km Efficiency* 178 Wh/km Weight 1,840 kg 0-100 5.7 sec 1-Stop Range 306 km Battery 49.0 kWh Fastcharge 80 kW Towing 1,000 kg Cargo Vol. 325 L Price/range* €137 /km €39,790 €34,995 £33,060",https://ev-database.org/#group=vehicle-group&rs-pr=10000_100000&rs-er=0_1000&rs-ld=0_1000&rs-ac=2_23&rs-dcfc=0_400&rs-ub=10_200&rs-tw=0_3000&rs-ef=100_350&rs-sa=-1_5&rs-w=1000_3500&rs-c=0_5000&rs-y=2010_2030&s=1&p=9-50
Mercedes-Benz CLA 250 Available to order,https://ev-database.org/car/3473/Mercedes-Benz-CLA-250,490.0,660.0,145.0,71.0,150.0,6.7,1500.0,506.0,2055.0,"Mercedes-Benz CLA 250 Available to order since February 2026 D 5 V2 L H G Range* 490 km Efficiency* 145 Wh/km Weight 2,055 kg 0-100 6.7 sec 1-Stop Range 660 km Battery 71.0 kWh Fastcharge 150 kW Towing 1,500 kg Cargo Vol. 506 L Price/range* €106 /km €52,872 €51,134 N/A",https://ev-database.org/#group=vehicle-group&rs-pr=10000_100000&rs-er=0_1000&rs-ld=0_1000&rs-ac=2_23&rs-dcfc=0_400&rs-ub=10_200&rs-tw=0_3000&rs-ef=100_350&rs-sa=-1_5&rs-w=1000_3500&rs-c=0_5000&rs-y=2010_2030&s=1&p=9-50
Volvo EC40 Single Motor ER (MY25),https://ev-database.org/car/2124/Volvo-EC40-Single-Motor-ER,420.0,454.0,188.0,79.0,110.0,7.3,1500.0,435.0,2095.0,"Volvo EC40 Single Motor ER (MY25) Discontinued (February 2024 - April 2025) C 5 V2 L H G Range* 420 km Efficiency* 188 Wh/km Weight 2,095 kg 0-100 7.3 sec 1-Stop Range 454 km Battery 79.0 kWh Fastcharge 110 kW Towing 1,500 kg Cargo Vol. 435 L Price/range* €137 /km €57,190 €53,495 £54,305",https://ev-database.org/#group=vehicle-group&rs-pr=10000_100000&rs-er=0_1000&rs-ld=0_1000&rs-ac=2_23&rs-dcfc=0_400&rs-ub=10_200&rs-tw=0_3000&rs-ef=100_350&rs-sa=-1_5&rs-w=1000_3500&rs-c=0_5000&rs-y=2010_2030&s=1&p=9-50
Hongqi EH7 111 kWh Long Range,https://ev-database.org/car/3138/Hongqi-EH7-111-kWh-Long-Range,550.0,668.0,173.0,95.3,210.0,5.8,1000.0,468.0,2390.0,"Hongqi EH7 111 kWh Long Range Available to order since January 2025 E 5 V2 L H G Range* 550 km Efficiency* 173 Wh/km Weight 2,390 kg 0-100 5.8 sec 1-Stop Range 668 km Battery* 95.3 kWh Fastcharge 210 kW Towing 1,000 kg Cargo Vol. 468 L Price/range* €107 /km N/A €58,995 N/A",https://ev-database.org/#group=vehicle-group&rs-pr=10000_100000&rs-er=0_1000&rs-ld=0_1000&rs-ac=2_23&rs-dcfc=0_400&rs-ub=10_200&rs-tw=0_3000&rs-ef=100_350&rs-sa=-1_5&rs-w=1000_3500&rs-c=0_5000&rs-y=2010_2030&s=1&p=9-50
Renault Zoe Q210 Discontinued (March 2013,https://ev-database.org/car/1026/Renault-Zoe-Q210,140.0,148.0,166.0,23.3,33.0,13.5,,338.0,1503.0,"Renault Zoe Q210 Discontinued (March 2013 - January 2017) B 5 5 V2 L H G Range* 140 km Efficiency* 166 Wh/km Weight 1,503 kg 0-100 13.5 sec 1-Stop Range 148 km Battery 23.3 kWh Fastcharge 33 kW Towing unknown Cargo Vol. 338 L Price/range* €134 /km N/A €20,990 £14,495",https://ev-database.org/#group=vehicle-group&rs-pr=10000_100000&rs-er=0_1000&rs-ld=0_1000&rs-ac=2_23&rs-dcfc=0_400&rs-ub=10_200&rs-tw=0_3000&rs-ef=100_350&rs-sa=-1_5&rs-w=1000_3500&rs-c=0_5000&rs-y=2010_2030&s=1&p=9-50
BMW i4 M50 Discontinued (June 2024,https://ev-database.org/car/2201/BMW-i4-M50,450.0,514.0,181.0,81.3,130.0,3.9,1600.0,470.0,2290.0,"BMW i4 M50 Discontinued (June 2024 - July 2025) D 5 V2 L H G Range* 450 km Efficiency* 181 Wh/km Weight 2,290 kg 0-100 3.9 sec 1-Stop Range 514 km Battery 81.3 kWh Fastcharge 130 kW Towing 1,600 kg Cargo Vol. 470 L Price/range* €173 /km €72,100 €77,999 £72,375",https://ev-database.org/#group=vehicle-group&rs-pr=10000_100000&rs-er=0_1000&rs-ld=0_1000&rs-ac=2_23&rs-dcfc=0_400&rs-ub=10_200&rs-tw=0_3000&rs-ef=100_350&rs-sa=-1_5&rs-w=1000_3500&rs-c=0_5000&rs-y=2010_2030&s=1&p=9-50
Renault Kangoo Maxi ZE 33 Discontinued,https://ev-database.org/car/1101/Renault-Kangoo-Maxi-ZE-33,160.0,115.0,194.0,31.0,0.0,22.4,0.0,1300.0,1630.0,"Renault Kangoo Maxi ZE 33 Discontinued (July 2017 - January 2022) N 5 V2 L H G Range 160 km Efficiency 194 Wh/km Weight 1,630 kg 0-100 22.4 sec 1-Stop Range 115 km Battery* 31.0 kWh Fastcharge 0 kW Towing 0 kg Cargo Vol. 1,300 L Price/range €236 /km €38,000 €38,801 £31,680",https://ev-database.org/#group=vehicle-group&rs-pr=10000_100000&rs-er=0_1000&rs-ld=0_1000&rs-ac=2_23&rs-dcfc=0_400&rs-ub=10_200&rs-tw=0_3000&rs-ef=100_350&rs-sa=-1_5&rs-w=1000_3500&rs-c=0_5000&rs-y=2010_2030&s=1&p=9-50
Nissan Ariya 63kWh Available to order,https://ev-database.org/car/1301/Nissan-Ariya-63kWh,335.0,340.0,188.0,63.0,70.0,7.5,750.0,468.0,1980.0,"Nissan Ariya 63kWh Available to order since July 2022 C 5 5 V2 L H G Range 335 km Efficiency 188 Wh/km Weight 1,980 kg 0-100 7.5 sec 1-Stop Range 340 km Battery 63.0 kWh Fastcharge 70 kW Towing 750 kg Cargo Vol. 468 L Price/range €124 /km €43,490 €42,690 £33,500",https://ev-database.org/#group=vehicle-group&rs-pr=10000_100000&rs-er=0_1000&rs-ld=0_1000&rs-ac=2_23&rs-dcfc=0_400&rs-ub=10_200&rs-tw=0_3000&rs-ef=100_350&rs-sa=-1_5&rs-w=1000_3500&rs-c=0_5000&rs-y=2010_2030&s=1&p=9-50
Tesla Model Y Long Range AWD,https://ev-database.org/car/3106/Tesla-Model-Y-Long-Range-AWD-Launch-Series,455.0,535.0,165.0,75.0,124.0,4.3,1600.0,971.0,2072.0,"Tesla Model Y Long Range AWD Launch Series (Juniper) Discontinued (January 2025 - April 2025) D 5 V2 L H G Range* 455 km Efficiency* 165 Wh/km Weight 2,072 kg 0-100 4.3 sec 1-Stop Range 535 km Battery* 75.0 kWh Fastcharge 124 kW Towing 1,600 kg Cargo Vol. 971 L Price/range* €142 /km €61,970 €61,990 £60,990",https://ev-database.org/#group=vehicle-group&rs-pr=10000_100000&rs-er=0_1000&rs-ld=0_1000&rs-ac=2_23&rs-dcfc=0_400&rs-ub=10_200&rs-tw=0_3000&rs-ef=100_350&rs-sa=-1_5&rs-w=1000_3500&rs-c=0_5000&rs-y=2010_2030&s=1&p=9-50
Volkswagen ID.7 GTX (MY26) Available to,https://ev-database.org/car/3258/Volkswagen-ID7-GTX,500.0,572.0,172.0,86.0,145.0,5.5,1800.0,532.0,2325.0,"Volkswagen ID.7 GTX (MY26) Available to order since July 2025 E 5 5 V2 L H G Range* 500 km Efficiency* 172 Wh/km Weight 2,325 kg 0-100 5.5 sec 1-Stop Range 572 km Battery 86.0 kWh Fastcharge 145 kW Towing 1,800 kg Cargo Vol. 532 L Price/range* €130 /km €63,265 €63,990 £59,110",https://ev-database.org/#group=vehicle-group&rs-pr=10000_100000&rs-er=0_1000&rs-ld=0_1000&rs-ac=2_23&rs-dcfc=0_400&rs-ub=10_200&rs-tw=0_3000&rs-ef=100_350&rs-sa=-1_5&rs-w=1000_3500&rs-c=0_5000&rs-y=2010_2030&s=1&p=9-50
Lexus RZ 500e (MY26) Available to,https://ev-database.org/car/3294/Lexus-RZ-500e,395.0,431.0,182.0,72.0,110.0,4.6,1500.0,522.0,2100.0,"Lexus RZ 500e (MY26) Available to order since October 2025 D 5 V2 L H G Range* 395 km Efficiency* 182 Wh/km Weight 2,100 kg 0-100 4.6 sec 1-Stop Range 431 km Battery 72.0 kWh Fastcharge 110 kW Towing 1,500 kg Cargo Vol. 522 L Price/range* €166 /km €63,000 €66,495 £58,595",https://ev-database.org/#group=vehicle-group&rs-pr=10000_100000&rs-er=0_1000&rs-ld=0_1000&rs-ac=2_23&rs-dcfc=0_400&rs-ub=10_200&rs-tw=0_3000&rs-ef=100_350&rs-sa=-1_5&rs-w=1000_3500&rs-c=0_5000&rs-y=2010_2030&s=1&p=9-50
Nissan LEAF 30 kWh (MY15-17) Discontinued,https://ev-database.org/car/1020/Nissan-LEAF-30-kWh,170.0,173.0,165.0,28.0,45.0,11.5,0.0,370.0,1538.0,"Nissan LEAF 30 kWh (MY15-17) Discontinued (September 2015 - February 2018) C 5 5 V2 L H G Range 170 km Efficiency 165 Wh/km Weight 1,538 kg 0-100 11.5 sec 1-Stop Range 173 km Battery* 28.0 kWh Fastcharge 45 kW Towing 0 kg Cargo Vol. 370 L Price/range €191 /km €33,960 €33,590 £25,825",https://ev-database.org/#group=vehicle-group&rs-pr=10000_100000&rs-er=0_1000&rs-ld=0_1000&rs-ac=2_23&rs-dcfc=0_400&rs-ub=10_200&rs-tw=0_3000&rs-ef=100_350&rs-sa=-1_5&rs-w=1000_3500&rs-c=0_5000&rs-y=2010_2030&s=1&p=9-50
Smart #1 Brabus (MY23) Available to,https://ev-database.org/car/1748/Smart-1-Brabus,325.0,350.0,191.0,62.0,90.0,3.9,1600.0,328.0,1975.0,"Smart #1 Brabus (MY23) Available to order since March 2023 B 5 5 V2 L H G Range 325 km Efficiency 191 Wh/km Weight 1,975 kg 0-100 3.9 sec 1-Stop Range 350 km Battery 62.0 kWh Fastcharge 90 kW Towing 1,600 kg Cargo Vol. 328 L Price/range €152 /km €48,990 €47,500 £44,960",https://ev-database.org/#group=vehicle-group&rs-pr=10000_100000&rs-er=0_1000&rs-ld=0_1000&rs-ac=2_23&rs-dcfc=0_400&rs-ub=10_200&rs-tw=0_3000&rs-ef=100_350&rs-sa=-1_5&rs-w=1000_3500&rs-c=0_5000&rs-y=2010_2030&s=1&p=9-50
Mini Cooper JCW Available to order,https://ev-database.org/car/3058/Mini-Cooper-JCW,290.0,308.0,170.0,49.2,75.0,5.9,0.0,200.0,1730.0,"Mini Cooper JCW Available to order since October 2024 B 4 5 V2 L H G Range* 290 km Efficiency* 170 Wh/km Weight 1,730 kg 0-100 5.9 sec 1-Stop Range 308 km Battery 49.2 kWh Fastcharge 75 kW Towing 0 kg Cargo Vol. 200 L Price/range* €156 /km €40,650 €50,490 £39,000",https://ev-database.org/#group=vehicle-group&rs-pr=10000_100000&rs-er=0_1000&rs-ld=0_1000&rs-ac=2_23&rs-dcfc=0_400&rs-ub=10_200&rs-tw=0_3000&rs-ef=100_350&rs-sa=-1_5&rs-w=1000_3500&rs-c=0_5000&rs-y=2010_2030&s=1&p=9-50
Škoda Enyaq 60 (MY25) Discontinued (January,https://ev-database.org/car/3096/Skoda-Enyaq-60,360.0,416.0,164.0,59.0,110.0,8.1,1000.0,585.0,1998.0,"Škoda Enyaq 60 (MY25) Discontinued (January 2025 - April 2026) C 5 5 V2 L H G Range* 360 km Efficiency* 164 Wh/km Weight 1,998 kg 0-100 8.1 sec 1-Stop Range 416 km Battery 59.0 kWh Fastcharge 110 kW Towing 1,000 kg Cargo Vol. 585 L Price/range* €121 /km €44,400 €42,990 £38,020",https://ev-database.org/#group=vehicle-group&rs-pr=10000_100000&rs-er=0_1000&rs-ld=0_1000&rs-ac=2_23&rs-dcfc=0_400&rs-ub=10_200&rs-tw=0_3000&rs-ef=100_350&rs-sa=-1_5&rs-w=1000_3500&rs-c=0_5000&rs-y=2010_2030&s=1&p=9-50
Renault 5 E-Tech 40kWh 95hp Available,https://ev-database.org/car/2133/Renault-5-E-Tech-40kWh-95hp,260.0,188.0,154.0,40.0,0.0,12.0,500.0,326.0,1428.0,"Renault 5 E-Tech 40kWh 95hp Available to order since June 2025 B 5 4 V2 L H G Range* 260 km Efficiency* 154 Wh/km Weight 1,428 kg 0-100 12.0 sec 1-Stop Range 188 km Battery 40.0 kWh Fastcharge 0 kW Towing 500 kg Cargo Vol. 326 L Price/range* €96 /km N/A €24,990 N/A",https://ev-database.org/#group=vehicle-group&rs-pr=10000_100000&rs-er=0_1000&rs-ld=0_1000&rs-ac=2_23&rs-dcfc=0_400&rs-ub=10_200&rs-tw=0_3000&rs-ef=100_350&rs-sa=-1_5&rs-w=1000_3500&rs-c=0_5000&rs-y=2010_2030&s=1&p=9-50
BMW i5 eDrive40 Sedan (MY25) Available,https://ev-database.org/car/3112/BMW-i5-eDrive40-Sedan,480.0,536.0,169.0,81.2,123.0,6.0,1500.0,490.0,2195.0,"BMW i5 eDrive40 Sedan (MY25) Available to order since February 2025 E 5 5 V2 L H G Range* 480 km Efficiency* 169 Wh/km Weight 2,195 kg 0-100 6.0 sec 1-Stop Range 536 km Battery 81.2 kWh Fastcharge 123 kW Towing 1,500 kg Cargo Vol. 490 L Price/range* €157 /km €70,200 €78,608 £67,705",https://ev-database.org/#group=vehicle-group&rs-pr=10000_100000&rs-er=0_1000&rs-ld=0_1000&rs-ac=2_23&rs-dcfc=0_400&rs-ub=10_200&rs-tw=0_3000&rs-ef=100_350&rs-sa=-1_5&rs-w=1000_3500&rs-c=0_5000&rs-y=2010_2030&s=1&p=9-50
Citroën ë-C4 X Discontinued (November 2022,https://ev-database.org/car/1706/Citroen-e-C4-X,285.0,315.0,162.0,46.3,74.0,9.7,0.0,510.0,1659.0,"Citroën ë-C4 X Discontinued (November 2022 - January 2025) C 5 4 V2 L H G Range* 285 km Efficiency* 162 Wh/km Weight 1,659 kg 0-100 9.7 sec 1-Stop Range 315 km Battery 46.3 kWh Fastcharge 74 kW Towing 0 kg Cargo Vol. 510 L Price/range* €129 /km €35,275 €38,055 £31,960",https://ev-database.org/#group=vehicle-group&rs-pr=10000_100000&rs-er=0_1000&rs-ld=0_1000&rs-ac=2_23&rs-dcfc=0_400&rs-ub=10_200&rs-tw=0_3000&rs-ef=100_350&rs-sa=-1_5&rs-w=1000_3500&rs-c=0_5000&rs-y=2010_2030&s=1&p=9-50
BMW i4 eDrive35 Discontinued (November 2022,https://ev-database.org/car/1785/BMW-i4-eDrive35,430.0,487.0,156.0,67.0,95.0,6.0,1600.0,470.0,2065.0,"BMW i4 eDrive35 Discontinued (November 2022 - May 2024) D 5 4 V2 L H G Range* 430 km Efficiency* 156 Wh/km Weight 2,065 kg 0-100 6.0 sec 1-Stop Range 487 km Battery 67.0 kWh Fastcharge 95 kW Towing 1,600 kg Cargo Vol. 470 L Price/range* €134 /km €56,500 €59,362 £49,995",https://ev-database.org/#group=vehicle-group&rs-pr=10000_100000&rs-er=0_1000&rs-ld=0_1000&rs-ac=2_23&rs-dcfc=0_400&rs-ub=10_200&rs-tw=0_3000&rs-ef=100_350&rs-sa=-1_5&rs-w=1000_3500&rs-c=0_5000&rs-y=2010_2030&s=1&p=9-50
Ford Mustang Mach-E ER RWD (MY25),https://ev-database.org/car/3188/Ford-Mustang-Mach-E-ER-RWD,475.0,482.0,185.0,88.0,105.0,6.1,1500.0,619.0,2161.0,"Ford Mustang Mach-E ER RWD (MY25) Available to order since April 2025 D 5 5 V2 L H G Range* 475 km Efficiency* 185 Wh/km Weight 2,161 kg 0-100 6.1 sec 1-Stop Range 482 km Battery 88.0 kWh Fastcharge 105 kW Towing 1,500 kg Cargo Vol. 619 L Price/range* €128 /km €59,200 €55,400 £59,390",https://ev-database.org/#group=vehicle-group&rs-pr=10000_100000&rs-er=0_1000&rs-ld=0_1000&rs-ac=2_23&rs-dcfc=0_400&rs-ub=10_200&rs-tw=0_3000&rs-ef=100_350&rs-sa=-1_5&rs-w=1000_3500&rs-c=0_5000&rs-y=2010_2030&s=1&p=9-50
Mercedes-Benz EQS 400 (MY26) Available to,https://ev-database.org/car/3577/Mercedes-Benz-EQS-400,670.0,786.0,167.0,112.0,190.0,6.2,1600.0,610.0,2550.0,"Mercedes-Benz EQS 400 (MY26) Available to order since April 2026 F 5 V2 L H G Range* 670 km Efficiency* 167 Wh/km Weight 2,550 kg 0-100 6.2 sec 1-Stop Range 786 km Battery 112.0 kWh Fastcharge 190 kW Towing 1,600 kg Cargo Vol. 610 L Price/range* €150 /km €94,403 €101,307 £91,765",https://ev-database.org/#group=vehicle-group&rs-pr=10000_100000&rs-er=0_1000&rs-ld=0_1000&rs-ac=2_23&rs-dcfc=0_400&rs-ub=10_200&rs-tw=0_3000&rs-ef=100_350&rs-sa=-1_5&rs-w=1000_3500&rs-c=0_5000&rs-y=2010_2030&s=1&p=9-50
Audi A6 Avant e-tron (MY25) Available,https://ev-database.org/car/3055/Audi-A6-Avant-e-tron,465.0,560.0,163.0,75.8,150.0,6.0,2100.0,529.0,2185.0,"Audi A6 Avant e-tron (MY25) Available to order since September 2024 E 5 5 V2 L H G Range* 465 km Efficiency* 163 Wh/km Weight 2,185 kg 0-100 6.0 sec 1-Stop Range 560 km Battery 75.8 kWh Fastcharge 150 kW Towing 2,100 kg Cargo Vol. 529 L Price/range* €146 /km €64,450 €65,490 £64,340",https://ev-database.org/#group=vehicle-group&rs-pr=10000_100000&rs-er=0_1000&rs-ld=0_1000&rs-ac=2_23&rs-dcfc=0_400&rs-ub=10_200&rs-tw=0_3000&rs-ef=100_350&rs-sa=-1_5&rs-w=1000_3500&rs-c=0_5000&rs-y=2010_2030&s=1&p=9-50
Porsche Cayenne Turbo Coupé Electric (MY26),https://ev-database.org/car/3562/Porsche-Cayenne-Turbo-Coupe-Electric,520.0,671.0,208.0,108.0,290.0,2.5,3000.0,624.0,2725.0,"Porsche Cayenne Turbo Coupé Electric (MY26) Available to order since April 2026 E 5 V2 L H G Range* 520 km Efficiency* 208 Wh/km Weight 2,725 kg 0-100 2.5 sec 1-Stop Range 671 km Battery* 108.0 kWh Fastcharge 290 kW Towing 3,000 kg Cargo Vol. 624 L Price/range* €318 /km €168,500 €174,644 £133,300",https://ev-database.org/#group=vehicle-group&rs-pr=10000_100000&rs-er=0_1000&rs-ld=0_1000&rs-ac=2_23&rs-dcfc=0_400&rs-ub=10_200&rs-tw=0_3000&rs-ef=100_350&rs-sa=-1_5&rs-w=1000_3500&rs-c=0_5000&rs-y=2010_2030&s=1&p=10-50
Mercedes-Benz EQE 300 (MY25) Available to,https://ev-database.org/car/3239/Mercedes-Benz-EQE-300,525.0,570.0,170.0,89.0,120.0,6.9,750.0,430.0,2375.0,"Mercedes-Benz EQE 300 (MY25) Available to order since April 2025 E 5 5 V2 L H G Range* 525 km Efficiency* 170 Wh/km Weight 2,375 kg 0-100 6.9 sec 1-Stop Range 570 km Battery 89.0 kWh Fastcharge 120 kW Towing 750 kg Cargo Vol. 430 L Price/range* €128 /km €67,187 €67,428 N/A",https://ev-database.org/#group=vehicle-group&rs-pr=10000_100000&rs-er=0_1000&rs-ld=0_1000&rs-ac=2_23&rs-dcfc=0_400&rs-ub=10_200&rs-tw=0_3000&rs-ef=100_350&rs-sa=-1_5&rs-w=1000_3500&rs-c=0_5000&rs-y=2010_2030&s=1&p=10-50
Dacia Spring Electric 45 Discontinued (July,https://ev-database.org/car/1705/Dacia-Spring-Electric-45,165.0,151.0,152.0,25.0,29.0,19.1,0.0,300.0,1012.0,"Dacia Spring Electric 45 Discontinued (July 2022 - April 2024) A 4 1 V2 L H G Range* 165 km Efficiency* 152 Wh/km Weight 1,012 kg 0-100 19.1 sec 1-Stop Range 151 km Battery* 25.0 kWh Fastcharge 29 kW Towing 0 kg Cargo Vol. 300 L Price/range* €134 /km €22,550 €21,750 N/A",https://ev-database.org/#group=vehicle-group&rs-pr=10000_100000&rs-er=0_1000&rs-ld=0_1000&rs-ac=2_23&rs-dcfc=0_400&rs-ub=10_200&rs-tw=0_3000&rs-ef=100_350&rs-sa=-1_5&rs-w=1000_3500&rs-c=0_5000&rs-y=2010_2030&s=1&p=10-50
Mini Countryman SE ALL4 (MY24-25) Discontinued,https://ev-database.org/car/1995/Mini-Countryman-SE-ALL4,365.0,384.0,177.0,64.7,86.0,5.6,1200.0,460.0,2075.0,"Mini Countryman SE ALL4 (MY24-25) Discontinued (February 2024 - January 2026) C 5 5 V2 L H G Range 365 km Efficiency 177 Wh/km Weight 2,075 kg 0-100 5.6 sec 1-Stop Range 384 km Battery 64.7 kWh Fastcharge 86 kW Towing 1,200 kg Cargo Vol. 460 L Price/range €125 /km €49,500 €49,490 £32,755",https://ev-database.org/#group=vehicle-group&rs-pr=10000_100000&rs-er=0_1000&rs-ld=0_1000&rs-ac=2_23&rs-dcfc=0_400&rs-ub=10_200&rs-tw=0_3000&rs-ef=100_350&rs-sa=-1_5&rs-w=1000_3500&rs-c=0_5000&rs-y=2010_2030&s=1&p=10-50
Škoda Elroq 50 (MY25) Discontinued (October,https://ev-database.org/car/3031/Skoda-Elroq-50,310.0,351.0,168.0,52.0,90.0,9.0,1000.0,470.0,1946.0,"Škoda Elroq 50 (MY25) Discontinued (October 2024 - April 2026) C 5 5 V2 L H G Range* 310 km Efficiency* 168 Wh/km Weight 1,946 kg 0-100 9.0 sec 1-Stop Range 351 km Battery 52.0 kWh Fastcharge 90 kW Towing 1,000 kg Cargo Vol. 470 L Price/range* €111 /km €33,900 €34,990 £30,210",https://ev-database.org/#group=vehicle-group&rs-pr=10000_100000&rs-er=0_1000&rs-ld=0_1000&rs-ac=2_23&rs-dcfc=0_400&rs-ub=10_200&rs-tw=0_3000&rs-ef=100_350&rs-sa=-1_5&rs-w=1000_3500&rs-c=0_5000&rs-y=2010_2030&s=1&p=10-50
Kia EV5 81.4 kWh AWD (MY26),https://ev-database.org/car/3489/Kia-EV5-814-kWh-AWD,385.0,408.0,203.0,78.0,115.0,7.3,1800.0,610.0,2177.0,"Kia EV5 81.4 kWh AWD (MY26) Available to order since March 2026 C 5 5 V2 L H G Range* 385 km Efficiency* 203 Wh/km Weight 2,177 kg 0-100 7.3 sec 1-Stop Range 408 km Battery* 78.0 kWh Fastcharge 115 kW Towing 1,800 kg Cargo Vol. 610 L Price/range* €138 /km €52,990 N/A N/A",https://ev-database.org/#group=vehicle-group&rs-pr=10000_100000&rs-er=0_1000&rs-ld=0_1000&rs-ac=2_23&rs-dcfc=0_400&rs-ub=10_200&rs-tw=0_3000&rs-ef=100_350&rs-sa=-1_5&rs-w=1000_3500&rs-c=0_5000&rs-y=2010_2030&s=1&p=10-50
Volvo XC40 P8 AWD Recharge (MY21),https://ev-database.org/car/1188/Volvo-XC40-P8-AWD-Recharge,335.0,342.0,224.0,75.0,97.0,4.9,1500.0,450.0,2188.0,"Volvo XC40 P8 AWD Recharge (MY21) Discontinued (February 2020 - May 2021) C 5 V2 L H G Range 335 km Efficiency 224 Wh/km Weight 2,188 kg 0-100 4.9 sec 1-Stop Range 342 km Battery 75.0 kWh Fastcharge 97 kW Towing 1,500 kg Cargo Vol. 450 L Price/range €173 /km €60,437 €55,495 £49,950",https://ev-database.org/#group=vehicle-group&rs-pr=10000_100000&rs-er=0_1000&rs-ld=0_1000&rs-ac=2_23&rs-dcfc=0_400&rs-ub=10_200&rs-tw=0_3000&rs-ef=100_350&rs-sa=-1_5&rs-w=1000_3500&rs-c=0_5000&rs-y=2010_2030&s=1&p=10-50
Volvo XC40 Recharge Pure Electric (MY22),https://ev-database.org/car/1539/Volvo-XC40-Recharge-Pure-Electric,305.0,325.0,220.0,67.0,113.0,7.4,1500.0,450.0,2030.0,"Volvo XC40 Recharge Pure Electric (MY22) Discontinued (February 2021 - May 2022) C 5 5 V2 L H G Range 305 km Efficiency 220 Wh/km Weight 2,030 kg 0-100 7.4 sec 1-Stop Range 325 km Battery 67.0 kWh Fastcharge 113 kW Towing 1,500 kg Cargo Vol. 450 L Price/range €164 /km €48,650 €45,950 £48,300",https://ev-database.org/#group=vehicle-group&rs-pr=10000_100000&rs-er=0_1000&rs-ld=0_1000&rs-ac=2_23&rs-dcfc=0_400&rs-ub=10_200&rs-tw=0_3000&rs-ef=100_350&rs-sa=-1_5&rs-w=1000_3500&rs-c=0_5000&rs-y=2010_2030&s=1&p=10-50
XPENG G6 AWD Performance (MY24) Discontinued,https://ev-database.org/car/2183/XPENG-G6-AWD-Performance,475.0,565.0,184.0,87.5,180.0,4.1,1500.0,571.0,2195.0,"XPENG G6 AWD Performance (MY24) Discontinued (May 2024 - August 2025) D 5 5 V2 L H G Range 475 km Efficiency 184 Wh/km Weight 2,195 kg 0-100 4.1 sec 1-Stop Range 565 km Battery 87.5 kWh Fastcharge 180 kW Towing 1,500 kg Cargo Vol. 571 L Price/range €111 /km €51,600 €53,990 N/A",https://ev-database.org/#group=vehicle-group&rs-pr=10000_100000&rs-er=0_1000&rs-ld=0_1000&rs-ac=2_23&rs-dcfc=0_400&rs-ub=10_200&rs-tw=0_3000&rs-ef=100_350&rs-sa=-1_5&rs-w=1000_3500&rs-c=0_5000&rs-y=2010_2030&s=1&p=10-50
Hyundai IONIQ 9 Long Range RWD,https://ev-database.org/car/3067/Hyundai-IONIQ-9-Long-Range-RWD,505.0,575.0,210.0,106.0,195.0,9.4,1600.0,426.0,2549.0,"Hyundai IONIQ 9 Long Range RWD Available to order since June 2025 F 7 5 V2 L H G Range* 505 km Efficiency* 210 Wh/km Weight 2,549 kg 0-100 9.4 sec 1-Stop Range 575 km Battery* 106.0 kWh Fastcharge 195 kW Towing 1,600 kg Cargo Vol. 426 L Price/range* €139 /km €68,500 €67,995 £64,995",https://ev-database.org/#group=vehicle-group&rs-pr=10000_100000&rs-er=0_1000&rs-ld=0_1000&rs-ac=2_23&rs-dcfc=0_400&rs-ub=10_200&rs-tw=0_3000&rs-ef=100_350&rs-sa=-1_5&rs-w=1000_3500&rs-c=0_5000&rs-y=2010_2030&s=1&p=10-50
Audi Q6 SUV e-tron quattro (MY26),https://ev-database.org/car/3487/Audi-Q6-SUV-e-tron-quattro,480.0,558.0,198.0,94.9,186.0,5.1,2400.0,590.0,2400.0,"Audi Q6 SUV e-tron quattro (MY26) Available to order since January 2026 D 5 5 V2 L H G Range* 480 km Efficiency* 198 Wh/km Weight 2,400 kg 0-100 5.1 sec 1-Stop Range 558 km Battery 94.9 kWh Fastcharge 186 kW Towing 2,400 kg Cargo Vol. 590 L Price/range* €157 /km €74,700 €71,990 £69,565",https://ev-database.org/#group=vehicle-group&rs-pr=10000_100000&rs-er=0_1000&rs-ld=0_1000&rs-ac=2_23&rs-dcfc=0_400&rs-ub=10_200&rs-tw=0_3000&rs-ef=100_350&rs-sa=-1_5&rs-w=1000_3500&rs-c=0_5000&rs-y=2010_2030&s=1&p=10-50
BMW i7 50 xDrive (MY27) Available,https://ev-database.org/car/3556/BMW-i7-50-xDrive,560.0,628.0,201.0,112.5,175.0,5.5,2000.0,500.0,2770.0,"BMW i7 50 xDrive (MY27) Available to order from July 2026* F 5 V2 L H G Range* 560 km Efficiency* 201 Wh/km Weight 2,770 kg 0-100 5.5 sec 1-Stop Range 628 km Battery 112.5 kWh Fastcharge 175 kW Towing 2,000 kg Cargo Vol. 500 L Price/range* €219 /km €121,400 * €125,000 * £105,000",https://ev-database.org/#group=vehicle-group&rs-pr=10000_100000&rs-er=0_1000&rs-ld=0_1000&rs-ac=2_23&rs-dcfc=0_400&rs-ub=10_200&rs-tw=0_3000&rs-ef=100_350&rs-sa=-1_5&rs-w=1000_3500&rs-c=0_5000&rs-y=2010_2030&s=1&p=10-50
Audi A6 Sportback e-tron (MY25) Available,https://ev-database.org/car/3053/Audi-A6-Sportback-e-tron,485.0,587.0,156.0,75.8,150.0,6.0,2100.0,529.0,2175.0,"Audi A6 Sportback e-tron (MY25) Available to order since September 2024 E 5 5 V2 L H G Range* 485 km Efficiency* 156 Wh/km Weight 2,175 kg 0-100 6.0 sec 1-Stop Range 587 km Battery 75.8 kWh Fastcharge 150 kW Towing 2,100 kg Cargo Vol. 529 L Price/range* €137 /km €62,800 €63,990 £62,540",https://ev-database.org/#group=vehicle-group&rs-pr=10000_100000&rs-er=0_1000&rs-ld=0_1000&rs-ac=2_23&rs-dcfc=0_400&rs-ub=10_200&rs-tw=0_3000&rs-ef=100_350&rs-sa=-1_5&rs-w=1000_3500&rs-c=0_5000&rs-y=2010_2030&s=1&p=10-50
Mercedes-Benz EQE 350+ (MY25) Available to,https://ev-database.org/car/3240/Mercedes-Benz-EQE-350plus,555.0,597.0,173.0,96.0,141.0,6.1,750.0,430.0,2415.0,"Mercedes-Benz EQE 350+ (MY25) Available to order since April 2025 E 5 5 V2 L H G Range* 555 km Efficiency* 173 Wh/km Weight 2,415 kg 0-100 6.1 sec 1-Stop Range 597 km Battery 96.0 kWh Fastcharge 141 kW Towing 750 kg Cargo Vol. 430 L Price/range* €132 /km €71,412 €75,051 N/A",https://ev-database.org/#group=vehicle-group&rs-pr=10000_100000&rs-er=0_1000&rs-ld=0_1000&rs-ac=2_23&rs-dcfc=0_400&rs-ub=10_200&rs-tw=0_3000&rs-ef=100_350&rs-sa=-1_5&rs-w=1000_3500&rs-c=0_5000&rs-y=2010_2030&s=1&p=10-50
BMW i4 eDrive35 Available to order,https://ev-database.org/car/3204/BMW-i4-eDrive35,435.0,493.0,154.0,67.1,95.0,6.0,1600.0,470.0,2070.0,"BMW i4 eDrive35 Available to order since July 2025 D 5 V2 L H G Range* 435 km Efficiency* 154 Wh/km Weight 2,070 kg 0-100 6.0 sec 1-Stop Range 493 km Battery 67.1 kWh Fastcharge 95 kW Towing 1,600 kg Cargo Vol. 470 L Price/range* €136 /km €57,600 €60,700 £51,730",https://ev-database.org/#group=vehicle-group&rs-pr=10000_100000&rs-er=0_1000&rs-ld=0_1000&rs-ac=2_23&rs-dcfc=0_400&rs-ub=10_200&rs-tw=0_3000&rs-ef=100_350&rs-sa=-1_5&rs-w=1000_3500&rs-c=0_5000&rs-y=2010_2030&s=1&p=10-50
Subaru Uncharted 77 kWh AWD (MY26),https://ev-database.org/car/3437/Subaru-Uncharted-77-kWh-AWD,375.0,405.0,192.0,72.0,110.0,5.1,1500.0,403.0,2025.0,"Subaru Uncharted 77 kWh AWD (MY26) Available to order since January 2026 C 5 V2 L H G Range* 375 km Efficiency* 192 Wh/km Weight 2,025 kg 0-100 5.1 sec 1-Stop Range 405 km Battery 72.0 kWh Fastcharge 110 kW Towing 1,500 kg Cargo Vol. 403 L Price/range* €130 /km N/A €48,900 N/A",https://ev-database.org/#group=vehicle-group&rs-pr=10000_100000&rs-er=0_1000&rs-ld=0_1000&rs-ac=2_23&rs-dcfc=0_400&rs-ub=10_200&rs-tw=0_3000&rs-ef=100_350&rs-sa=-1_5&rs-w=1000_3500&rs-c=0_5000&rs-y=2010_2030&s=1&p=10-50
Volkswagen ID.4 Pure Discontinued (February 2021,https://ev-database.org/car/1489/Volkswagen-ID4-Pure,285.0,301.0,182.0,52.0,70.0,10.9,1000.0,543.0,1966.0,"Volkswagen ID.4 Pure Discontinued (February 2021 - November 2023) C 5 5 V2 L H G Range 285 km Efficiency 182 Wh/km Weight 1,966 kg 0-100 10.9 sec 1-Stop Range 301 km Battery 52.0 kWh Fastcharge 70 kW Towing 1,000 kg Cargo Vol. 543 L Price/range €146 /km €36,950 €42,940 £38,845",https://ev-database.org/#group=vehicle-group&rs-pr=10000_100000&rs-er=0_1000&rs-ld=0_1000&rs-ac=2_23&rs-dcfc=0_400&rs-ub=10_200&rs-tw=0_3000&rs-ef=100_350&rs-sa=-1_5&rs-w=1000_3500&rs-c=0_5000&rs-y=2010_2030&s=1&p=10-50
Jaguar I-Pace EV400 Discontinued (January 2023,https://ev-database.org/car/1812/Jaguar-I-Pace-EV400,380.0,354.0,223.0,84.7,83.0,4.8,750.0,532.0,2226.0,"Jaguar I-Pace EV400 Discontinued (January 2023 - June 2025) D 5 5 V2 L H G Range* 380 km Efficiency* 223 Wh/km Weight 2,226 kg 0-100 4.8 sec 1-Stop Range 354 km Battery 84.7 kWh Fastcharge 83 kW Towing 750 kg Cargo Vol. 532 L Price/range* €235 /km €92,400 €95,450 £69,995",https://ev-database.org/#group=vehicle-group&rs-pr=10000_100000&rs-er=0_1000&rs-ld=0_1000&rs-ac=2_23&rs-dcfc=0_400&rs-ub=10_200&rs-tw=0_3000&rs-ef=100_350&rs-sa=-1_5&rs-w=1000_3500&rs-c=0_5000&rs-y=2010_2030&s=1&p=10-50
Mercedes-Benz EQB 350 4MATIC Discontinued (October,https://ev-database.org/car/1990/Mercedes-Benz-EQB-350-4MATIC,345.0,357.0,193.0,66.5,,6.2,1700.0,495.0,2165.0,"Mercedes-Benz EQB 350 4MATIC Discontinued (October 2023 - January 2026) C 7 V2 L H G Range* 345 km Efficiency* 193 Wh/km Weight 2,165 kg 0-100 6.2 sec 1-Stop Range 357 km Battery 66.5 kWh Fastcharge* 100 kW Towing 1,700 kg Cargo Vol. 495 L Price/range* €187 /km €58,197 €69,728 £56,810",https://ev-database.org/#group=vehicle-group&rs-pr=10000_100000&rs-er=0_1000&rs-ld=0_1000&rs-ac=2_23&rs-dcfc=0_400&rs-ub=10_200&rs-tw=0_3000&rs-ef=100_350&rs-sa=-1_5&rs-w=1000_3500&rs-c=0_5000&rs-y=2010_2030&s=1&p=10-50
BMW i3 60 Ah Discontinued (September,https://ev-database.org/car/1004/BMW-i3-60-Ah,115.0,132.0,163.0,18.8,40.0,7.2,0.0,260.0,1270.0,"BMW i3 60 Ah Discontinued (September 2013 - February 2017) B 4 4 V2 L H G Range 115 km Efficiency 163 Wh/km Weight 1,270 kg 0-100 7.2 sec 1-Stop Range 132 km Battery 18.8 kWh Fastcharge 40 kW Towing 0 kg Cargo Vol. 260 L Price/range €297 /km €34,950 €35,500 £27,850",https://ev-database.org/#group=vehicle-group&rs-pr=10000_100000&rs-er=0_1000&rs-ld=0_1000&rs-ac=2_23&rs-dcfc=0_400&rs-ub=10_200&rs-tw=0_3000&rs-ef=100_350&rs-sa=-1_5&rs-w=1000_3500&rs-c=0_5000&rs-y=2010_2030&s=1&p=10-50
Nissan LEAF e+ 62 kWh (MY19-22),https://ev-database.org/car/1144/Nissan-LEAF-eplus-62-kWh,345.0,297.0,171.0,59.0,44.0,7.3,0.0,420.0,1756.0,"Nissan LEAF e+ 62 kWh (MY19-22) Discontinued (June 2019 - April 2022) C 5 5 V2 L H G Range 345 km Efficiency 171 Wh/km Weight 1,756 kg 0-100 7.3 sec 1-Stop Range 297 km Battery 59.0 kWh Fastcharge 44 kW Towing 0 kg Cargo Vol. 420 L Price/range €112 /km €37,550 €40,290 £32,945",https://ev-database.org/#group=vehicle-group&rs-pr=10000_100000&rs-er=0_1000&rs-ld=0_1000&rs-ac=2_23&rs-dcfc=0_400&rs-ub=10_200&rs-tw=0_3000&rs-ef=100_350&rs-sa=-1_5&rs-w=1000_3500&rs-c=0_5000&rs-y=2010_2030&s=1&p=10-50
Hongqi E-HS9 84 kWh Available to,https://ev-database.org/car/1746/Hongqi-E-HS9-84-kWh,320.0,334.0,239.0,76.5,112.0,6.5,1500.0,438.0,2580.0,"Hongqi E-HS9 84 kWh Available to order since December 2022 F 5 5 V2 L H G Range* 320 km Efficiency* 239 Wh/km Weight 2,580 kg 0-100 6.5 sec 1-Stop Range 334 km Battery 76.5 kWh Fastcharge 112 kW Towing 1,500 kg Cargo Vol. 438 L Price/range* €219 /km N/A €69,995 N/A",https://ev-database.org/#group=vehicle-group&rs-pr=10000_100000&rs-er=0_1000&rs-ld=0_1000&rs-ac=2_23&rs-dcfc=0_400&rs-ub=10_200&rs-tw=0_3000&rs-ef=100_350&rs-sa=-1_5&rs-w=1000_3500&rs-c=0_5000&rs-y=2010_2030&s=1&p=10-50
Smart #3 Brabus (MY24) Available to,https://ev-database.org/car/2000/Smart-3-Brabus,350.0,365.0,177.0,62.0,90.0,3.7,1600.0,385.0,1985.0,"Smart #3 Brabus (MY24) Available to order since January 2024 B 5 5 V2 L H G Range 350 km Efficiency 177 Wh/km Weight 1,985 kg 0-100 3.7 sec 1-Stop Range 365 km Battery 62.0 kWh Fastcharge 90 kW Towing 1,600 kg Cargo Vol. 385 L Price/range €145 /km €50,990 €47,995 £46,460",https://ev-database.org/#group=vehicle-group&rs-pr=10000_100000&rs-er=0_1000&rs-ld=0_1000&rs-ac=2_23&rs-dcfc=0_400&rs-ub=10_200&rs-tw=0_3000&rs-ef=100_350&rs-sa=-1_5&rs-w=1000_3500&rs-c=0_5000&rs-y=2010_2030&s=1&p=10-50
Citroën ë-Berlingo M 50 kWh Available,https://ev-database.org/car/2159/Citroen-e-Berlingo-M-50-kWh,235.0,246.0,213.0,50.0,80.0,11.7,750.0,775.0,1811.0,"Citroën ë-Berlingo M 50 kWh Available to order since March 2024 N 5 V2 L H G Range* 235 km Efficiency* 213 Wh/km Weight 1,811 kg 0-100 11.7 sec 1-Stop Range 246 km Battery 50.0 kWh Fastcharge 80 kW Towing 750 kg Cargo Vol. 775 L Price/range* €160 /km €36,940 €41,358 £29,740",https://ev-database.org/#group=vehicle-group&rs-pr=10000_100000&rs-er=0_1000&rs-ld=0_1000&rs-ac=2_23&rs-dcfc=0_400&rs-ub=10_200&rs-tw=0_3000&rs-ef=100_350&rs-sa=-1_5&rs-w=1000_3500&rs-c=0_5000&rs-y=2010_2030&s=1&p=10-50
Ford Explorer Standard Range RWD (MY24-25),https://ev-database.org/car/2167/Ford-Explorer-Standard-Range-RWD,305.0,338.0,170.0,52.0,85.0,8.7,1000.0,536.0,1908.0,"Ford Explorer Standard Range RWD (MY24-25) Discontinued (July 2024 - January 2026) C 5 5 V2 L H G Range* 305 km Efficiency* 170 Wh/km Weight 1,908 kg 0-100 8.7 sec 1-Stop Range 338 km Battery 52.0 kWh Fastcharge 85 kW Towing 1,000 kg Cargo Vol. 536 L Price/range* €141 /km €42,500 €40,350 £39,875",https://ev-database.org/#group=vehicle-group&rs-pr=10000_100000&rs-er=0_1000&rs-ld=0_1000&rs-ac=2_23&rs-dcfc=0_400&rs-ub=10_200&rs-tw=0_3000&rs-ef=100_350&rs-sa=-1_5&rs-w=1000_3500&rs-c=0_5000&rs-y=2010_2030&s=1&p=10-50
BMW i7 M70 xDrive (MY23-26) Available,https://ev-database.org/car/1838/BMW-i7-M70-xDrive,490.0,530.0,208.0,101.7,149.0,3.7,0.0,500.0,2770.0,"BMW i7 M70 xDrive (MY23-26) Available to order since May 2023 F 5 V2 L H G Range* 490 km Efficiency* 208 Wh/km Weight 2,770 kg 0-100 3.7 sec 1-Stop Range 530 km Battery 101.7 kWh Fastcharge 149 kW Towing 0 kg Cargo Vol. 500 L Price/range* €381 /km €181,800 €189,877 £163,315",https://ev-database.org/#group=vehicle-group&rs-pr=10000_100000&rs-er=0_1000&rs-ld=0_1000&rs-ac=2_23&rs-dcfc=0_400&rs-ub=10_200&rs-tw=0_3000&rs-ef=100_350&rs-sa=-1_5&rs-w=1000_3500&rs-c=0_5000&rs-y=2010_2030&s=1&p=10-50
Volkswagen ID.3 Pro S (MY24-25) Discontinued,https://ev-database.org/car/2210/Volkswagen-ID3-Pro-S,465.0,511.0,166.0,77.0,120.0,7.1,0.0,385.0,1957.0,"Volkswagen ID.3 Pro S (MY24-25) Discontinued (May 2024 - July 2025) C 5 5 V2 L H G Range* 465 km Efficiency* 166 Wh/km Weight 1,957 kg 0-100 7.1 sec 1-Stop Range 511 km Battery 77.0 kWh Fastcharge 120 kW Towing 0 kg Cargo Vol. 385 L Price/range* €92 /km €47,595 €39,990 £35,495",https://ev-database.org/#group=vehicle-group&rs-pr=10000_100000&rs-er=0_1000&rs-ld=0_1000&rs-ac=2_23&rs-dcfc=0_400&rs-ub=10_200&rs-tw=0_3000&rs-ef=100_350&rs-sa=-1_5&rs-w=1000_3500&rs-c=0_5000&rs-y=2010_2030&s=1&p=10-50
Tesla Model S 75 Discontinued (May,https://ev-database.org/car/1071/Tesla-Model-S-75,380.0,386.0,191.0,72.5,80.0,4.6,,895.0,2102.0,"Tesla Model S 75 Discontinued (May 2016 - October 2017) F 5 V2 L H G Range* 380 km Efficiency* 191 Wh/km Weight 2,102 kg 0-100 4.6 sec 1-Stop Range 386 km Battery* 72.5 kWh Fastcharge 80 kW Towing unknown Cargo Vol. 895 L Price/range* €189 /km €69,970 €81,285 £55,880",https://ev-database.org/#group=vehicle-group&rs-pr=10000_100000&rs-er=0_1000&rs-ld=0_1000&rs-ac=2_23&rs-dcfc=0_400&rs-ub=10_200&rs-tw=0_3000&rs-ef=100_350&rs-sa=-1_5&rs-w=1000_3500&rs-c=0_5000&rs-y=2010_2030&s=1&p=10-50
Peugeot e-308 58 kWh (MY26) Available,https://ev-database.org/car/3321/Peugeot-e-308-58-kWh,345.0,358.0,161.0,55.4,75.0,9.3,0.0,361.0,1749.0,"Peugeot e-308 58 kWh (MY26) Available to order since October 2025 C 5 V2 L H G Range* 345 km Efficiency* 161 Wh/km Weight 1,749 kg 0-100 9.3 sec 1-Stop Range 358 km Battery 55.4 kWh Fastcharge 75 kW Towing 0 kg Cargo Vol. 361 L Price/range* €109 /km €42,435 €36,950 £29,495",https://ev-database.org/#group=vehicle-group&rs-pr=10000_100000&rs-er=0_1000&rs-ld=0_1000&rs-ac=2_23&rs-dcfc=0_400&rs-ub=10_200&rs-tw=0_3000&rs-ef=100_350&rs-sa=-1_5&rs-w=1000_3500&rs-c=0_5000&rs-y=2010_2030&s=1&p=10-50
Mini Cooper SE Discontinued (January 2020,https://ev-database.org/car/1163/Mini-Cooper-SE,180.0,183.0,161.0,28.9,43.0,7.3,0.0,211.0,1440.0,"Mini Cooper SE Discontinued (January 2020 - March 2021) B 4 V2 L H G Range 180 km Efficiency 161 Wh/km Weight 1,440 kg 0-100 7.3 sec 1-Stop Range 183 km Battery 28.9 kWh Fastcharge 43 kW Towing 0 kg Cargo Vol. 211 L Price/range €179 /km €32,500 €35,170 £25,100",https://ev-database.org/#group=vehicle-group&rs-pr=10000_100000&rs-er=0_1000&rs-ld=0_1000&rs-ac=2_23&rs-dcfc=0_400&rs-ub=10_200&rs-tw=0_3000&rs-ef=100_350&rs-sa=-1_5&rs-w=1000_3500&rs-c=0_5000&rs-y=2010_2030&s=1&p=10-50
DS Automobiles N°8 FWD Long Range,https://ev-database.org/car/3077/DS-Automobiles-N8-FWD-Long-Range,545.0,566.0,178.0,97.2,135.0,7.8,1200.0,620.0,2255.0,"DS Automobiles N°8 FWD Long Range Available to order since February 2024 D 5 4 V2 L H G Range* 545 km Efficiency* 178 Wh/km Weight 2,255 kg 0-100 7.8 sec 1-Stop Range 566 km Battery 97.2 kWh Fastcharge 135 kW Towing 1,200 kg Cargo Vol. 620 L Price/range* €115 /km €63,200 €62,200 £54,690",https://ev-database.org/#group=vehicle-group&rs-pr=10000_100000&rs-er=0_1000&rs-ld=0_1000&rs-ac=2_23&rs-dcfc=0_400&rs-ub=10_200&rs-tw=0_3000&rs-ef=100_350&rs-sa=-1_5&rs-w=1000_3500&rs-c=0_5000&rs-y=2010_2030&s=1&p=10-50
Mercedes-Benz EQA 250 Discontinued (April 2021,https://ev-database.org/car/1147/Mercedes-Benz-EQA-250,360.0,368.0,185.0,66.5,99.0,8.9,750.0,340.0,2040.0,"Mercedes-Benz EQA 250 Discontinued (April 2021 - June 2022) C 5 5 V2 L H G Range 360 km Efficiency 185 Wh/km Weight 2,040 kg 0-100 8.9 sec 1-Stop Range 368 km Battery 66.5 kWh Fastcharge 99 kW Towing 750 kg Cargo Vol. 340 L Price/range €144 /km €47,541 €52,899 £47,510",https://ev-database.org/#group=vehicle-group&rs-pr=10000_100000&rs-er=0_1000&rs-ld=0_1000&rs-ac=2_23&rs-dcfc=0_400&rs-ub=10_200&rs-tw=0_3000&rs-ef=100_350&rs-sa=-1_5&rs-w=1000_3500&rs-c=0_5000&rs-y=2010_2030&s=1&p=10-50
Maserati GranTurismo Folgore Available to order,https://ev-database.org/car/1803/Maserati-GranTurismo-Folgore,420.0,531.0,198.0,83.0,217.0,2.7,0.0,270.0,2335.0,"Maserati GranTurismo Folgore Available to order since January 2024 F 4 V2 L H G Range* 420 km Efficiency* 198 Wh/km Weight 2,335 kg 0-100 2.7 sec 1-Stop Range 531 km Battery 83.0 kWh Fastcharge 217 kW Towing 0 kg Cargo Vol. 270 L Price/range* €480 /km €198,212 €199,250 £179,950",https://ev-database.org/#group=vehicle-group&rs-pr=10000_100000&rs-er=0_1000&rs-ld=0_1000&rs-ac=2_23&rs-dcfc=0_400&rs-ub=10_200&rs-tw=0_3000&rs-ef=100_350&rs-sa=-1_5&rs-w=1000_3500&rs-c=0_5000&rs-y=2010_2030&s=1&p=10-50
Opel Grandland Electric 97 kWh Available,https://ev-database.org/car/3364/Opel-Grandland-Electric-97-kWh,490.0,498.0,198.0,96.9,135.0,8.8,1150.0,550.0,2255.0,"Opel Grandland Electric 97 kWh Available to order since October 2025 C 5 5 V2 L H G Range* 490 km Efficiency* 198 Wh/km Weight 2,255 kg 0-100 8.8 sec 1-Stop Range 498 km Battery 96.9 kWh Fastcharge 135 kW Towing 1,150 kg Cargo Vol. 550 L Price/range* €104 /km €51,750 €49,999 N/A",https://ev-database.org/#group=vehicle-group&rs-pr=10000_100000&rs-er=0_1000&rs-ld=0_1000&rs-ac=2_23&rs-dcfc=0_400&rs-ub=10_200&rs-tw=0_3000&rs-ef=100_350&rs-sa=-1_5&rs-w=1000_3500&rs-c=0_5000&rs-y=2010_2030&s=1&p=10-50
CUPRA Born VZ (MY27) Available to,https://ev-database.org/car/3513/CUPRA-Born-VZ,475.0,518.0,166.0,79.0,115.0,5.6,0.0,385.0,2004.0,"CUPRA Born VZ (MY27) Available to order since April 2026 C 5 V2 L H G Range* 475 km Efficiency* 166 Wh/km Weight 2,004 kg 0-100 5.6 sec 1-Stop Range 518 km Battery 79.0 kWh Fastcharge 115 kW Towing 0 kg Cargo Vol. 385 L Price/range* €107 /km €50,990 N/A N/A",https://ev-database.org/#group=vehicle-group&rs-pr=10000_100000&rs-er=0_1000&rs-ld=0_1000&rs-ac=2_23&rs-dcfc=0_400&rs-ub=10_200&rs-tw=0_3000&rs-ef=100_350&rs-sa=-1_5&rs-w=1000_3500&rs-c=0_5000&rs-y=2010_2030&s=1&p=10-50
Volkswagen ID.7 Tourer Pro (MY26) Available,https://ev-database.org/car/3259/Volkswagen-ID7-Tourer-Pro,470.0,535.0,164.0,77.0,125.0,6.6,1000.0,605.0,2191.0,"Volkswagen ID.7 Tourer Pro (MY26) Available to order since July 2025 E 5 5 V2 L H G Range* 470 km Efficiency* 164 Wh/km Weight 2,191 kg 0-100 6.6 sec 1-Stop Range 535 km Battery 77.0 kWh Fastcharge 125 kW Towing 1,000 kg Cargo Vol. 605 L Price/range* €117 /km €54,905 €49,990 £51,795",https://ev-database.org/#group=vehicle-group&rs-pr=10000_100000&rs-er=0_1000&rs-ld=0_1000&rs-ac=2_23&rs-dcfc=0_400&rs-ub=10_200&rs-tw=0_3000&rs-ef=100_350&rs-sa=-1_5&rs-w=1000_3500&rs-c=0_5000&rs-y=2010_2030&s=1&p=10-50
Nissan LEAF 24 kWh (MY14-17) Discontinued,https://ev-database.org/car/1019/Nissan-LEAF-24-kWh,135.0,143.0,163.0,22.0,34.0,11.5,0.0,370.0,1505.0,"Nissan LEAF 24 kWh (MY14-17) Discontinued (June 2013 - February 2018) C 5 5 V2 L H G Range 135 km Efficiency 163 Wh/km Weight 1,505 kg 0-100 11.5 sec 1-Stop Range 143 km Battery* 22.0 kWh Fastcharge 34 kW Towing 0 kg Cargo Vol. 370 L Price/range €213 /km €29,690 €31,590 £21,680",https://ev-database.org/#group=vehicle-group&rs-pr=10000_100000&rs-er=0_1000&rs-ld=0_1000&rs-ac=2_23&rs-dcfc=0_400&rs-ub=10_200&rs-tw=0_3000&rs-ef=100_350&rs-sa=-1_5&rs-w=1000_3500&rs-c=0_5000&rs-y=2010_2030&s=1&p=10-50
Renault Zoe R240 Discontinued (June 2015,https://ev-database.org/car/1050/Renault-Zoe-R240,145.0,102.0,161.0,23.3,0.0,13.5,,338.0,1502.0,"Renault Zoe R240 Discontinued (June 2015 - January 2017) B 5 5 V2 L H G Range* 145 km Efficiency* 161 Wh/km Weight 1,502 kg 0-100 13.5 sec 1-Stop Range 102 km Battery 23.3 kWh Fastcharge 0 kW Towing unknown Cargo Vol. 338 L Price/range* €148 /km €21,500 €20,990 £18,945",https://ev-database.org/#group=vehicle-group&rs-pr=10000_100000&rs-er=0_1000&rs-ld=0_1000&rs-ac=2_23&rs-dcfc=0_400&rs-ub=10_200&rs-tw=0_3000&rs-ef=100_350&rs-sa=-1_5&rs-w=1000_3500&rs-c=0_5000&rs-y=2010_2030&s=1&p=10-50
Renault Zoe ZE40 R110 Discontinued (November,https://ev-database.org/car/1236/Renault-Zoe-ZE40-R110,255.0,232.0,161.0,41.0,40.0,11.4,0.0,338.0,1502.0,"Renault Zoe ZE40 R110 Discontinued (November 2019 - February 2022) B 5 V2 L H G Range 255 km Efficiency 161 Wh/km Weight 1,502 kg 0-100 11.4 sec 1-Stop Range 232 km Battery 41.0 kWh Fastcharge 40 kW Towing 0 kg Cargo Vol. 338 L Price/range €118 /km €29,990 N/A N/A",https://ev-database.org/#group=vehicle-group&rs-pr=10000_100000&rs-er=0_1000&rs-ld=0_1000&rs-ac=2_23&rs-dcfc=0_400&rs-ub=10_200&rs-tw=0_3000&rs-ef=100_350&rs-sa=-1_5&rs-w=1000_3500&rs-c=0_5000&rs-y=2010_2030&s=1&p=10-50
Mercedes-Benz EQE 350+ (MY22-23) Discontinued (April,https://ev-database.org/car/1538/Mercedes-Benz-EQE-350plus,525.0,571.0,173.0,90.6,136.0,6.4,750.0,430.0,2355.0,"Mercedes-Benz EQE 350+ (MY22-23) Discontinued (April 2022 - September 2023) E 5 5 V2 L H G Range* 525 km Efficiency* 173 Wh/km Weight 2,355 kg 0-100 6.4 sec 1-Stop Range 571 km Battery 90.6 kWh Fastcharge 136 kW Towing 750 kg Cargo Vol. 430 L Price/range* €153 /km €70,626 €82,028 £76,450",https://ev-database.org/#group=vehicle-group&rs-pr=10000_100000&rs-er=0_1000&rs-ld=0_1000&rs-ac=2_23&rs-dcfc=0_400&rs-ub=10_200&rs-tw=0_3000&rs-ef=100_350&rs-sa=-1_5&rs-w=1000_3500&rs-c=0_5000&rs-y=2010_2030&s=1&p=10-50
Mini Aceman E Available to order,https://ev-database.org/car/2190/Mini-Aceman-E,230.0,243.0,167.0,38.5,60.0,7.9,750.0,300.0,1720.0,"Mini Aceman E Available to order since June 2024 B 5 5 V2 L H G Range* 230 km Efficiency* 167 Wh/km Weight 1,720 kg 0-100 7.9 sec 1-Stop Range 243 km Battery 38.5 kWh Fastcharge 60 kW Towing 750 kg Cargo Vol. 300 L Price/range* €161 /km €34,900 €38,990 N/A",https://ev-database.org/#group=vehicle-group&rs-pr=10000_100000&rs-er=0_1000&rs-ld=0_1000&rs-ac=2_23&rs-dcfc=0_400&rs-ub=10_200&rs-tw=0_3000&rs-ef=100_350&rs-sa=-1_5&rs-w=1000_3500&rs-c=0_5000&rs-y=2010_2030&s=1&p=10-50
BMW i3s 120 Ah Discontinued (October,https://ev-database.org/car/1149/BMW-i3s-120-Ah,230.0,214.0,165.0,37.9,46.0,6.9,0.0,260.0,1365.0,"BMW i3s 120 Ah Discontinued (October 2018 - July 2022) B 4 V2 L H G Range 230 km Efficiency 165 Wh/km Weight 1,365 kg 0-100 6.9 sec 1-Stop Range 214 km Battery 37.9 kWh Fastcharge 46 kW Towing 0 kg Cargo Vol. 260 L Price/range €183 /km €42,600 €43,634 £34,805",https://ev-database.org/#group=vehicle-group&rs-pr=10000_100000&rs-er=0_1000&rs-ld=0_1000&rs-ac=2_23&rs-dcfc=0_400&rs-ub=10_200&rs-tw=0_3000&rs-ef=100_350&rs-sa=-1_5&rs-w=1000_3500&rs-c=0_5000&rs-y=2010_2030&s=1&p=10-50
MG ZS EV Standard Range Discontinued,https://ev-database.org/car/1540/MG-ZS-EV-Standard-Range,265.0,257.0,185.0,49.0,50.0,8.6,500.0,448.0,1645.0,"MG ZS EV Standard Range Discontinued (November 2021 - July 2025) B 5 V2 L H G Range* 265 km Efficiency* 185 Wh/km Weight 1,645 kg 0-100 8.6 sec 1-Stop Range 257 km Battery 49.0 kWh Fastcharge 50 kW Towing 500 kg Cargo Vol. 448 L Price/range* €133 /km €33,990 €36,650 £30,495",https://ev-database.org/#group=vehicle-group&rs-pr=10000_100000&rs-er=0_1000&rs-ld=0_1000&rs-ac=2_23&rs-dcfc=0_400&rs-ub=10_200&rs-tw=0_3000&rs-ef=100_350&rs-sa=-1_5&rs-w=1000_3500&rs-c=0_5000&rs-y=2010_2030&s=1&p=10-50
BMW i5 M60 xDrive Sedan (MY23-24),https://ev-database.org/car/1907/BMW-i5-M60-xDrive-Sedan,420.0,469.0,193.0,81.2,123.0,3.8,2000.0,490.0,2380.0,"BMW i5 M60 xDrive Sedan (MY23-24) Discontinued (May 2023 - April 2025) E 5 5 V2 L H G Range 420 km Efficiency 193 Wh/km Weight 2,380 kg 0-100 3.8 sec 1-Stop Range 469 km Battery 81.2 kWh Fastcharge 123 kW Towing 2,000 kg Cargo Vol. 490 L Price/range €255 /km €99,500 €109,463 £97,745",https://ev-database.org/#group=vehicle-group&rs-pr=10000_100000&rs-er=0_1000&rs-ld=0_1000&rs-ac=2_23&rs-dcfc=0_400&rs-ub=10_200&rs-tw=0_3000&rs-ef=100_350&rs-sa=-1_5&rs-w=1000_3500&rs-c=0_5000&rs-y=2010_2030&s=1&p=10-50
Volvo C40 Recharge Twin Motor (MY24),https://ev-database.org/car/1801/Volvo-C40-Recharge-Twin-Motor,400.0,438.0,198.0,79.0,110.0,4.7,1800.0,450.0,2185.0,"Volvo C40 Recharge Twin Motor (MY24) Discontinued (December 2022 - March 2024) C 5 V2 L H G Range* 400 km Efficiency* 198 Wh/km Weight 2,185 kg 0-100 4.7 sec 1-Stop Range 438 km Battery 79.0 kWh Fastcharge 110 kW Towing 1,800 kg Cargo Vol. 450 L Price/range* €154 /km €61,400 €61,495 £53,605",https://ev-database.org/#group=vehicle-group&rs-pr=10000_100000&rs-er=0_1000&rs-ld=0_1000&rs-ac=2_23&rs-dcfc=0_400&rs-ub=10_200&rs-tw=0_3000&rs-ef=100_350&rs-sa=-1_5&rs-w=1000_3500&rs-c=0_5000&rs-y=2010_2030&s=1&p=10-50
Polestar 2 Long Range Dual Motor,https://ev-database.org/car/3152/Polestar-2-Long-Range-Dual-Motor,455.0,509.0,174.0,79.0,110.0,4.5,1500.0,448.0,2183.0,"Polestar 2 Long Range Dual Motor (MY26) Available to order since April 2025 D 5 5 V2 L H G Range* 455 km Efficiency* 174 Wh/km Weight 2,183 kg 0-100 4.5 sec 1-Stop Range 509 km Battery 79.0 kWh Fastcharge 110 kW Towing 1,500 kg Cargo Vol. 448 L Price/range* €127 /km €56,990 €55,200 £53,160",https://ev-database.org/#group=vehicle-group&rs-pr=10000_100000&rs-er=0_1000&rs-ld=0_1000&rs-ac=2_23&rs-dcfc=0_400&rs-ub=10_200&rs-tw=0_3000&rs-ef=100_350&rs-sa=-1_5&rs-w=1000_3500&rs-c=0_5000&rs-y=2010_2030&s=1&p=10-50
Ford Explorer Extended Range AWD (MY26),https://ev-database.org/car/3455/Ford-Explorer-Extended-Range-AWD,430.0,471.0,179.0,77.0,120.0,5.3,1800.0,532.0,2167.0,"Ford Explorer Extended Range AWD (MY26) Available to order since January 2026 C 5 V2 L H G Range* 430 km Efficiency* 179 Wh/km Weight 2,167 kg 0-100 5.3 sec 1-Stop Range 471 km Battery 77.0 kWh Fastcharge 120 kW Towing 1,800 kg Cargo Vol. 532 L Price/range* €123 /km €52,900 €48,850 £49,885",https://ev-database.org/#group=vehicle-group&rs-pr=10000_100000&rs-er=0_1000&rs-ld=0_1000&rs-ac=2_23&rs-dcfc=0_400&rs-ub=10_200&rs-tw=0_3000&rs-ef=100_350&rs-sa=-1_5&rs-w=1000_3500&rs-c=0_5000&rs-y=2010_2030&s=1&p=10-50
NIO EL6 Long Range Available to,https://ev-database.org/car/1922/NIO-EL6-Long-Range,435.0,471.0,207.0,90.0,135.0,4.5,1200.0,579.0,2398.0,"NIO EL6 Long Range Available to order since July 2023 E 5 5 V2 L H G Range 435 km Efficiency 207 Wh/km Weight 2,398 kg 0-100 4.5 sec 1-Stop Range 471 km Battery 90.0 kWh Fastcharge 135 kW Towing 1,200 kg Cargo Vol. 579 L Price/range €174 /km €74,500 €76,900 N/A",https://ev-database.org/#group=vehicle-group&rs-pr=10000_100000&rs-er=0_1000&rs-ld=0_1000&rs-ac=2_23&rs-dcfc=0_400&rs-ub=10_200&rs-tw=0_3000&rs-ef=100_350&rs-sa=-1_5&rs-w=1000_3500&rs-c=0_5000&rs-y=2010_2030&s=1&p=10-50
Porsche Macan Electric (MY26) Available to,https://ev-database.org/car/3378/Porsche-Macan-Electric,495.0,578.0,192.0,94.9,186.0,5.7,2000.0,624.0,2295.0,"Porsche Macan Electric (MY26) Available to order since October 2025 D 5 5 V2 L H G Range* 495 km Efficiency* 192 Wh/km Weight 2,295 kg 0-100 5.7 sec 1-Stop Range 578 km Battery 94.9 kWh Fastcharge 186 kW Towing 2,000 kg Cargo Vol. 624 L Price/range* €166 /km €81,200 €86,000 £68,600",https://ev-database.org/#group=vehicle-group&rs-pr=10000_100000&rs-er=0_1000&rs-ld=0_1000&rs-ac=2_23&rs-dcfc=0_400&rs-ub=10_200&rs-tw=0_3000&rs-ef=100_350&rs-sa=-1_5&rs-w=1000_3500&rs-c=0_5000&rs-y=2010_2030&s=1&p=10-50
Subaru Solterra AWD 73.1 kWh (MY26),https://ev-database.org/car/3434/Subaru-Solterra-AWD-731-kWh,370.0,404.0,186.0,69.0,110.0,5.1,1500.0,421.0,2100.0,"Subaru Solterra AWD 73.1 kWh (MY26) Available to order since January 2026 C 5 5 V2 L H G Range* 370 km Efficiency* 186 Wh/km Weight 2,100 kg 0-100 5.1 sec 1-Stop Range 404 km Battery 69.0 kWh Fastcharge 110 kW Towing 1,500 kg Cargo Vol. 421 L Price/range* €132 /km N/A €48,900 N/A",https://ev-database.org/#group=vehicle-group&rs-pr=10000_100000&rs-er=0_1000&rs-ld=0_1000&rs-ac=2_23&rs-dcfc=0_400&rs-ub=10_200&rs-tw=0_3000&rs-ef=100_350&rs-sa=-1_5&rs-w=1000_3500&rs-c=0_5000&rs-y=2010_2030&s=1&p=10-50
Škoda Elroq 85x (MY27) Available to,https://ev-database.org/car/3567/Skoda-Elroq-85x,445.0,484.0,173.0,77.0,115.0,6.2,1800.0,491.0,2198.0,"Škoda Elroq 85x (MY27) Available to order since April 2026 C 5 5 V2 L H G Range* 445 km Efficiency* 173 Wh/km Weight 2,198 kg 0-100 6.2 sec 1-Stop Range 484 km Battery 77.0 kWh Fastcharge 115 kW Towing 1,800 kg Cargo Vol. 491 L Price/range* €109 /km €48,690 N/A N/A",https://ev-database.org/#group=vehicle-group&rs-pr=10000_100000&rs-er=0_1000&rs-ld=0_1000&rs-ac=2_23&rs-dcfc=0_400&rs-ub=10_200&rs-tw=0_3000&rs-ef=100_350&rs-sa=-1_5&rs-w=1000_3500&rs-c=0_5000&rs-y=2010_2030&s=1&p=11-50
Renault Zoe R110 Discontinued (March 2018,https://ev-database.org/car/1128/Renault-Zoe-R110,250.0,182.0,164.0,41.0,0.0,11.4,0.0,338.0,1575.0,"Renault Zoe R110 Discontinued (March 2018 - December 2019) B 5 5 V2 L H G Range 250 km Efficiency 164 Wh/km Weight 1,575 kg 0-100 11.4 sec 1-Stop Range 182 km Battery 41.0 kWh Fastcharge 0 kW Towing 0 kg Cargo Vol. 338 L Price/range €132 /km €35,900 €35,090 £24,320",https://ev-database.org/#group=vehicle-group&rs-pr=10000_100000&rs-er=0_1000&rs-ld=0_1000&rs-ac=2_23&rs-dcfc=0_400&rs-ub=10_200&rs-tw=0_3000&rs-ef=100_350&rs-sa=-1_5&rs-w=1000_3500&rs-c=0_5000&rs-y=2010_2030&s=1&p=11-50
Peugeot e-2008 (MY20-21) Discontinued (June 2020,https://ev-database.org/car/1206/Peugeot-e-2008,260.0,283.0,178.0,46.3,74.0,8.5,0.0,434.0,1623.0,"Peugeot e-2008 (MY20-21) Discontinued (June 2020 - December 2021) B 5 V2 L H G Range 260 km Efficiency 178 Wh/km Weight 1,623 kg 0-100 8.5 sec 1-Stop Range 283 km Battery 46.3 kWh Fastcharge 74 kW Towing 0 kg Cargo Vol. 434 L Price/range €143 /km €35,450 €40,930 £30,730",https://ev-database.org/#group=vehicle-group&rs-pr=10000_100000&rs-er=0_1000&rs-ld=0_1000&rs-ac=2_23&rs-dcfc=0_400&rs-ub=10_200&rs-tw=0_3000&rs-ef=100_350&rs-sa=-1_5&rs-w=1000_3500&rs-c=0_5000&rs-y=2010_2030&s=1&p=11-50
Mercedes-Benz EQE SUV 350+ (MY23-24) Discontinued,https://ev-database.org/car/2046/Mercedes-Benz-EQE-SUV-350plus,475.0,503.0,202.0,96.0,141.0,6.9,750.0,520.0,2490.0,"Mercedes-Benz EQE SUV 350+ (MY23-24) Discontinued (October 2023 - April 2025) E 5 5 V2 L H G Range* 475 km Efficiency* 202 Wh/km Weight 2,490 kg 0-100 6.9 sec 1-Stop Range 503 km Battery 96.0 kWh Fastcharge 141 kW Towing 750 kg Cargo Vol. 520 L Price/range* €186 /km €86,811 €91,950 £75,495",https://ev-database.org/#group=vehicle-group&rs-pr=10000_100000&rs-er=0_1000&rs-ld=0_1000&rs-ac=2_23&rs-dcfc=0_400&rs-ub=10_200&rs-tw=0_3000&rs-ef=100_350&rs-sa=-1_5&rs-w=1000_3500&rs-c=0_5000&rs-y=2010_2030&s=1&p=11-50
Audi SQ6 SUV e-tron (MY24) Available,https://ev-database.org/car/2147/Audi-SQ6-SUV-e-tron,470.0,550.0,202.0,94.9,186.0,4.3,2400.0,578.0,2425.0,"Audi SQ6 SUV e-tron (MY24) Available to order since April 2024 D 5 5 V2 L H G Range* 470 km Efficiency* 202 Wh/km Weight 2,425 kg 0-100 4.3 sec 1-Stop Range 550 km Battery 94.9 kWh Fastcharge 186 kW Towing 2,400 kg Cargo Vol. 578 L Price/range* €214 /km €93,800 €101,400 £92,950",https://ev-database.org/#group=vehicle-group&rs-pr=10000_100000&rs-er=0_1000&rs-ld=0_1000&rs-ac=2_23&rs-dcfc=0_400&rs-ub=10_200&rs-tw=0_3000&rs-ef=100_350&rs-sa=-1_5&rs-w=1000_3500&rs-c=0_5000&rs-y=2010_2030&s=1&p=11-50
XPENG G6 RWD Standard Range (MY24),https://ev-database.org/car/2181/XPENG-G6-RWD-Standard-Range,365.0,439.0,179.0,65.3,140.0,6.9,1500.0,571.0,2100.0,"XPENG G6 RWD Standard Range (MY24) Discontinued (May 2024 - December 2025) D 5 5 V2 L H G Range* 365 km Efficiency* 179 Wh/km Weight 2,100 kg 0-100 6.9 sec 1-Stop Range 439 km Battery 65.3 kWh Fastcharge 140 kW Towing 1,500 kg Cargo Vol. 571 L Price/range* €123 /km €43,600 €44,990 £39,990",https://ev-database.org/#group=vehicle-group&rs-pr=10000_100000&rs-er=0_1000&rs-ld=0_1000&rs-ac=2_23&rs-dcfc=0_400&rs-ub=10_200&rs-tw=0_3000&rs-ef=100_350&rs-sa=-1_5&rs-w=1000_3500&rs-c=0_5000&rs-y=2010_2030&s=1&p=11-50
Volkswagen ID.3 Pro S Discontinued (November,https://ev-database.org/car/1203/Volkswagen-ID3-Pro-S,450.0,479.0,171.0,77.0,103.0,7.9,0.0,385.0,1934.0,"Volkswagen ID.3 Pro S Discontinued (November 2020 - August 2021) C 4 5 V2 L H G Range 450 km Efficiency 171 Wh/km Weight 1,934 kg 0-100 7.9 sec 1-Stop Range 479 km Battery 77.0 kWh Fastcharge 103 kW Towing 0 kg Cargo Vol. 385 L Price/range €96 /km €41,995 N/A £38,800",https://ev-database.org/#group=vehicle-group&rs-pr=10000_100000&rs-er=0_1000&rs-ld=0_1000&rs-ac=2_23&rs-dcfc=0_400&rs-ub=10_200&rs-tw=0_3000&rs-ef=100_350&rs-sa=-1_5&rs-w=1000_3500&rs-c=0_5000&rs-y=2010_2030&s=1&p=11-50
Toyota Proace City Verso L2 50,https://ev-database.org/car/2166/Toyota-Proace-City-Verso-L2-50-kWh,230.0,242.0,217.0,50.0,80.0,11.7,750.0,1050.0,1881.0,"Toyota Proace City Verso L2 50 kWh Available to order since June 2024 N 7 V2 L H G Range* 230 km Efficiency* 217 Wh/km Weight 1,881 kg 0-100 11.7 sec 1-Stop Range 242 km Battery 50.0 kWh Fastcharge 80 kW Towing 750 kg Cargo Vol. 1,050 L Price/range* €177 /km €40,250 €45,225 £31,745",https://ev-database.org/#group=vehicle-group&rs-pr=10000_100000&rs-er=0_1000&rs-ld=0_1000&rs-ac=2_23&rs-dcfc=0_400&rs-ub=10_200&rs-tw=0_3000&rs-ef=100_350&rs-sa=-1_5&rs-w=1000_3500&rs-c=0_5000&rs-y=2010_2030&s=1&p=11-50
Volvo EX30 P3 Long Range (MY27),https://ev-database.org/car/3479/Volvo-EX30-P3-Long-Range,365.0,402.0,178.0,65.0,101.0,8.3,1200.0,325.0,1850.0,"Volvo EX30 P3 Long Range (MY27) Available to order since February 2026 B 5 5 V2 L H G Range* 365 km Efficiency* 178 Wh/km Weight 1,850 kg 0-100 8.3 sec 1-Stop Range 402 km Battery 65.0 kWh Fastcharge 101 kW Towing 1,200 kg Cargo Vol. 325 L Price/range* €104 /km N/A €37,995 N/A",https://ev-database.org/#group=vehicle-group&rs-pr=10000_100000&rs-er=0_1000&rs-ld=0_1000&rs-ac=2_23&rs-dcfc=0_400&rs-ub=10_200&rs-tw=0_3000&rs-ef=100_350&rs-sa=-1_5&rs-w=1000_3500&rs-c=0_5000&rs-y=2010_2030&s=1&p=11-50
Audi RS e-tron GT Discontinued (March,https://ev-database.org/car/1153/Audi-RS-e-tron-GT,400.0,494.0,209.0,83.7,200.0,3.3,0.0,451.0,2420.0,"Audi RS e-tron GT Discontinued (March 2021 - March 2024) F 4 V2 L H G Range* 400 km Efficiency* 209 Wh/km Weight 2,420 kg 0-100 3.3 sec 1-Stop Range 494 km Battery 83.7 kWh Fastcharge 200 kW Towing 0 kg Cargo Vol. 451 L Price/range* €365 /km €146,050 €155,225 £119,000",https://ev-database.org/#group=vehicle-group&rs-pr=10000_100000&rs-er=0_1000&rs-ld=0_1000&rs-ac=2_23&rs-dcfc=0_400&rs-ub=10_200&rs-tw=0_3000&rs-ef=100_350&rs-sa=-1_5&rs-w=1000_3500&rs-c=0_5000&rs-y=2010_2030&s=1&p=11-50
Kia EV9 99.8 kWh AWD GT-Line,https://ev-database.org/car/1993/Kia-EV9-998-kWh-AWD-GT-Line,425.0,471.0,226.0,96.0,196.0,5.3,2500.0,385.0,2648.0,"Kia EV9 99.8 kWh AWD GT-Line Available to order since June 2023 F 7 5 V2 L H G Range 425 km Efficiency 226 Wh/km Weight 2,648 kg 0-100 5.3 sec 1-Stop Range 471 km Battery* 96.0 kWh Fastcharge 196 kW Towing 2,500 kg Cargo Vol. 385 L Price/range €194 /km €82,380 €78,795 £74,645",https://ev-database.org/#group=vehicle-group&rs-pr=10000_100000&rs-er=0_1000&rs-ld=0_1000&rs-ac=2_23&rs-dcfc=0_400&rs-ub=10_200&rs-tw=0_3000&rs-ef=100_350&rs-sa=-1_5&rs-w=1000_3500&rs-c=0_5000&rs-y=2010_2030&s=1&p=11-50
Toyota Urban Cruiser 61.1 kWh AWD,https://ev-database.org/car/3210/Toyota-Urban-Cruiser-611-kWh-AWD,310.0,286.0,193.0,59.8,60.0,7.4,750.0,238.0,1935.0,"Toyota Urban Cruiser 61.1 kWh AWD Available to order since May 2025 B 5 4 V2 L H G Range* 310 km Efficiency* 193 Wh/km Weight 1,935 kg 0-100 7.4 sec 1-Stop Range 286 km Battery 59.8 kWh Fastcharge 60 kW Towing 750 kg Cargo Vol. 238 L Price/range* €136 /km €44,280 €39,795 N/A",https://ev-database.org/#group=vehicle-group&rs-pr=10000_100000&rs-er=0_1000&rs-ld=0_1000&rs-ac=2_23&rs-dcfc=0_400&rs-ub=10_200&rs-tw=0_3000&rs-ef=100_350&rs-sa=-1_5&rs-w=1000_3500&rs-c=0_5000&rs-y=2010_2030&s=1&p=11-50
Renault Megane E-Tech EV40 130hp Discontinued,https://ev-database.org/car/1536/Renault-Megane-E-Tech-EV40-130hp,260.0,272.0,154.0,40.0,49.0,10.0,500.0,440.0,1588.0,"Renault Megane E-Tech EV40 130hp Discontinued (April 2022 - March 2025) C 5 5 V2 L H G Range* 260 km Efficiency* 154 Wh/km Weight 1,588 kg 0-100 10.0 sec 1-Stop Range 272 km Battery 40.0 kWh Fastcharge 49 kW Towing 500 kg Cargo Vol. 440 L Price/range* €151 /km €42,000 €36,370 N/A",https://ev-database.org/#group=vehicle-group&rs-pr=10000_100000&rs-er=0_1000&rs-ld=0_1000&rs-ac=2_23&rs-dcfc=0_400&rs-ub=10_200&rs-tw=0_3000&rs-ef=100_350&rs-sa=-1_5&rs-w=1000_3500&rs-c=0_5000&rs-y=2010_2030&s=1&p=11-50
Audi Q6 SUV e-tron performance (MY24),https://ev-database.org/car/2215/Audi-Q6-SUV-e-tron-performance,490.0,568.0,194.0,94.9,186.0,6.6,2000.0,590.0,2275.0,"Audi Q6 SUV e-tron performance (MY24) Available to order since May 2024 D 5 5 V2 L H G Range* 490 km Efficiency* 194 Wh/km Weight 2,275 kg 0-100 6.6 sec 1-Stop Range 568 km Battery 94.9 kWh Fastcharge 186 kW Towing 2,000 kg Cargo Vol. 590 L Price/range* €142 /km €68,800 €66,990 £64,065",https://ev-database.org/#group=vehicle-group&rs-pr=10000_100000&rs-er=0_1000&rs-ld=0_1000&rs-ac=2_23&rs-dcfc=0_400&rs-ub=10_200&rs-tw=0_3000&rs-ef=100_350&rs-sa=-1_5&rs-w=1000_3500&rs-c=0_5000&rs-y=2010_2030&s=1&p=11-50
NIO ET5 Long Range Discontinued (December,https://ev-database.org/car/1787/NIO-ET5-Long-Range,500.0,494.0,180.0,90.0,100.0,4.0,1400.0,386.0,2235.0,"NIO ET5 Long Range Discontinued (December 2022 - March 2025) E 5 5 V2 L H G Range* 500 km Efficiency* 180 Wh/km Weight 2,235 kg 0-100 4.0 sec 1-Stop Range 494 km Battery 90.0 kWh Fastcharge 100 kW Towing 1,400 kg Cargo Vol. 386 L Price/range* €140 /km €68,500 €71,700 N/A",https://ev-database.org/#group=vehicle-group&rs-pr=10000_100000&rs-er=0_1000&rs-ld=0_1000&rs-ac=2_23&rs-dcfc=0_400&rs-ub=10_200&rs-tw=0_3000&rs-ef=100_350&rs-sa=-1_5&rs-w=1000_3500&rs-c=0_5000&rs-y=2010_2030&s=1&p=11-50
Abarth 500e Hatchback Available to order,https://ev-database.org/car/1903/Abarth-500e-Hatchback,225.0,246.0,166.0,37.3,65.0,7.0,0.0,185.0,1410.0,"Abarth 500e Hatchback Available to order since May 2023 B 4 V2 L H G Range* 225 km Efficiency* 166 Wh/km Weight 1,410 kg 0-100 7.0 sec 1-Stop Range 246 km Battery 37.3 kWh Fastcharge 65 kW Towing 0 kg Cargo Vol. 185 L Price/range* €158 /km €37,990 €36,490 £27,995",https://ev-database.org/#group=vehicle-group&rs-pr=10000_100000&rs-er=0_1000&rs-ld=0_1000&rs-ac=2_23&rs-dcfc=0_400&rs-ub=10_200&rs-tw=0_3000&rs-ef=100_350&rs-sa=-1_5&rs-w=1000_3500&rs-c=0_5000&rs-y=2010_2030&s=1&p=11-50
Volkswagen ID.4 GTX (MY24-25) Discontinued (October,https://ev-database.org/car/2030/Volkswagen-ID4-GTX,420.0,460.0,183.0,77.0,120.0,5.4,1200.0,543.0,2256.0,"Volkswagen ID.4 GTX (MY24-25) Discontinued (October 2023 - July 2025) C 5 5 V2 L H G Range* 420 km Efficiency* 183 Wh/km Weight 2,256 kg 0-100 5.4 sec 1-Stop Range 460 km Battery 77.0 kWh Fastcharge 120 kW Towing 1,200 kg Cargo Vol. 543 L Price/range* €139 /km €53,255 €59,490 £53,865",https://ev-database.org/#group=vehicle-group&rs-pr=10000_100000&rs-er=0_1000&rs-ld=0_1000&rs-ac=2_23&rs-dcfc=0_400&rs-ub=10_200&rs-tw=0_3000&rs-ef=100_350&rs-sa=-1_5&rs-w=1000_3500&rs-c=0_5000&rs-y=2010_2030&s=1&p=11-50
Volvo EX40 Single Motor (MY25) Discontinued,https://ev-database.org/car/2120/Volvo-EX40-Single-Motor,345.0,378.0,194.0,67.0,100.0,7.3,1500.0,441.0,2040.0,"Volvo EX40 Single Motor (MY25) Discontinued (February 2024 - April 2025) C 5 V2 L H G Range* 345 km Efficiency* 194 Wh/km Weight 2,040 kg 0-100 7.3 sec 1-Stop Range 378 km Battery 67.0 kWh Fastcharge 100 kW Towing 1,500 kg Cargo Vol. 441 L Price/range* €144 /km €49,990 €45,995 £45,955",https://ev-database.org/#group=vehicle-group&rs-pr=10000_100000&rs-er=0_1000&rs-ld=0_1000&rs-ac=2_23&rs-dcfc=0_400&rs-ub=10_200&rs-tw=0_3000&rs-ef=100_350&rs-sa=-1_5&rs-w=1000_3500&rs-c=0_5000&rs-y=2010_2030&s=1&p=11-50
Alpine A390 GTS Available to order,https://ev-database.org/car/3391/Alpine-A390-GTS,470.0,516.0,189.0,89.0,140.0,3.9,1350.0,532.0,2196.0,"Alpine A390 GTS Available to order from June 2026* D 5 V2 L H G Range* 470 km Efficiency* 189 Wh/km Weight 2,196 kg 0-100 3.9 sec 1-Stop Range 516 km Battery 89.0 kWh Fastcharge 140 kW Towing 1,350 kg Cargo Vol. 532 L Price/range* €169 /km * €78,000 * €80,000 £69,390",https://ev-database.org/#group=vehicle-group&rs-pr=10000_100000&rs-er=0_1000&rs-ld=0_1000&rs-ac=2_23&rs-dcfc=0_400&rs-ub=10_200&rs-tw=0_3000&rs-ef=100_350&rs-sa=-1_5&rs-w=1000_3500&rs-c=0_5000&rs-y=2010_2030&s=1&p=11-50
Škoda Enyaq RS (MY27) Available to,https://ev-database.org/car/3572/Skoda-Enyaq-RS,450.0,494.0,171.0,77.0,115.0,5.4,2200.0,606.0,2237.0,"Škoda Enyaq RS (MY27) Available to order since April 2026 C 5 5 V2 L H G Range* 450 km Efficiency* 171 Wh/km Weight 2,237 kg 0-100 5.4 sec 1-Stop Range 494 km Battery 77.0 kWh Fastcharge 115 kW Towing 2,200 kg Cargo Vol. 606 L Price/range* €128 /km €58,900 €53,990 £52,470",https://ev-database.org/#group=vehicle-group&rs-pr=10000_100000&rs-er=0_1000&rs-ld=0_1000&rs-ac=2_23&rs-dcfc=0_400&rs-ub=10_200&rs-tw=0_3000&rs-ef=100_350&rs-sa=-1_5&rs-w=1000_3500&rs-c=0_5000&rs-y=2010_2030&s=1&p=11-50
Polestar 3 Long Range Dual motor,https://ev-database.org/car/1758/Polestar-3-Long-Range-Dual-motor,515.0,555.0,208.0,107.0,150.0,5.0,2200.0,516.0,2654.0,"Polestar 3 Long Range Dual motor (MY23-25) Available to order since November 2022 E 5 5 V2 L H G Range 515 km Efficiency 208 Wh/km Weight 2,654 kg 0-100 5.0 sec 1-Stop Range 555 km Battery 107.0 kWh Fastcharge 150 kW Towing 2,200 kg Cargo Vol. 516 L Price/range €166 /km €81,590 €86,950 £75,900",https://ev-database.org/#group=vehicle-group&rs-pr=10000_100000&rs-er=0_1000&rs-ld=0_1000&rs-ac=2_23&rs-dcfc=0_400&rs-ub=10_200&rs-tw=0_3000&rs-ef=100_350&rs-sa=-1_5&rs-w=1000_3500&rs-c=0_5000&rs-y=2010_2030&s=1&p=11-50
Volvo EX90 Twin Motor (MY26) Available,https://ev-database.org/car/3324/Volvo-EX90-Twin-Motor,480.0,567.0,213.0,102.0,200.0,5.5,2200.0,703.0,2725.0,"Volvo EX90 Twin Motor (MY26) Available to order since September 2025 F 7 5 V2 L H G Range* 480 km Efficiency* 213 Wh/km Weight 2,725 kg 0-100 5.5 sec 1-Stop Range 567 km Battery 102.0 kWh Fastcharge 200 kW Towing 2,200 kg Cargo Vol. 703 L Price/range* €204 /km €96,190 €94,495 £89,560",https://ev-database.org/#group=vehicle-group&rs-pr=10000_100000&rs-er=0_1000&rs-ld=0_1000&rs-ac=2_23&rs-dcfc=0_400&rs-ub=10_200&rs-tw=0_3000&rs-ef=100_350&rs-sa=-1_5&rs-w=1000_3500&rs-c=0_5000&rs-y=2010_2030&s=1&p=11-50
Alpine A390 GT Available to order,https://ev-database.org/car/3390/Alpine-A390-GT,470.0,486.0,189.0,89.0,120.0,4.8,1350.0,532.0,2199.0,"Alpine A390 GT Available to order since December 2025 D 5 V2 L H G Range* 470 km Efficiency* 189 Wh/km Weight 2,199 kg 0-100 4.8 sec 1-Stop Range 486 km Battery 89.0 kWh Fastcharge 120 kW Towing 1,350 kg Cargo Vol. 532 L Price/range* €146 /km €67,500 €67,900 £61,390",https://ev-database.org/#group=vehicle-group&rs-pr=10000_100000&rs-er=0_1000&rs-ld=0_1000&rs-ac=2_23&rs-dcfc=0_400&rs-ub=10_200&rs-tw=0_3000&rs-ef=100_350&rs-sa=-1_5&rs-w=1000_3500&rs-c=0_5000&rs-y=2010_2030&s=1&p=11-50
Renault Scenic E-Tech EV60 170hp (TU2025),https://ev-database.org/car/3218/Renault-Scenic-E-Tech-EV60-170hp,340.0,357.0,176.0,60.0,80.0,8.6,1100.0,545.0,1822.0,"Renault Scenic E-Tech EV60 170hp (TU2025) Available to order since June 2025 C 5 V2 L H G Range* 340 km Efficiency* 176 Wh/km Weight 1,822 kg 0-100 8.6 sec 1-Stop Range 357 km Battery 60.0 kWh Fastcharge 80 kW Towing 1,100 kg Cargo Vol. 545 L Price/range* €117 /km €40,400 €39,490 N/A",https://ev-database.org/#group=vehicle-group&rs-pr=10000_100000&rs-er=0_1000&rs-ld=0_1000&rs-ac=2_23&rs-dcfc=0_400&rs-ub=10_200&rs-tw=0_3000&rs-ef=100_350&rs-sa=-1_5&rs-w=1000_3500&rs-c=0_5000&rs-y=2010_2030&s=1&p=11-50
Ford Focus Electric Discontinued (July 2013,https://ev-database.org/car/1010/Ford-Focus-Electric,105.0,75.0,186.0,19.6,0.0,11.4,,237.0,1700.0,"Ford Focus Electric Discontinued (July 2013 - October 2015) C 5 V2 L H G Range 105 km Efficiency 186 Wh/km Weight 1,700 kg 0-100 11.4 sec 1-Stop Range 75 km Battery* 19.6 kWh Fastcharge 0 kW Towing unknown Cargo Vol. 237 L Price/range €358 /km €39,990 €39,990 £28,500",https://ev-database.org/#group=vehicle-group&rs-pr=10000_100000&rs-er=0_1000&rs-ld=0_1000&rs-ac=2_23&rs-dcfc=0_400&rs-ub=10_200&rs-tw=0_3000&rs-ef=100_350&rs-sa=-1_5&rs-w=1000_3500&rs-c=0_5000&rs-y=2010_2030&s=1&p=11-50
Audi Q4 e-tron 35 (MY21-23) Discontinued,https://ev-database.org/car/1179/Audi-Q4-e-tron-35,285.0,301.0,182.0,52.0,70.0,9.0,1000.0,520.0,1965.0,"Audi Q4 e-tron 35 (MY21-23) Discontinued (June 2021 - September 2023) C 5 5 V2 L H G Range* 285 km Efficiency* 182 Wh/km Weight 1,965 kg 0-100 9.0 sec 1-Stop Range 301 km Battery 52.0 kWh Fastcharge 70 kW Towing 1,000 kg Cargo Vol. 520 L Price/range* €173 /km €44,700 €52,105 £44,690",https://ev-database.org/#group=vehicle-group&rs-pr=10000_100000&rs-er=0_1000&rs-ld=0_1000&rs-ac=2_23&rs-dcfc=0_400&rs-ub=10_200&rs-tw=0_3000&rs-ef=100_350&rs-sa=-1_5&rs-w=1000_3500&rs-c=0_5000&rs-y=2010_2030&s=1&p=11-50
Volkswagen ID.3 Pure Performance Discontinued (February,https://ev-database.org/car/1127/Volkswagen-ID3-Pure-Performance,275.0,252.0,164.0,45.0,45.0,8.9,0.0,385.0,1772.0,"Volkswagen ID.3 Pure Performance Discontinued (February 2021 - August 2021) C 5 5 V2 L H G Range 275 km Efficiency 164 Wh/km Weight 1,772 kg 0-100 8.9 sec 1-Stop Range 252 km Battery 45.0 kWh Fastcharge 45 kW Towing 0 kg Cargo Vol. 385 L Price/range €116 /km €31,960 €32,190 £27,120",https://ev-database.org/#group=vehicle-group&rs-pr=10000_100000&rs-er=0_1000&rs-ld=0_1000&rs-ac=2_23&rs-dcfc=0_400&rs-ub=10_200&rs-tw=0_3000&rs-ef=100_350&rs-sa=-1_5&rs-w=1000_3500&rs-c=0_5000&rs-y=2010_2030&s=1&p=11-50
Porsche Taycan 4 Cross Turismo Discontinued,https://ev-database.org/car/1186/Porsche-Taycan-4-Cross-Turismo,420.0,520.0,199.0,83.7,200.0,5.1,0.0,530.0,2320.0,"Porsche Taycan 4 Cross Turismo Discontinued (July 2021 - January 2023) F 5 V2 L H G Range* 420 km Efficiency* 199 Wh/km Weight 2,320 kg 0-100 5.1 sec 1-Stop Range 520 km Battery 83.7 kWh Fastcharge 200 kW Towing 0 kg Cargo Vol. 530 L Price/range* €238 /km €98,514 €104,000 £84,500",https://ev-database.org/#group=vehicle-group&rs-pr=10000_100000&rs-er=0_1000&rs-ld=0_1000&rs-ac=2_23&rs-dcfc=0_400&rs-ub=10_200&rs-tw=0_3000&rs-ef=100_350&rs-sa=-1_5&rs-w=1000_3500&rs-c=0_5000&rs-y=2010_2030&s=1&p=11-50
Škoda CITIGOe iV Discontinued (January 2020,https://ev-database.org/car/1190/Skoda-CITIGOe-iV,205.0,188.0,158.0,32.3,29.0,12.3,0.0,250.0,1235.0,"Škoda CITIGOe iV Discontinued (January 2020 - September 2020) A 4 3 V2 L H G Range 205 km Efficiency 158 Wh/km Weight 1,235 kg 0-100 12.3 sec 1-Stop Range 188 km Battery 32.3 kWh Fastcharge 29 kW Towing 0 kg Cargo Vol. 250 L Price/range €110 /km €24,534 €23,290 £17,455",https://ev-database.org/#group=vehicle-group&rs-pr=10000_100000&rs-er=0_1000&rs-ld=0_1000&rs-ac=2_23&rs-dcfc=0_400&rs-ub=10_200&rs-tw=0_3000&rs-ef=100_350&rs-sa=-1_5&rs-w=1000_3500&rs-c=0_5000&rs-y=2010_2030&s=1&p=11-50
BMW iX3 (MY21) Discontinued (November 2020,https://ev-database.org/car/1136/BMW-iX3,385.0,403.0,192.0,74.0,94.0,6.8,750.0,510.0,2260.0,"BMW iX3 (MY21) Discontinued (November 2020 - September 2021) D 5 V2 L H G Range 385 km Efficiency 192 Wh/km Weight 2,260 kg 0-100 6.8 sec 1-Stop Range 403 km Battery 74.0 kWh Fastcharge 94 kW Towing 750 kg Cargo Vol. 510 L Price/range €175 /km €67,300 €67,500 N/A",https://ev-database.org/#group=vehicle-group&rs-pr=10000_100000&rs-er=0_1000&rs-ld=0_1000&rs-ac=2_23&rs-dcfc=0_400&rs-ub=10_200&rs-tw=0_3000&rs-ef=100_350&rs-sa=-1_5&rs-w=1000_3500&rs-c=0_5000&rs-y=2010_2030&s=1&p=11-50
Aiways U5 Discontinued (October 2020 -,https://ev-database.org/car/1261/Aiways-U5,315.0,313.0,190.0,60.0,75.0,7.5,,432.0,1795.0,"Aiways U5 Discontinued (October 2020 - April 2022) C 5 3 V2 L H G Range* 315 km Efficiency* 190 Wh/km Weight 1,795 kg 0-100 7.5 sec 1-Stop Range 313 km Battery* 60.0 kWh Fastcharge 75 kW Towing unknown Cargo Vol. 432 L Price/range* €121 /km €35,993 €39,950 N/A",https://ev-database.org/#group=vehicle-group&rs-pr=10000_100000&rs-er=0_1000&rs-ld=0_1000&rs-ac=2_23&rs-dcfc=0_400&rs-ub=10_200&rs-tw=0_3000&rs-ef=100_350&rs-sa=-1_5&rs-w=1000_3500&rs-c=0_5000&rs-y=2010_2030&s=1&p=11-50
Peugeot e-308 (MY23-25) Discontinued (April 2023,https://ev-database.org/car/1744/Peugeot-e-308,300.0,327.0,169.0,50.8,79.0,9.8,0.0,361.0,1759.0,"Peugeot e-308 (MY23-25) Discontinued (April 2023 - November 2025) C 5 V2 L H G Range* 300 km Efficiency* 169 Wh/km Weight 1,759 kg 0-100 9.8 sec 1-Stop Range 327 km Battery 50.8 kWh Fastcharge 79 kW Towing 0 kg Cargo Vol. 361 L Price/range* €139 /km €44,765 €42,070 £33,460",https://ev-database.org/#group=vehicle-group&rs-pr=10000_100000&rs-er=0_1000&rs-ld=0_1000&rs-ac=2_23&rs-dcfc=0_400&rs-ub=10_200&rs-tw=0_3000&rs-ef=100_350&rs-sa=-1_5&rs-w=1000_3500&rs-c=0_5000&rs-y=2010_2030&s=1&p=11-50
Peugeot e-408 58 kWh (MY25) Available,https://ev-database.org/car/3066/Peugeot-e-408-58-kWh,350.0,372.0,167.0,58.3,80.0,7.2,0.0,471.0,1879.0,"Peugeot e-408 58 kWh (MY25) Available to order since October 2024 C 5 V2 L H G Range* 350 km Efficiency* 167 Wh/km Weight 1,879 kg 0-100 7.2 sec 1-Stop Range 372 km Battery 58.3 kWh Fastcharge 80 kW Towing 0 kg Cargo Vol. 471 L Price/range* €126 /km €46,300 €44,780 £35,560",https://ev-database.org/#group=vehicle-group&rs-pr=10000_100000&rs-er=0_1000&rs-ld=0_1000&rs-ac=2_23&rs-dcfc=0_400&rs-ub=10_200&rs-tw=0_3000&rs-ef=100_350&rs-sa=-1_5&rs-w=1000_3500&rs-c=0_5000&rs-y=2010_2030&s=1&p=11-50
Audi Q8 SUV e-tron 50 quattro,https://ev-database.org/car/1769/Audi-Q8-SUV-e-tron-50-quattro,425.0,443.0,209.0,89.0,147.0,6.0,1800.0,631.0,2585.0,"Audi Q8 SUV e-tron 50 quattro Discontinued (December 2022 - November 2024) E 5 5 V2 L H G Range* 425 km Efficiency* 209 Wh/km Weight 2,585 kg 0-100 6.0 sec 1-Stop Range 443 km Battery 89.0 kWh Fastcharge 147 kW Towing 1,800 kg Cargo Vol. 631 L Price/range* €179 /km €75,900 €71,385 £70,715",https://ev-database.org/#group=vehicle-group&rs-pr=10000_100000&rs-er=0_1000&rs-ld=0_1000&rs-ac=2_23&rs-dcfc=0_400&rs-ub=10_200&rs-tw=0_3000&rs-ef=100_350&rs-sa=-1_5&rs-w=1000_3500&rs-c=0_5000&rs-y=2010_2030&s=1&p=11-50
Volkswagen ID.3 GTX Performance (MY24-26) Available,https://ev-database.org/car/2153/Volkswagen-ID3-GTX-Performance,465.0,526.0,170.0,79.0,135.0,5.6,0.0,385.0,1993.0,"Volkswagen ID.3 GTX Performance (MY24-26) Available to order since August 2024 C 5 5 V2 L H G Range* 465 km Efficiency* 170 Wh/km Weight 1,993 kg 0-100 5.6 sec 1-Stop Range 526 km Battery 79.0 kWh Fastcharge 135 kW Towing 0 kg Cargo Vol. 385 L Price/range* €108 /km €48,725 €47,990 £46,325",https://ev-database.org/#group=vehicle-group&rs-pr=10000_100000&rs-er=0_1000&rs-ld=0_1000&rs-ac=2_23&rs-dcfc=0_400&rs-ub=10_200&rs-tw=0_3000&rs-ef=100_350&rs-sa=-1_5&rs-w=1000_3500&rs-c=0_5000&rs-y=2010_2030&s=1&p=11-50
Mazda MX-30 Discontinued (September 2020 -,https://ev-database.org/car/1241/Mazda-MX-30,170.0,159.0,176.0,30.0,34.0,9.7,0.0,366.0,1720.0,"Mazda MX-30 Discontinued (September 2020 - July 2022) C 5 5 V2 L H G Range 170 km Efficiency 176 Wh/km Weight 1,720 kg 0-100 9.7 sec 1-Stop Range 159 km Battery* 30.0 kWh Fastcharge 34 kW Towing 0 kg Cargo Vol. 366 L Price/range €198 /km €34,490 €33,140 £29,150",https://ev-database.org/#group=vehicle-group&rs-pr=10000_100000&rs-er=0_1000&rs-ld=0_1000&rs-ac=2_23&rs-dcfc=0_400&rs-ub=10_200&rs-tw=0_3000&rs-ef=100_350&rs-sa=-1_5&rs-w=1000_3500&rs-c=0_5000&rs-y=2010_2030&s=1&p=11-50
Peugeot e-208 50 kWh (MY24) Discontinued,https://ev-database.org/car/1948/Peugeot-e-208-50-kWh,295.0,318.0,157.0,46.3,74.0,9.0,0.0,309.0,1530.0,"Peugeot e-208 50 kWh (MY24) Discontinued (August 2023 - April 2025) B 5 V2 L H G Range* 295 km Efficiency* 157 Wh/km Weight 1,530 kg 0-100 9.0 sec 1-Stop Range 318 km Battery 46.3 kWh Fastcharge 74 kW Towing 0 kg Cargo Vol. 309 L Price/range* €124 /km €35,975 €35,870 £32,650",https://ev-database.org/#group=vehicle-group&rs-pr=10000_100000&rs-er=0_1000&rs-ld=0_1000&rs-ac=2_23&rs-dcfc=0_400&rs-ub=10_200&rs-tw=0_3000&rs-ef=100_350&rs-sa=-1_5&rs-w=1000_3500&rs-c=0_5000&rs-y=2010_2030&s=1&p=11-50
Audi Q6 SUV e-tron (MY24) Available,https://ev-database.org/car/2281/Audi-Q6-SUV-e-tron,395.0,459.0,192.0,75.8,150.0,7.0,2000.0,590.0,2200.0,"Audi Q6 SUV e-tron (MY24) Available to order since August 2024 D 5 5 V2 L H G Range* 395 km Efficiency* 192 Wh/km Weight 2,200 kg 0-100 7.0 sec 1-Stop Range 459 km Battery 75.8 kWh Fastcharge 150 kW Towing 2,000 kg Cargo Vol. 590 L Price/range* €165 /km €63,500 €61,990 £60,565",https://ev-database.org/#group=vehicle-group&rs-pr=10000_100000&rs-er=0_1000&rs-ld=0_1000&rs-ac=2_23&rs-dcfc=0_400&rs-ub=10_200&rs-tw=0_3000&rs-ef=100_350&rs-sa=-1_5&rs-w=1000_3500&rs-c=0_5000&rs-y=2010_2030&s=1&p=11-50
Audi A6 Avant e-tron quattro (MY25),https://ev-database.org/car/3054/Audi-A6-Avant-e-tron-quattro,560.0,666.0,169.0,94.9,186.0,4.5,2100.0,529.0,2370.0,"Audi A6 Avant e-tron quattro (MY25) Available to order since September 2024 E 5 5 V2 L H G Range 560 km Efficiency 169 Wh/km Weight 2,370 kg 0-100 4.5 sec 1-Stop Range 666 km Battery 94.9 kWh Fastcharge 186 kW Towing 2,100 kg Cargo Vol. 529 L Price/range €150 /km €81,450 €81,490 £76,840",https://ev-database.org/#group=vehicle-group&rs-pr=10000_100000&rs-er=0_1000&rs-ld=0_1000&rs-ac=2_23&rs-dcfc=0_400&rs-ub=10_200&rs-tw=0_3000&rs-ef=100_350&rs-sa=-1_5&rs-w=1000_3500&rs-c=0_5000&rs-y=2010_2030&s=1&p=11-50
Volkswagen ID.7 Pro (MY26) Available to,https://ev-database.org/car/3256/Volkswagen-ID7-Pro,475.0,541.0,162.0,77.0,125.0,6.5,1000.0,532.0,2180.0,"Volkswagen ID.7 Pro (MY26) Available to order since July 2025 E 5 5 V2 L H G Range* 475 km Efficiency* 162 Wh/km Weight 2,180 kg 0-100 6.5 sec 1-Stop Range 541 km Battery 77.0 kWh Fastcharge 125 kW Towing 1,000 kg Cargo Vol. 532 L Price/range* €114 /km €54,105 €48,990 £51,005",https://ev-database.org/#group=vehicle-group&rs-pr=10000_100000&rs-er=0_1000&rs-ld=0_1000&rs-ac=2_23&rs-dcfc=0_400&rs-ub=10_200&rs-tw=0_3000&rs-ef=100_350&rs-sa=-1_5&rs-w=1000_3500&rs-c=0_5000&rs-y=2010_2030&s=1&p=11-50
NIO ET7 Standard Range Discontinued (October,https://ev-database.org/car/1751/NIO-ET7-Standard-Range,415.0,456.0,177.0,73.5,110.0,3.8,2000.0,363.0,2434.0,"NIO ET7 Standard Range Discontinued (October 2022 - March 2025) F 5 5 V2 L H G Range* 415 km Efficiency* 177 Wh/km Weight 2,434 kg 0-100 3.8 sec 1-Stop Range 456 km Battery 73.5 kWh Fastcharge 110 kW Towing 2,000 kg Cargo Vol. 363 L Price/range* €201 /km €81,900 €84,900 N/A",https://ev-database.org/#group=vehicle-group&rs-pr=10000_100000&rs-er=0_1000&rs-ld=0_1000&rs-ac=2_23&rs-dcfc=0_400&rs-ub=10_200&rs-tw=0_3000&rs-ef=100_350&rs-sa=-1_5&rs-w=1000_3500&rs-c=0_5000&rs-y=2010_2030&s=1&p=11-50
NIO ET5 Touring Long Range Available,https://ev-database.org/car/1916/NIO-ET5-Touring-Long-Range,485.0,527.0,186.0,90.0,135.0,4.0,1400.0,450.0,2285.0,"NIO ET5 Touring Long Range Available to order since July 2023 E 5 5 V2 L H G Range 485 km Efficiency 186 Wh/km Weight 2,285 kg 0-100 4.0 sec 1-Stop Range 527 km Battery 90.0 kWh Fastcharge 135 kW Towing 1,400 kg Cargo Vol. 450 L Price/range €146 /km €68,500 €72,900 N/A",https://ev-database.org/#group=vehicle-group&rs-pr=10000_100000&rs-er=0_1000&rs-ld=0_1000&rs-ac=2_23&rs-dcfc=0_400&rs-ub=10_200&rs-tw=0_3000&rs-ef=100_350&rs-sa=-1_5&rs-w=1000_3500&rs-c=0_5000&rs-y=2010_2030&s=1&p=11-50
Audi Q4 e-tron 55 quattro (MY24),https://ev-database.org/car/2015/Audi-Q4-e-tron-55-quattro,395.0,437.0,195.0,77.0,120.0,5.4,1200.0,520.0,2235.0,"Audi Q4 e-tron 55 quattro (MY24) Available to order since September 2023 C 5 5 V2 L H G Range* 395 km Efficiency* 195 Wh/km Weight 2,235 kg 0-100 5.4 sec 1-Stop Range 437 km Battery 77.0 kWh Fastcharge 120 kW Towing 1,200 kg Cargo Vol. 520 L Price/range* €160 /km €59,000 €64,625 £57,740",https://ev-database.org/#group=vehicle-group&rs-pr=10000_100000&rs-er=0_1000&rs-ld=0_1000&rs-ac=2_23&rs-dcfc=0_400&rs-ub=10_200&rs-tw=0_3000&rs-ef=100_350&rs-sa=-1_5&rs-w=1000_3500&rs-c=0_5000&rs-y=2010_2030&s=1&p=11-50
Lucid Air Pure RWD (MY26) Available,https://ev-database.org/car/3271/Lucid-Air-Pure-RWD,580.0,668.0,152.0,88.0,150.0,4.7,0.0,910.0,2145.0,"Lucid Air Pure RWD (MY26) Available to order since August 2025 F 5 5 V2 L H G Range* 580 km Efficiency* 152 Wh/km Weight 2,145 kg 0-100 4.7 sec 1-Stop Range 668 km Battery* 88.0 kWh Fastcharge 150 kW Towing 0 kg Cargo Vol. 910 L Price/range* €151 /km €85,900 €88,900 N/A",https://ev-database.org/#group=vehicle-group&rs-pr=10000_100000&rs-er=0_1000&rs-ld=0_1000&rs-ac=2_23&rs-dcfc=0_400&rs-ub=10_200&rs-tw=0_3000&rs-ef=100_350&rs-sa=-1_5&rs-w=1000_3500&rs-c=0_5000&rs-y=2010_2030&s=1&p=11-50
MG Marvel R Performance Discontinued (October,https://ev-database.org/car/1475/MG-Marvel-R-Performance,350.0,335.0,200.0,70.0,81.0,4.9,750.0,357.0,1995.0,"MG Marvel R Performance Discontinued (October 2021 - February 2025) C 5 4 V2 L H G Range 350 km Efficiency 200 Wh/km Weight 1,995 kg 0-100 4.9 sec 1-Stop Range 335 km Battery* 70.0 kWh Fastcharge 81 kW Towing 750 kg Cargo Vol. 357 L Price/range €148 /km €50,990 €52,485 N/A",https://ev-database.org/#group=vehicle-group&rs-pr=10000_100000&rs-er=0_1000&rs-ld=0_1000&rs-ac=2_23&rs-dcfc=0_400&rs-ub=10_200&rs-tw=0_3000&rs-ef=100_350&rs-sa=-1_5&rs-w=1000_3500&rs-c=0_5000&rs-y=2010_2030&s=1&p=11-50
Volkswagen ID.4 Pro 4MOTION (MY24-25) Discontinued,https://ev-database.org/car/2029/Volkswagen-ID4-Pro-4MOTION,435.0,477.0,177.0,77.0,120.0,6.6,1200.0,543.0,2233.0,"Volkswagen ID.4 Pro 4MOTION (MY24-25) Discontinued (October 2023 - July 2025) C 5 5 V2 L H G Range 435 km Efficiency 177 Wh/km Weight 2,233 kg 0-100 6.6 sec 1-Stop Range 477 km Battery 77.0 kWh Fastcharge 120 kW Towing 1,200 kg Cargo Vol. 543 L Price/range €116 /km €49,020 €49,990 £46,080",https://ev-database.org/#group=vehicle-group&rs-pr=10000_100000&rs-er=0_1000&rs-ld=0_1000&rs-ac=2_23&rs-dcfc=0_400&rs-ub=10_200&rs-tw=0_3000&rs-ef=100_350&rs-sa=-1_5&rs-w=1000_3500&rs-c=0_5000&rs-y=2010_2030&s=1&p=11-50
Mercedes-Benz EQS 580 4MATIC Discontinued (April,https://ev-database.org/car/2196/Mercedes-Benz-EQS-580-4MATIC,640.0,682.0,184.0,118.0,160.0,4.4,1700.0,620.0,2655.0,"Mercedes-Benz EQS 580 4MATIC Discontinued (April 2024 - April 2026) F 5 V2 L H G Range* 640 km Efficiency* 184 Wh/km Weight 2,655 kg 0-100 4.4 sec 1-Stop Range 682 km Battery 118.0 kWh Fastcharge 160 kW Towing 1,700 kg Cargo Vol. 620 L Price/range* €245 /km €141,705 €172,072 N/A",https://ev-database.org/#group=vehicle-group&rs-pr=10000_100000&rs-er=0_1000&rs-ld=0_1000&rs-ac=2_23&rs-dcfc=0_400&rs-ub=10_200&rs-tw=0_3000&rs-ef=100_350&rs-sa=-1_5&rs-w=1000_3500&rs-c=0_5000&rs-y=2010_2030&s=1&p=11-50
CUPRA Born 170 kW - 59,https://ev-database.org/car/2233/CUPRA-Born-170-kW---59-kWh,360.0,416.0,164.0,59.0,110.0,6.7,0.0,385.0,1841.0,"CUPRA Born 170 kW - 59 kWh (MY25-26) Available to order since June 2024 C 5 5 V2 L H G Range* 360 km Efficiency* 164 Wh/km Weight 1,841 kg 0-100 6.7 sec 1-Stop Range 416 km Battery 59.0 kWh Fastcharge 110 kW Towing 0 kg Cargo Vol. 385 L Price/range* €107 /km €41,450 €34,990 £34,190",https://ev-database.org/#group=vehicle-group&rs-pr=10000_100000&rs-er=0_1000&rs-ld=0_1000&rs-ac=2_23&rs-dcfc=0_400&rs-ub=10_200&rs-tw=0_3000&rs-ef=100_350&rs-sa=-1_5&rs-w=1000_3500&rs-c=0_5000&rs-y=2010_2030&s=1&p=11-50
Renault 4 E-Tech 40kWh 120hp Available,https://ev-database.org/car/3126/Renault-4-E-Tech-40kWh-120hp,245.0,253.0,163.0,40.0,55.0,9.2,750.0,420.0,1485.0,"Renault 4 E-Tech 40kWh 120hp Available to order since March 2025 B 5 V2 L H G Range* 245 km Efficiency* 163 Wh/km Weight 1,485 kg 0-100 9.2 sec 1-Stop Range 253 km Battery 40.0 kWh Fastcharge 55 kW Towing 750 kg Cargo Vol. 420 L Price/range* €121 /km €29,400 €29,990 N/A",https://ev-database.org/#group=vehicle-group&rs-pr=10000_100000&rs-er=0_1000&rs-ld=0_1000&rs-ac=2_23&rs-dcfc=0_400&rs-ub=10_200&rs-tw=0_3000&rs-ef=100_350&rs-sa=-1_5&rs-w=1000_3500&rs-c=0_5000&rs-y=2010_2030&s=1&p=11-50
Volvo EX40 Twin Motor (MY26) Available,https://ev-database.org/car/3160/Volvo-EX40-Twin-Motor,385.0,414.0,205.0,79.0,110.0,4.8,1800.0,441.0,2170.0,"Volvo EX40 Twin Motor (MY26) Available to order since February 2025 C 5 V2 L H G Range* 385 km Efficiency* 205 Wh/km Weight 2,170 kg 0-100 4.8 sec 1-Stop Range 414 km Battery 79.0 kWh Fastcharge 110 kW Towing 1,800 kg Cargo Vol. 441 L Price/range* €151 /km €59,590 €48,995 £57,660",https://ev-database.org/#group=vehicle-group&rs-pr=10000_100000&rs-er=0_1000&rs-ld=0_1000&rs-ac=2_23&rs-dcfc=0_400&rs-ub=10_200&rs-tw=0_3000&rs-ef=100_350&rs-sa=-1_5&rs-w=1000_3500&rs-c=0_5000&rs-y=2010_2030&s=1&p=11-50
Škoda Elroq RS (MY27) Available to,https://ev-database.org/car/3568/Skoda-Elroq-RS,445.0,480.0,173.0,77.0,115.0,5.4,1800.0,491.0,2218.0,"Škoda Elroq RS (MY27) Available to order since April 2026 C 5 5 V2 L H G Range* 445 km Efficiency* 173 Wh/km Weight 2,218 kg 0-100 5.4 sec 1-Stop Range 480 km Battery 77.0 kWh Fastcharge 115 kW Towing 1,800 kg Cargo Vol. 491 L Price/range* €121 /km €54,790 €52,490 £46,970",https://ev-database.org/#group=vehicle-group&rs-pr=10000_100000&rs-er=0_1000&rs-ld=0_1000&rs-ac=2_23&rs-dcfc=0_400&rs-ub=10_200&rs-tw=0_3000&rs-ef=100_350&rs-sa=-1_5&rs-w=1000_3500&rs-c=0_5000&rs-y=2010_2030&s=1&p=12-50
XPENG G9 RWD Long Range (MY24),https://ev-database.org/car/1825/XPENG-G9-RWD-Long-Range,480.0,585.0,194.0,93.1,212.0,6.4,1500.0,731.0,2285.0,"XPENG G9 RWD Long Range (MY24) Discontinued (February 2023 - August 2025) E 5 5 V2 L H G Range* 480 km Efficiency* 194 Wh/km Weight 2,285 kg 0-100 6.4 sec 1-Stop Range 585 km Battery 93.1 kWh Fastcharge 212 kW Towing 1,500 kg Cargo Vol. 731 L Price/range* €132 /km €63,600 €63,188 N/A",https://ev-database.org/#group=vehicle-group&rs-pr=10000_100000&rs-er=0_1000&rs-ld=0_1000&rs-ac=2_23&rs-dcfc=0_400&rs-ub=10_200&rs-tw=0_3000&rs-ef=100_350&rs-sa=-1_5&rs-w=1000_3500&rs-c=0_5000&rs-y=2010_2030&s=1&p=12-50
MG IM5 Standard Range Available to,https://ev-database.org/car/3244/MG-IM5-Standard-Range,405.0,451.0,181.0,73.5,,6.8,,475.0,2180.0,"MG IM5 Standard Range Available to order since July 2025 D 5 5 V2 L H G Range* 405 km Efficiency* 181 Wh/km Weight 2,180 kg 0-100 6.8 sec 1-Stop Range 451 km Battery 73.5 kWh Fastcharge* 120 kW Towing unknown Cargo Vol. 475 L Price/range* €112 /km N/A N/A £39,450",https://ev-database.org/#group=vehicle-group&rs-pr=10000_100000&rs-er=0_1000&rs-ld=0_1000&rs-ac=2_23&rs-dcfc=0_400&rs-ub=10_200&rs-tw=0_3000&rs-ef=100_350&rs-sa=-1_5&rs-w=1000_3500&rs-c=0_5000&rs-y=2010_2030&s=1&p=12-50
Mercedes-Benz EQB 350 4MATIC Discontinued (February,https://ev-database.org/car/1493/Mercedes-Benz-EQB-350-4MATIC,340.0,350.0,196.0,66.5,99.0,6.2,0.0,495.0,2175.0,"Mercedes-Benz EQB 350 4MATIC Discontinued (February 2022 - November 2023) C 7 5 V2 L H G Range 340 km Efficiency 196 Wh/km Weight 2,175 kg 0-100 6.2 sec 1-Stop Range 350 km Battery 66.5 kWh Fastcharge 99 kW Towing 0 kg Cargo Vol. 495 L Price/range €188 /km €58,197 €68,266 £56,810",https://ev-database.org/#group=vehicle-group&rs-pr=10000_100000&rs-er=0_1000&rs-ld=0_1000&rs-ac=2_23&rs-dcfc=0_400&rs-ub=10_200&rs-tw=0_3000&rs-ef=100_350&rs-sa=-1_5&rs-w=1000_3500&rs-c=0_5000&rs-y=2010_2030&s=1&p=12-50
Volvo EX90 Twin Motor Performance (MY24-25),https://ev-database.org/car/1776/Volvo-EX90-Twin-Motor-Performance,485.0,523.0,221.0,107.0,150.0,4.9,2200.0,703.0,2762.0,"Volvo EX90 Twin Motor Performance (MY24-25) Discontinued (December 2022 - November 2025) F 7 5 V2 L H G Range* 485 km Efficiency* 221 Wh/km Weight 2,762 kg 0-100 4.9 sec 1-Stop Range 523 km Battery 107.0 kWh Fastcharge 150 kW Towing 2,200 kg Cargo Vol. 703 L Price/range* €213 /km €96,800 €98,495 £99,960",https://ev-database.org/#group=vehicle-group&rs-pr=10000_100000&rs-er=0_1000&rs-ld=0_1000&rs-ac=2_23&rs-dcfc=0_400&rs-ub=10_200&rs-tw=0_3000&rs-ef=100_350&rs-sa=-1_5&rs-w=1000_3500&rs-c=0_5000&rs-y=2010_2030&s=1&p=12-50
Volkswagen ID.3 GTX (MY24-26) Discontinued (May,https://ev-database.org/car/2152/Volkswagen-ID3-GTX,470.0,526.0,168.0,79.0,135.0,5.9,0.0,385.0,1985.0,"Volkswagen ID.3 GTX (MY24-26) Discontinued (May 2024 - April 2026) C 5 5 V2 L H G Range* 470 km Efficiency* 168 Wh/km Weight 1,985 kg 0-100 5.9 sec 1-Stop Range 526 km Battery 79.0 kWh Fastcharge 135 kW Towing 0 kg Cargo Vol. 385 L Price/range* €106 /km €47,225 €51,990 N/A",https://ev-database.org/#group=vehicle-group&rs-pr=10000_100000&rs-er=0_1000&rs-ld=0_1000&rs-ac=2_23&rs-dcfc=0_400&rs-ub=10_200&rs-tw=0_3000&rs-ef=100_350&rs-sa=-1_5&rs-w=1000_3500&rs-c=0_5000&rs-y=2010_2030&s=1&p=12-50
Audi A6 Sportback e-tron quattro (MY25),https://ev-database.org/car/3052/Audi-A6-Sportback-e-tron-quattro,570.0,682.0,166.0,94.9,186.0,4.7,2100.0,529.0,2360.0,"Audi A6 Sportback e-tron quattro (MY25) Available to order since September 2024 E 5 5 V2 L H G Range 570 km Efficiency 166 Wh/km Weight 2,360 kg 0-100 4.7 sec 1-Stop Range 682 km Battery 94.9 kWh Fastcharge 186 kW Towing 2,100 kg Cargo Vol. 529 L Price/range €144 /km €79,800 €79,990 £75,040",https://ev-database.org/#group=vehicle-group&rs-pr=10000_100000&rs-er=0_1000&rs-ld=0_1000&rs-ac=2_23&rs-dcfc=0_400&rs-ub=10_200&rs-tw=0_3000&rs-ef=100_350&rs-sa=-1_5&rs-w=1000_3500&rs-c=0_5000&rs-y=2010_2030&s=1&p=12-50
Smart ForTwo Electric Drive Discontinued (March,https://ev-database.org/car/1090/Smart-ForTwo-Electric-Drive,100.0,71.0,167.0,16.7,0.0,11.5,0.0,260.0,1085.0,"Smart ForTwo Electric Drive Discontinued (March 2017 - July 2018) A 2 4 V2 L H G Range 100 km Efficiency 167 Wh/km Weight 1,085 kg 0-100 11.5 sec 1-Stop Range 71 km Battery* 16.7 kWh Fastcharge 0 kW Towing 0 kg Cargo Vol. 260 L Price/range €215 /km €21,940 €23,669 £16,420",https://ev-database.org/#group=vehicle-group&rs-pr=10000_100000&rs-er=0_1000&rs-ld=0_1000&rs-ac=2_23&rs-dcfc=0_400&rs-ub=10_200&rs-tw=0_3000&rs-ef=100_350&rs-sa=-1_5&rs-w=1000_3500&rs-c=0_5000&rs-y=2010_2030&s=1&p=12-50
Ford Mustang Mach-E ER RWD (MY21),https://ev-database.org/car/1243/Ford-Mustang-Mach-E-ER-RWD,465.0,436.0,189.0,88.0,84.0,7.0,750.0,619.0,2160.0,"Ford Mustang Mach-E ER RWD (MY21) Discontinued (April 2021 - April 2022) D 5 5 V2 L H G Range 465 km Efficiency 189 Wh/km Weight 2,160 kg 0-100 7.0 sec 1-Stop Range 436 km Battery 88.0 kWh Fastcharge 84 kW Towing 750 kg Cargo Vol. 619 L Price/range €120 /km €54,475 €58,575 £47,580",https://ev-database.org/#group=vehicle-group&rs-pr=10000_100000&rs-er=0_1000&rs-ld=0_1000&rs-ac=2_23&rs-dcfc=0_400&rs-ub=10_200&rs-tw=0_3000&rs-ef=100_350&rs-sa=-1_5&rs-w=1000_3500&rs-c=0_5000&rs-y=2010_2030&s=1&p=12-50
Opel Corsa Electric 51 kWh (MY24),https://ev-database.org/car/1942/Opel-Corsa-Electric-51-kWh,315.0,338.0,153.0,48.1,76.0,8.1,0.0,267.0,1544.0,"Opel Corsa Electric 51 kWh (MY24) Discontinued (July 2023 - April 2025) B 5 V2 L H G Range* 315 km Efficiency* 153 Wh/km Weight 1,544 kg 0-100 8.1 sec 1-Stop Range 338 km Battery 48.1 kWh Fastcharge 76 kW Towing 0 kg Cargo Vol. 267 L Price/range* €118 /km €38,045 €37,999 £30,440",https://ev-database.org/#group=vehicle-group&rs-pr=10000_100000&rs-er=0_1000&rs-ld=0_1000&rs-ac=2_23&rs-dcfc=0_400&rs-ub=10_200&rs-tw=0_3000&rs-ef=100_350&rs-sa=-1_5&rs-w=1000_3500&rs-c=0_5000&rs-y=2010_2030&s=1&p=12-50
Porsche Taycan Plus Available to order,https://ev-database.org/car/2099/Porsche-Taycan-Plus,575.0,750.0,169.0,97.0,267.0,4.8,0.0,491.0,2245.0,"Porsche Taycan Plus Available to order since February 2024 F 5 V2 L H G Range* 575 km Efficiency* 169 Wh/km Weight 2,245 kg 0-100 4.8 sec 1-Stop Range 750 km Battery 97.0 kWh Fastcharge 267 kW Towing 0 kg Cargo Vol. 491 L Price/range* €186 /km €107,224 €113,044 £88,200",https://ev-database.org/#group=vehicle-group&rs-pr=10000_100000&rs-er=0_1000&rs-ld=0_1000&rs-ac=2_23&rs-dcfc=0_400&rs-ub=10_200&rs-tw=0_3000&rs-ef=100_350&rs-sa=-1_5&rs-w=1000_3500&rs-c=0_5000&rs-y=2010_2030&s=1&p=12-50
Volkswagen ID.4 GTX (MY26) Discontinued (July,https://ev-database.org/car/3252/Volkswagen-ID4-GTX,435.0,485.0,182.0,79.0,135.0,5.4,1800.0,543.0,2248.0,"Volkswagen ID.4 GTX (MY26) Discontinued (July 2025 - April 2026) C 5 5 V2 L H G Range* 435 km Efficiency* 182 Wh/km Weight 2,248 kg 0-100 5.4 sec 1-Stop Range 485 km Battery 79.0 kWh Fastcharge 135 kW Towing 1,800 kg Cargo Vol. 543 L Price/range* €129 /km €53,255 €54,990 £52,245",https://ev-database.org/#group=vehicle-group&rs-pr=10000_100000&rs-er=0_1000&rs-ld=0_1000&rs-ac=2_23&rs-dcfc=0_400&rs-ub=10_200&rs-tw=0_3000&rs-ef=100_350&rs-sa=-1_5&rs-w=1000_3500&rs-c=0_5000&rs-y=2010_2030&s=1&p=12-50
Lexus ES 500e DIRECT 4 (MY26),https://ev-database.org/car/3493/Lexus-ES-500e-DIRECT-4,375.0,405.0,187.0,70.0,100.0,5.5,0.0,517.0,2280.0,"Lexus ES 500e DIRECT 4 (MY26) Available to order since March 2026 E 5 V2 L H G Range* 375 km Efficiency* 187 Wh/km Weight 2,280 kg 0-100 5.5 sec 1-Stop Range 405 km Battery* 70.0 kWh Fastcharge 100 kW Towing 0 kg Cargo Vol. 517 L Price/range* €187 /km N/A €69,995 N/A",https://ev-database.org/#group=vehicle-group&rs-pr=10000_100000&rs-er=0_1000&rs-ld=0_1000&rs-ac=2_23&rs-dcfc=0_400&rs-ub=10_200&rs-tw=0_3000&rs-ef=100_350&rs-sa=-1_5&rs-w=1000_3500&rs-c=0_5000&rs-y=2010_2030&s=1&p=12-50
Volvo EX90 Twin Motor (MY24-25) Discontinued,https://ev-database.org/car/1775/Volvo-EX90-Twin-Motor,505.0,546.0,212.0,107.0,150.0,5.9,2200.0,703.0,2754.0,"Volvo EX90 Twin Motor (MY24-25) Discontinued (December 2022 - November 2025) F 7 5 V2 L H G Range 505 km Efficiency 212 Wh/km Weight 2,754 kg 0-100 5.9 sec 1-Stop Range 546 km Battery 107.0 kWh Fastcharge 150 kW Towing 2,200 kg Cargo Vol. 703 L Price/range €187 /km €91,700 €88,995 £89,560",https://ev-database.org/#group=vehicle-group&rs-pr=10000_100000&rs-er=0_1000&rs-ld=0_1000&rs-ac=2_23&rs-dcfc=0_400&rs-ub=10_200&rs-tw=0_3000&rs-ef=100_350&rs-sa=-1_5&rs-w=1000_3500&rs-c=0_5000&rs-y=2010_2030&s=1&p=12-50
Lancia Ypsilon (MY24) Discontinued (June 2024,https://ev-database.org/car/2117/Lancia-Ypsilon,310.0,332.0,155.0,48.1,76.0,8.2,0.0,309.0,1561.0,"Lancia Ypsilon (MY24) Discontinued (June 2024 - April 2025) B 5 V2 L H G Range* 310 km Efficiency* 155 Wh/km Weight 1,561 kg 0-100 8.2 sec 1-Stop Range 332 km Battery 48.1 kWh Fastcharge 76 kW Towing 0 kg Cargo Vol. 309 L Price/range* €114 /km N/A €35,400 N/A",https://ev-database.org/#group=vehicle-group&rs-pr=10000_100000&rs-er=0_1000&rs-ld=0_1000&rs-ac=2_23&rs-dcfc=0_400&rs-ub=10_200&rs-tw=0_3000&rs-ef=100_350&rs-sa=-1_5&rs-w=1000_3500&rs-c=0_5000&rs-y=2010_2030&s=1&p=12-50
Škoda Enyaq Coupe 60 (MY27) Available,https://ev-database.org/car/3573/Skoda-Enyaq-Coupe-60,360.0,385.0,161.0,58.0,90.0,8.1,1000.0,591.0,2070.0,"Škoda Enyaq Coupe 60 (MY27) Available to order since April 2026 C 5 5 V2 L H G Range* 360 km Efficiency* 161 Wh/km Weight 2,070 kg 0-100 8.1 sec 1-Stop Range 385 km Battery 58.0 kWh Fastcharge 90 kW Towing 1,000 kg Cargo Vol. 591 L Price/range* €130 /km €48,450 €44,990 N/A",https://ev-database.org/#group=vehicle-group&rs-pr=10000_100000&rs-er=0_1000&rs-ld=0_1000&rs-ac=2_23&rs-dcfc=0_400&rs-ub=10_200&rs-tw=0_3000&rs-ef=100_350&rs-sa=-1_5&rs-w=1000_3500&rs-c=0_5000&rs-y=2010_2030&s=1&p=12-50
Lightyear 0 Discontinued (November 2022 -,https://ev-database.org/car/1166/Lightyear-0,550.0,535.0,109.0,60.0,60.0,10.0,0.0,640.0,1575.0,"Lightyear 0 Discontinued (November 2022 - January 2023) F 5 V2 L H G Range* 550 km Efficiency* 109 Wh/km Weight 1,575 kg 0-100 10.0 sec 1-Stop Range 535 km Battery* 60.0 kWh Fastcharge 60 kW Towing 0 kg Cargo Vol. 640 L Price/range* €548 /km €297,500 €302,500 £265,000",https://ev-database.org/#group=vehicle-group&rs-pr=10000_100000&rs-er=0_1000&rs-ld=0_1000&rs-ac=2_23&rs-dcfc=0_400&rs-ub=10_200&rs-tw=0_3000&rs-ef=100_350&rs-sa=-1_5&rs-w=1000_3500&rs-c=0_5000&rs-y=2010_2030&s=1&p=12-50
Škoda Enyaq iV 50 (MY21-23) Discontinued,https://ev-database.org/car/1187/Skoda-Enyaq-iV-50,305.0,271.0,170.0,52.0,45.0,11.3,0.0,585.0,1937.0,"Škoda Enyaq iV 50 (MY21-23) Discontinued (May 2021 - September 2023) C 5 5 V2 L H G Range* 305 km Efficiency* 170 Wh/km Weight 1,937 kg 0-100 11.3 sec 1-Stop Range 271 km Battery 52.0 kWh Fastcharge 45 kW Towing 0 kg Cargo Vol. 585 L Price/range* €131 /km €39,900 N/A N/A",https://ev-database.org/#group=vehicle-group&rs-pr=10000_100000&rs-er=0_1000&rs-ld=0_1000&rs-ac=2_23&rs-dcfc=0_400&rs-ub=10_200&rs-tw=0_3000&rs-ef=100_350&rs-sa=-1_5&rs-w=1000_3500&rs-c=0_5000&rs-y=2010_2030&s=1&p=12-50
Audi e-tron Sportback 55 quattro Discontinued,https://ev-database.org/car/1356/Audi-e-tron-Sportback-55-quattro,380.0,399.0,228.0,86.5,147.0,5.7,1800.0,677.0,2565.0,"Audi e-tron Sportback 55 quattro Discontinued (November 2020 - November 2022) E 5 5 V2 L H G Range 380 km Efficiency 228 Wh/km Weight 2,565 kg 0-100 5.7 sec 1-Stop Range 399 km Battery 86.5 kWh Fastcharge 147 kW Towing 1,800 kg Cargo Vol. 677 L Price/range €209 /km €83,750 €68,815 £74,635",https://ev-database.org/#group=vehicle-group&rs-pr=10000_100000&rs-er=0_1000&rs-ld=0_1000&rs-ac=2_23&rs-dcfc=0_400&rs-ub=10_200&rs-tw=0_3000&rs-ef=100_350&rs-sa=-1_5&rs-w=1000_3500&rs-c=0_5000&rs-y=2010_2030&s=1&p=12-50
Polestar 3 Long Range Single motor,https://ev-database.org/car/2229/Polestar-3-Long-Range-Single-motor,530.0,571.0,202.0,107.0,150.0,7.8,1500.0,516.0,2478.0,"Polestar 3 Long Range Single motor (MY23-25) Available to order since June 2024 E 5 5 V2 L H G Range* 530 km Efficiency* 202 Wh/km Weight 2,478 kg 0-100 7.8 sec 1-Stop Range 571 km Battery 107.0 kWh Fastcharge 150 kW Towing 1,500 kg Cargo Vol. 516 L Price/range* €151 /km €79,090 €79,950 £69,900",https://ev-database.org/#group=vehicle-group&rs-pr=10000_100000&rs-er=0_1000&rs-ld=0_1000&rs-ac=2_23&rs-dcfc=0_400&rs-ub=10_200&rs-tw=0_3000&rs-ef=100_350&rs-sa=-1_5&rs-w=1000_3500&rs-c=0_5000&rs-y=2010_2030&s=1&p=12-50
Hyundai IONIQ 9 Performance AWD Available,https://ev-database.org/car/3069/Hyundai-IONIQ-9-Performance-AWD,485.0,550.0,219.0,106.0,195.0,5.2,2500.0,390.0,2685.0,"Hyundai IONIQ 9 Performance AWD Available to order since June 2025 F 7 5 V2 L H G Range* 485 km Efficiency* 219 Wh/km Weight 2,685 kg 0-100 5.2 sec 1-Stop Range 550 km Battery* 106.0 kWh Fastcharge 195 kW Towing 2,500 kg Cargo Vol. 390 L Price/range* €177 /km €86,750 €81,495 £77,595",https://ev-database.org/#group=vehicle-group&rs-pr=10000_100000&rs-er=0_1000&rs-ld=0_1000&rs-ac=2_23&rs-dcfc=0_400&rs-ub=10_200&rs-tw=0_3000&rs-ef=100_350&rs-sa=-1_5&rs-w=1000_3500&rs-c=0_5000&rs-y=2010_2030&s=1&p=12-50
Suzuki e VITARA 49 kWh 2WD,https://ev-database.org/car/3211/Suzuki-e-VITARA-49-kWh-2WD,270.0,248.0,177.0,47.8,45.0,9.6,750.0,238.0,1775.0,"Suzuki e VITARA 49 kWh 2WD Available to order since June 2025 B 5 4 V2 L H G Range* 270 km Efficiency* 177 Wh/km Weight 1,775 kg 0-100 9.6 sec 1-Stop Range 248 km Battery 47.8 kWh Fastcharge 45 kW Towing 750 kg Cargo Vol. 238 L Price/range* €119 /km €29,990 €31,995 £29,999",https://ev-database.org/#group=vehicle-group&rs-pr=10000_100000&rs-er=0_1000&rs-ld=0_1000&rs-ac=2_23&rs-dcfc=0_400&rs-ub=10_200&rs-tw=0_3000&rs-ef=100_350&rs-sa=-1_5&rs-w=1000_3500&rs-c=0_5000&rs-y=2010_2030&s=1&p=12-50
Mercedes-Benz EQS SUV Maybach 680 Available,https://ev-database.org/car/2086/Mercedes-Benz-EQS-SUV-Maybach-680,490.0,507.0,241.0,118.0,160.0,4.4,1800.0,440.0,3075.0,"Mercedes-Benz EQS SUV Maybach 680 Available to order since January 2024 F 4 V2 L H G Range 490 km Efficiency 241 Wh/km Weight 3,075 kg 0-100 4.4 sec 1-Stop Range 507 km Battery 118.0 kWh Fastcharge 160 kW Towing 1,800 kg Cargo Vol. 440 L Price/range €441 /km €200,634 €216,780 £200,870",https://ev-database.org/#group=vehicle-group&rs-pr=10000_100000&rs-er=0_1000&rs-ld=0_1000&rs-ac=2_23&rs-dcfc=0_400&rs-ub=10_200&rs-tw=0_3000&rs-ef=100_350&rs-sa=-1_5&rs-w=1000_3500&rs-c=0_5000&rs-y=2010_2030&s=1&p=12-50
Ford Capri Extended Range RWD (MY25),https://ev-database.org/car/2241/Ford-Capri-Extended-Range-RWD,455.0,477.0,169.0,77.0,120.0,6.4,1000.0,572.0,2098.0,"Ford Capri Extended Range RWD (MY25) Discontinued (July 2024 - January 2026) D 5 V2 L H G Range* 455 km Efficiency* 169 Wh/km Weight 2,098 kg 0-100 6.4 sec 1-Stop Range 477 km Battery 77.0 kWh Fastcharge 120 kW Towing 1,000 kg Cargo Vol. 572 L Price/range* €112 /km €50,911 €46,750 £48,075",https://ev-database.org/#group=vehicle-group&rs-pr=10000_100000&rs-er=0_1000&rs-ld=0_1000&rs-ac=2_23&rs-dcfc=0_400&rs-ub=10_200&rs-tw=0_3000&rs-ef=100_350&rs-sa=-1_5&rs-w=1000_3500&rs-c=0_5000&rs-y=2010_2030&s=1&p=12-50
MG IM5 Performance Available to order,https://ev-database.org/car/3246/MG-IM5-Performance,490.0,621.0,197.0,96.5,250.0,3.2,,475.0,2298.0,"MG IM5 Performance Available to order since July 2025 D 5 5 V2 L H G Range 490 km Efficiency 197 Wh/km Weight 2,298 kg 0-100 3.2 sec 1-Stop Range 621 km Battery 96.5 kWh Fastcharge 250 kW Towing unknown Cargo Vol. 475 L Price/range €114 /km N/A N/A £48,495",https://ev-database.org/#group=vehicle-group&rs-pr=10000_100000&rs-er=0_1000&rs-ld=0_1000&rs-ac=2_23&rs-dcfc=0_400&rs-ub=10_200&rs-tw=0_3000&rs-ef=100_350&rs-sa=-1_5&rs-w=1000_3500&rs-c=0_5000&rs-y=2010_2030&s=1&p=12-50
MG MG5 Electric Standard Range Discontinued,https://ev-database.org/car/1646/MG-MG5-Electric-Standard-Range,265.0,270.0,174.0,46.0,52.0,7.7,500.0,479.0,1637.0,"MG MG5 Electric Standard Range Discontinued (June 2022 - June 2025) C 5 V2 L H G Range* 265 km Efficiency* 174 Wh/km Weight 1,637 kg 0-100 7.7 sec 1-Stop Range 270 km Battery* 46.0 kWh Fastcharge 52 kW Towing 500 kg Cargo Vol. 479 L Price/range* €139 /km €35,490 €38,150 N/A",https://ev-database.org/#group=vehicle-group&rs-pr=10000_100000&rs-er=0_1000&rs-ld=0_1000&rs-ac=2_23&rs-dcfc=0_400&rs-ub=10_200&rs-tw=0_3000&rs-ef=100_350&rs-sa=-1_5&rs-w=1000_3500&rs-c=0_5000&rs-y=2010_2030&s=1&p=12-50
Maserati Grecale Folgore (MY24-25) Discontinued (January,https://ev-database.org/car/1843/Maserati-Grecale-Folgore,415.0,413.0,238.0,98.6,110.0,4.1,1800.0,535.0,2555.0,"Maserati Grecale Folgore (MY24-25) Discontinued (January 2024 - February 2026) E 5 V2 L H G Range* 415 km Efficiency* 238 Wh/km Weight 2,555 kg 0-100 4.1 sec 1-Stop Range 413 km Battery* 98.6 kWh Fastcharge 110 kW Towing 1,800 kg Cargo Vol. 535 L Price/range* €301 /km €124,301 €124,600 £109,905",https://ev-database.org/#group=vehicle-group&rs-pr=10000_100000&rs-er=0_1000&rs-ld=0_1000&rs-ac=2_23&rs-dcfc=0_400&rs-ub=10_200&rs-tw=0_3000&rs-ef=100_350&rs-sa=-1_5&rs-w=1000_3500&rs-c=0_5000&rs-y=2010_2030&s=1&p=12-50
Renault Zoe R90 Discontinued (February 2017,https://ev-database.org/car/1077/Renault-Zoe-R90,255.0,182.0,161.0,41.0,0.0,13.5,0.0,338.0,1555.0,"Renault Zoe R90 Discontinued (February 2017 - August 2018) B 5 5 V2 L H G Range 255 km Efficiency 161 Wh/km Weight 1,555 kg 0-100 13.5 sec 1-Stop Range 182 km Battery 41.0 kWh Fastcharge 0 kW Towing 0 kg Cargo Vol. 338 L Price/range €122 /km €33,200 €32,890 £23,770",https://ev-database.org/#group=vehicle-group&rs-pr=10000_100000&rs-er=0_1000&rs-ld=0_1000&rs-ac=2_23&rs-dcfc=0_400&rs-ub=10_200&rs-tw=0_3000&rs-ef=100_350&rs-sa=-1_5&rs-w=1000_3500&rs-c=0_5000&rs-y=2010_2030&s=1&p=12-50
Kia e-Soul 64 kWh Discontinued (July,https://ev-database.org/car/1288/Kia-e-Soul-64-kWh,370.0,343.0,173.0,64.0,61.0,7.9,0.0,315.0,1757.0,"Kia e-Soul 64 kWh Discontinued (July 2020 - September 2022) B 5 V2 L H G Range 370 km Efficiency 173 Wh/km Weight 1,757 kg 0-100 7.9 sec 1-Stop Range 343 km Battery 64.0 kWh Fastcharge 61 kW Towing 0 kg Cargo Vol. 315 L Price/range €107 /km €42,390 €36,495 £34,995",https://ev-database.org/#group=vehicle-group&rs-pr=10000_100000&rs-er=0_1000&rs-ld=0_1000&rs-ac=2_23&rs-dcfc=0_400&rs-ub=10_200&rs-tw=0_3000&rs-ef=100_350&rs-sa=-1_5&rs-w=1000_3500&rs-c=0_5000&rs-y=2010_2030&s=1&p=12-50
Volkswagen ID.7 Tourer Pro (MY24-25) Discontinued,https://ev-database.org/car/2118/Volkswagen-ID7-Tourer-Pro,470.0,535.0,164.0,77.0,125.0,6.6,1000.0,605.0,2191.0,"Volkswagen ID.7 Tourer Pro (MY24-25) Discontinued (March 2024 - July 2025) E 5 5 V2 L H G Range 470 km Efficiency 164 Wh/km Weight 2,191 kg 0-100 6.6 sec 1-Stop Range 535 km Battery 77.0 kWh Fastcharge 125 kW Towing 1,000 kg Cargo Vol. 605 L Price/range €117 /km €54,795 €49,990 £52,240",https://ev-database.org/#group=vehicle-group&rs-pr=10000_100000&rs-er=0_1000&rs-ld=0_1000&rs-ac=2_23&rs-dcfc=0_400&rs-ub=10_200&rs-tw=0_3000&rs-ef=100_350&rs-sa=-1_5&rs-w=1000_3500&rs-c=0_5000&rs-y=2010_2030&s=1&p=12-50
Opel Combo Electric 50 kWh Available,https://ev-database.org/car/2161/Opel-Combo-Electric-50-kWh,235.0,246.0,213.0,50.0,80.0,11.3,750.0,775.0,1811.0,"Opel Combo Electric 50 kWh Available to order since March 2024 N 5 V2 L H G Range* 235 km Efficiency* 213 Wh/km Weight 1,811 kg 0-100 11.3 sec 1-Stop Range 246 km Battery 50.0 kWh Fastcharge 80 kW Towing 750 kg Cargo Vol. 775 L Price/range* €165 /km €38,600 €42,764 £30,690",https://ev-database.org/#group=vehicle-group&rs-pr=10000_100000&rs-er=0_1000&rs-ld=0_1000&rs-ac=2_23&rs-dcfc=0_400&rs-ub=10_200&rs-tw=0_3000&rs-ef=100_350&rs-sa=-1_5&rs-w=1000_3500&rs-c=0_5000&rs-y=2010_2030&s=1&p=12-50
Audi RS e-tron GT Available to,https://ev-database.org/car/2220/Audi-RS-e-tron-GT,525.0,682.0,185.0,97.0,267.0,2.8,0.0,427.0,2395.0,"Audi RS e-tron GT Available to order since June 2024 F 4 V2 L H G Range* 525 km Efficiency* 185 Wh/km Weight 2,395 kg 0-100 2.8 sec 1-Stop Range 682 km Battery 97.0 kWh Fastcharge 267 kW Towing 0 kg Cargo Vol. 427 L Price/range* €282 /km €147,500 €151,990 £126,425",https://ev-database.org/#group=vehicle-group&rs-pr=10000_100000&rs-er=0_1000&rs-ld=0_1000&rs-ac=2_23&rs-dcfc=0_400&rs-ub=10_200&rs-tw=0_3000&rs-ef=100_350&rs-sa=-1_5&rs-w=1000_3500&rs-c=0_5000&rs-y=2010_2030&s=1&p=12-50
BMW i4 xDrive40 Available to order,https://ev-database.org/car/3206/BMW-i4-xDrive40,495.0,563.0,164.0,81.3,130.0,5.1,1600.0,470.0,2260.0,"BMW i4 xDrive40 Available to order since July 2025 D 5 V2 L H G Range* 495 km Efficiency* 164 Wh/km Weight 2,260 kg 0-100 5.1 sec 1-Stop Range 563 km Battery 81.3 kWh Fastcharge 130 kW Towing 1,600 kg Cargo Vol. 470 L Price/range* €132 /km €64,100 €66,871 N/A",https://ev-database.org/#group=vehicle-group&rs-pr=10000_100000&rs-er=0_1000&rs-ld=0_1000&rs-ac=2_23&rs-dcfc=0_400&rs-ub=10_200&rs-tw=0_3000&rs-ef=100_350&rs-sa=-1_5&rs-w=1000_3500&rs-c=0_5000&rs-y=2010_2030&s=1&p=12-50
Jaguar I-Pace EV400 Discontinued (March 2018,https://ev-database.org/car/1097/Jaguar-I-Pace-EV400,380.0,360.0,223.0,84.7,83.0,4.8,750.0,505.0,2208.0,"Jaguar I-Pace EV400 Discontinued (March 2018 - July 2020) D 5 5 V2 L H G Range 380 km Efficiency 223 Wh/km Weight 2,208 kg 0-100 4.8 sec 1-Stop Range 360 km Battery 84.7 kWh Fastcharge 83 kW Towing 750 kg Cargo Vol. 505 L Price/range €205 /km €77,300 €81,800 £64,495",https://ev-database.org/#group=vehicle-group&rs-pr=10000_100000&rs-er=0_1000&rs-ld=0_1000&rs-ac=2_23&rs-dcfc=0_400&rs-ub=10_200&rs-tw=0_3000&rs-ef=100_350&rs-sa=-1_5&rs-w=1000_3500&rs-c=0_5000&rs-y=2010_2030&s=1&p=12-50
SEAT Mii Electric Discontinued (February 2020,https://ev-database.org/car/1191/SEAT-Mii-Electric,205.0,188.0,158.0,32.3,29.0,12.3,0.0,251.0,1235.0,"SEAT Mii Electric Discontinued (February 2020 - June 2021) A 4 3 V2 L H G Range 205 km Efficiency 158 Wh/km Weight 1,235 kg 0-100 12.3 sec 1-Stop Range 188 km Battery 32.3 kWh Fastcharge 29 kW Towing 0 kg Cargo Vol. 251 L Price/range €116 /km €24,650 €23,400 £20,300",https://ev-database.org/#group=vehicle-group&rs-pr=10000_100000&rs-er=0_1000&rs-ld=0_1000&rs-ac=2_23&rs-dcfc=0_400&rs-ub=10_200&rs-tw=0_3000&rs-ef=100_350&rs-sa=-1_5&rs-w=1000_3500&rs-c=0_5000&rs-y=2010_2030&s=1&p=12-50
Opel Astra Sports Tourer Electric (MY23-25),https://ev-database.org/car/1793/Opel-Astra-Sports-Tourer-Electric,310.0,336.0,164.0,50.8,79.0,9.3,0.0,516.0,1760.0,"Opel Astra Sports Tourer Electric (MY23-25) Discontinued (October 2023 - January 2026) C 5 V2 L H G Range 310 km Efficiency 164 Wh/km Weight 1,760 kg 0-100 9.3 sec 1-Stop Range 336 km Battery 50.8 kWh Fastcharge 79 kW Towing 0 kg Cargo Vol. 516 L Price/range €132 /km €43,490 €38,999 £34,705",https://ev-database.org/#group=vehicle-group&rs-pr=10000_100000&rs-er=0_1000&rs-ld=0_1000&rs-ac=2_23&rs-dcfc=0_400&rs-ub=10_200&rs-tw=0_3000&rs-ef=100_350&rs-sa=-1_5&rs-w=1000_3500&rs-c=0_5000&rs-y=2010_2030&s=1&p=12-50
Lexus ES 350e (MY26) Available to,https://ev-database.org/car/3492/Lexus-ES-350e,390.0,422.0,185.0,72.0,105.0,8.0,0.0,517.0,2225.0,"Lexus ES 350e (MY26) Available to order since March 2026 E 5 V2 L H G Range* 390 km Efficiency* 185 Wh/km Weight 2,225 kg 0-100 8.0 sec 1-Stop Range 422 km Battery* 72.0 kWh Fastcharge 105 kW Towing 0 kg Cargo Vol. 517 L Price/range* €167 /km N/A €64,995 N/A",https://ev-database.org/#group=vehicle-group&rs-pr=10000_100000&rs-er=0_1000&rs-ld=0_1000&rs-ac=2_23&rs-dcfc=0_400&rs-ub=10_200&rs-tw=0_3000&rs-ef=100_350&rs-sa=-1_5&rs-w=1000_3500&rs-c=0_5000&rs-y=2010_2030&s=1&p=12-50
Tesla Model S 70D Discontinued (April,https://ev-database.org/car/1033/Tesla-Model-S-70D,350.0,369.0,190.0,66.5,95.0,5.4,,895.0,2156.0,"Tesla Model S 70D Discontinued (April 2015 - April 2016) F 5 5 V2 L H G Range* 350 km Efficiency* 190 Wh/km Weight 2,156 kg 0-100 5.4 sec 1-Stop Range 369 km Battery* 66.5 kWh Fastcharge 95 kW Towing unknown Cargo Vol. 895 L Price/range* €240 /km €83,500 €84,800 N/A",https://ev-database.org/#group=vehicle-group&rs-pr=10000_100000&rs-er=0_1000&rs-ld=0_1000&rs-ac=2_23&rs-dcfc=0_400&rs-ub=10_200&rs-tw=0_3000&rs-ef=100_350&rs-sa=-1_5&rs-w=1000_3500&rs-c=0_5000&rs-y=2010_2030&s=1&p=12-50
Tesla Model X Long Range Plus,https://ev-database.org/car/1325/Tesla-Model-X-Long-Range-Plus,480.0,529.0,204.0,98.0,,4.6,2250.0,,2505.0,"Tesla Model X Long Range Plus Discontinued (November 2020 - March 2021) F 7 5 V2 L H G Range* 480 km Efficiency* 204 Wh/km Weight 2,505 kg 0-100 4.6 sec 1-Stop Range 529 km Battery* 98.0 kWh Fastcharge* 125 kW Towing 2,250 kg Cargo Vol. unknown Price/range* €199 /km €90,990 €95,005 £87,980",https://ev-database.org/#group=vehicle-group&rs-pr=10000_100000&rs-er=0_1000&rs-ld=0_1000&rs-ac=2_23&rs-dcfc=0_400&rs-ub=10_200&rs-tw=0_3000&rs-ef=100_350&rs-sa=-1_5&rs-w=1000_3500&rs-c=0_5000&rs-y=2010_2030&s=1&p=12-50
Volvo ES90 Single Motor (MY26) Available,https://ev-database.org/car/3128/Volvo-ES90-Single-Motor,485.0,584.0,181.0,88.0,170.0,6.6,1600.0,468.0,2410.0,"Volvo ES90 Single Motor (MY26) Available to order since March 2025 F 5 V2 L H G Range* 485 km Efficiency* 181 Wh/km Weight 2,410 kg 0-100 6.6 sec 1-Stop Range 584 km Battery 88.0 kWh Fastcharge 170 kW Towing 1,600 kg Cargo Vol. 468 L Price/range* €152 /km €71,990 €69,995 £69,150",https://ev-database.org/#group=vehicle-group&rs-pr=10000_100000&rs-er=0_1000&rs-ld=0_1000&rs-ac=2_23&rs-dcfc=0_400&rs-ub=10_200&rs-tw=0_3000&rs-ef=100_350&rs-sa=-1_5&rs-w=1000_3500&rs-c=0_5000&rs-y=2010_2030&s=1&p=12-50
KGM Musso EV 2WD (MY25) Discontinued,https://ev-database.org/car/3226/KGM-Musso-EV-2WD,365.0,357.0,221.0,80.6,100.0,9.2,1800.0,907.0,2265.0,"KGM Musso EV 2WD (MY25) Discontinued (September 2025 - December 2025) N 5 V2 L H G Range* 365 km Efficiency* 221 Wh/km Weight 2,265 kg 0-100 9.2 sec 1-Stop Range 357 km Battery 80.6 kWh Fastcharge 100 kW Towing 1,800 kg Cargo Vol. 907 L Price/range* €118 /km €41,990 €44,059 N/A",https://ev-database.org/#group=vehicle-group&rs-pr=10000_100000&rs-er=0_1000&rs-ld=0_1000&rs-ac=2_23&rs-dcfc=0_400&rs-ub=10_200&rs-tw=0_3000&rs-ef=100_350&rs-sa=-1_5&rs-w=1000_3500&rs-c=0_5000&rs-y=2010_2030&s=1&p=12-50
Škoda Elroq 85x (MY26) Discontinued (August,https://ev-database.org/car/3372/Skoda-Elroq-85x,445.0,493.0,173.0,77.0,120.0,6.6,1800.0,470.0,2141.0,"Škoda Elroq 85x (MY26) Discontinued (August 2025 - April 2026) C 5 5 V2 L H G Range* 445 km Efficiency* 173 Wh/km Weight 2,141 kg 0-100 6.6 sec 1-Stop Range 493 km Battery 77.0 kWh Fastcharge 120 kW Towing 1,800 kg Cargo Vol. 470 L Price/range* €104 /km €46,450 N/A N/A",https://ev-database.org/#group=vehicle-group&rs-pr=10000_100000&rs-er=0_1000&rs-ld=0_1000&rs-ac=2_23&rs-dcfc=0_400&rs-ub=10_200&rs-tw=0_3000&rs-ef=100_350&rs-sa=-1_5&rs-w=1000_3500&rs-c=0_5000&rs-y=2010_2030&s=1&p=12-50
Porsche Macan 4 Electric (MY26) Available,https://ev-database.org/car/3379/Porsche-Macan-4-Electric,470.0,553.0,202.0,94.9,186.0,5.2,2500.0,624.0,2405.0,"Porsche Macan 4 Electric (MY26) Available to order since October 2025 D 5 5 V2 L H G Range* 470 km Efficiency* 202 Wh/km Weight 2,405 kg 0-100 5.2 sec 1-Stop Range 553 km Battery 94.9 kWh Fastcharge 186 kW Towing 2,500 kg Cargo Vol. 624 L Price/range* €182 /km €84,600 €89,600 £71,900",https://ev-database.org/#group=vehicle-group&rs-pr=10000_100000&rs-er=0_1000&rs-ld=0_1000&rs-ac=2_23&rs-dcfc=0_400&rs-ub=10_200&rs-tw=0_3000&rs-ef=100_350&rs-sa=-1_5&rs-w=1000_3500&rs-c=0_5000&rs-y=2010_2030&s=1&p=12-50
Tesla Model X P100D Discontinued (January,https://ev-database.org/car/1076/Tesla-Model-X-P100D,420.0,413.0,226.0,95.0,100.0,3.1,2250.0,,2572.0,"Tesla Model X P100D Discontinued (January 2017 - February 2019) F 7 V2 L H G Range 420 km Efficiency 226 Wh/km Weight 2,572 kg 0-100 3.1 sec 1-Stop Range 413 km Battery* 95.0 kWh Fastcharge 100 kW Towing 2,250 kg Cargo Vol. unknown Price/range €374 /km €156,900 €160,220 £134,150",https://ev-database.org/#group=vehicle-group&rs-pr=10000_100000&rs-er=0_1000&rs-ld=0_1000&rs-ac=2_23&rs-dcfc=0_400&rs-ub=10_200&rs-tw=0_3000&rs-ef=100_350&rs-sa=-1_5&rs-w=1000_3500&rs-c=0_5000&rs-y=2010_2030&s=1&p=12-50
BMW i3 94 Ah Discontinued (October,https://ev-database.org/car/1104/BMW-i3-94-Ah,165.0,170.0,165.0,27.2,46.0,7.3,0.0,260.0,1320.0,"BMW i3 94 Ah Discontinued (October 2017 - October 2018) B 4 4 V2 L H G Range 165 km Efficiency 165 Wh/km Weight 1,320 kg 0-100 7.3 sec 1-Stop Range 170 km Battery 27.2 kWh Fastcharge 46 kW Towing 0 kg Cargo Vol. 260 L Price/range €226 /km €37,550 €40,412 £29,570",https://ev-database.org/#group=vehicle-group&rs-pr=10000_100000&rs-er=0_1000&rs-ld=0_1000&rs-ac=2_23&rs-dcfc=0_400&rs-ub=10_200&rs-tw=0_3000&rs-ef=100_350&rs-sa=-1_5&rs-w=1000_3500&rs-c=0_5000&rs-y=2010_2030&s=1&p=12-50
Citroën ë-C3 Aircross Comfort Range 44,https://ev-database.org/car/2224/Citroen-e-C3-Aircross-Comfort-Range-44-kWh,240.0,254.0,183.0,43.8,62.0,12.9,350.0,460.0,1572.0,"Citroën ë-C3 Aircross Comfort Range 44 kWh Available to order since June 2024 B 5 V2 L H G Range* 240 km Efficiency* 183 Wh/km Weight 1,572 kg 0-100 12.9 sec 1-Stop Range 254 km Battery 43.8 kWh Fastcharge 62 kW Towing 350 kg Cargo Vol. 460 L Price/range* €110 /km €26,490 €28,050 £21,595",https://ev-database.org/#group=vehicle-group&rs-pr=10000_100000&rs-er=0_1000&rs-ld=0_1000&rs-ac=2_23&rs-dcfc=0_400&rs-ub=10_200&rs-tw=0_3000&rs-ef=100_350&rs-sa=-1_5&rs-w=1000_3500&rs-c=0_5000&rs-y=2010_2030&s=1&p=12-50
Mercedes-Benz EQS SUV 580 4MATIC Available,https://ev-database.org/car/2090/Mercedes-Benz-EQS-SUV-580-4MATIC,530.0,543.0,223.0,118.0,160.0,4.7,1800.0,645.0,2845.0,"Mercedes-Benz EQS SUV 580 4MATIC Available to order since October 2023 F 7 V2 L H G Range* 530 km Efficiency* 223 Wh/km Weight 2,845 kg 0-100 4.7 sec 1-Stop Range 543 km Battery 118.0 kWh Fastcharge 160 kW Towing 1,800 kg Cargo Vol. 645 L Price/range* €303 /km €147,923 €173,825 £139,480",https://ev-database.org/#group=vehicle-group&rs-pr=10000_100000&rs-er=0_1000&rs-ld=0_1000&rs-ac=2_23&rs-dcfc=0_400&rs-ub=10_200&rs-tw=0_3000&rs-ef=100_350&rs-sa=-1_5&rs-w=1000_3500&rs-c=0_5000&rs-y=2010_2030&s=1&p=12-50
KGM Musso EV 4WD (MY26) Available,https://ev-database.org/car/3448/KGM-Musso-EV-4WD,360.0,351.0,224.0,80.6,100.0,8.0,2300.0,907.0,2385.0,"KGM Musso EV 4WD (MY26) Available to order since January 2026 N 5 V2 L H G Range* 360 km Efficiency* 224 Wh/km Weight 2,385 kg 0-100 8.0 sec 1-Stop Range 351 km Battery 80.6 kWh Fastcharge 100 kW Towing 2,300 kg Cargo Vol. 907 L Price/range* €135 /km €45,990 €48,294 £44,995",https://ev-database.org/#group=vehicle-group&rs-pr=10000_100000&rs-er=0_1000&rs-ld=0_1000&rs-ac=2_23&rs-dcfc=0_400&rs-ub=10_200&rs-tw=0_3000&rs-ef=100_350&rs-sa=-1_5&rs-w=1000_3500&rs-c=0_5000&rs-y=2010_2030&s=1&p=12-50
Porsche Cayenne S Coupé Electric (MY26),https://ev-database.org/car/3561/Porsche-Cayenne-S-Coupe-Electric,540.0,699.0,200.0,108.0,290.0,3.8,3000.0,624.0,2635.0,"Porsche Cayenne S Coupé Electric (MY26) Available to order since April 2026 E 5 V2 L H G Range* 540 km Efficiency* 200 Wh/km Weight 2,635 kg 0-100 3.8 sec 1-Stop Range 699 km Battery* 108.0 kWh Fastcharge 290 kW Towing 3,000 kg Cargo Vol. 624 L Price/range* €237 /km €130,300 €135,844 £103,100",https://ev-database.org/#group=vehicle-group&rs-pr=10000_100000&rs-er=0_1000&rs-ld=0_1000&rs-ac=2_23&rs-dcfc=0_400&rs-ub=10_200&rs-tw=0_3000&rs-ef=100_350&rs-sa=-1_5&rs-w=1000_3500&rs-c=0_5000&rs-y=2010_2030&s=1&p=12-50
DS Automobiles DS 3 E-Tense Available,https://ev-database.org/car/1791/DS-Automobiles-DS-3-E-Tense,300.0,322.0,169.0,50.8,79.0,9.0,0.0,350.0,1625.0,"DS Automobiles DS 3 E-Tense Available to order since November 2022 B 5 V2 L H G Range* 300 km Efficiency* 169 Wh/km Weight 1,625 kg 0-100 9.0 sec 1-Stop Range 322 km Battery 50.8 kWh Fastcharge 79 kW Towing 0 kg Cargo Vol. 350 L Price/range* €135 /km €40,540 €39,840 £35,495",https://ev-database.org/#group=vehicle-group&rs-pr=10000_100000&rs-er=0_1000&rs-ld=0_1000&rs-ac=2_23&rs-dcfc=0_400&rs-ub=10_200&rs-tw=0_3000&rs-ef=100_350&rs-sa=-1_5&rs-w=1000_3500&rs-c=0_5000&rs-y=2010_2030&s=1&p=12-50
BMW iX M70 xDrive Available to,https://ev-database.org/car/3111/BMW-iX-M70-xDrive,500.0,524.0,218.0,108.9,150.0,3.8,2500.0,500.0,2655.0,"BMW iX M70 xDrive Available to order since January 2025 E 5 V2 L H G Range* 500 km Efficiency* 218 Wh/km Weight 2,655 kg 0-100 3.8 sec 1-Stop Range 524 km Battery 108.9 kWh Fastcharge 150 kW Towing 2,500 kg Cargo Vol. 500 L Price/range* €258 /km €124,900 €131,414 £114,205",https://ev-database.org/#group=vehicle-group&rs-pr=10000_100000&rs-er=0_1000&rs-ld=0_1000&rs-ac=2_23&rs-dcfc=0_400&rs-ub=10_200&rs-tw=0_3000&rs-ef=100_350&rs-sa=-1_5&rs-w=1000_3500&rs-c=0_5000&rs-y=2010_2030&s=1&p=13-50
Škoda Enyaq RS (MY26) Discontinued (October,https://ev-database.org/car/3375/Skoda-Enyaq-RS,460.0,520.0,172.0,79.0,135.0,5.4,1800.0,585.0,2236.0,"Škoda Enyaq RS (MY26) Discontinued (October 2025 - April 2026) C 5 5 V2 L H G Range* 460 km Efficiency* 172 Wh/km Weight 2,236 kg 0-100 5.4 sec 1-Stop Range 520 km Battery 79.0 kWh Fastcharge 135 kW Towing 1,800 kg Cargo Vol. 585 L Price/range* €125 /km €58,600 €53,490 £52,470",https://ev-database.org/#group=vehicle-group&rs-pr=10000_100000&rs-er=0_1000&rs-ld=0_1000&rs-ac=2_23&rs-dcfc=0_400&rs-ub=10_200&rs-tw=0_3000&rs-ef=100_350&rs-sa=-1_5&rs-w=1000_3500&rs-c=0_5000&rs-y=2010_2030&s=1&p=13-50
Fiat 500e Hatchback 24 kWh Available,https://ev-database.org/car/1327/Fiat-500e-Hatchback-24-kWh,135.0,153.0,158.0,21.3,40.0,9.0,0.0,185.0,1255.0,"Fiat 500e Hatchback 24 kWh Available to order since November 2020 B 4 4 V2 L H G Range* 135 km Efficiency* 158 Wh/km Weight 1,255 kg 0-100 9.0 sec 1-Stop Range 153 km Battery 21.3 kWh Fastcharge 40 kW Towing 0 kg Cargo Vol. 185 L Price/range* €198 /km €30,990 €24,999 £20,995",https://ev-database.org/#group=vehicle-group&rs-pr=10000_100000&rs-er=0_1000&rs-ld=0_1000&rs-ac=2_23&rs-dcfc=0_400&rs-ub=10_200&rs-tw=0_3000&rs-ef=100_350&rs-sa=-1_5&rs-w=1000_3500&rs-c=0_5000&rs-y=2010_2030&s=1&p=13-50
Porsche Taycan GTS Discontinued (February 2022,https://ev-database.org/car/1560/Porsche-Taycan-GTS,450.0,566.0,186.0,83.7,200.0,3.7,0.0,491.0,2370.0,"Porsche Taycan GTS Discontinued (February 2022 - February 2024) F 5 5 V2 L H G Range* 450 km Efficiency* 186 Wh/km Weight 2,370 kg 0-100 3.7 sec 1-Stop Range 566 km Battery 83.7 kWh Fastcharge 200 kW Towing 0 kg Cargo Vol. 491 L Price/range* €306 /km €139,906 €146,663 £110,200",https://ev-database.org/#group=vehicle-group&rs-pr=10000_100000&rs-er=0_1000&rs-ld=0_1000&rs-ac=2_23&rs-dcfc=0_400&rs-ub=10_200&rs-tw=0_3000&rs-ef=100_350&rs-sa=-1_5&rs-w=1000_3500&rs-c=0_5000&rs-y=2010_2030&s=1&p=13-50
Hyundai Kona Electric 48 kWh (MY24-25),https://ev-database.org/car/1829/Hyundai-Kona-Electric-48-kWh,295.0,288.0,164.0,48.4,50.0,8.8,300.0,493.0,1690.0,"Hyundai Kona Electric 48 kWh (MY24-25) Discontinued (July 2023 - December 2025) B 5 4 V2 L H G Range* 295 km Efficiency* 164 Wh/km Weight 1,690 kg 0-100 8.8 sec 1-Stop Range 288 km Battery 48.4 kWh Fastcharge 50 kW Towing 300 kg Cargo Vol. 493 L Price/range* €135 /km €41,990 €36,995 £34,995",https://ev-database.org/#group=vehicle-group&rs-pr=10000_100000&rs-er=0_1000&rs-ld=0_1000&rs-ac=2_23&rs-dcfc=0_400&rs-ub=10_200&rs-tw=0_3000&rs-ef=100_350&rs-sa=-1_5&rs-w=1000_3500&rs-c=0_5000&rs-y=2010_2030&s=1&p=13-50
Mercedes-Benz EQC 400 4MATIC Discontinued (July,https://ev-database.org/car/1135/Mercedes-Benz-EQC-400-4MATIC,370.0,366.0,216.0,80.0,99.0,5.1,1800.0,500.0,2495.0,"Mercedes-Benz EQC 400 4MATIC Discontinued (July 2019 - November 2020) D 5 5 V2 L H G Range 370 km Efficiency 216 Wh/km Weight 2,495 kg 0-100 5.1 sec 1-Stop Range 366 km Battery 80.0 kWh Fastcharge 99 kW Towing 1,800 kg Cargo Vol. 500 L Price/range €201 /km €69,484 €77,935 £65,720",https://ev-database.org/#group=vehicle-group&rs-pr=10000_100000&rs-er=0_1000&rs-ld=0_1000&rs-ac=2_23&rs-dcfc=0_400&rs-ub=10_200&rs-tw=0_3000&rs-ef=100_350&rs-sa=-1_5&rs-w=1000_3500&rs-c=0_5000&rs-y=2010_2030&s=1&p=13-50
Ford Mustang Mach-E ER AWD (MY22),https://ev-database.org/car/1671/Ford-Mustang-Mach-E-ER-AWD,440.0,410.0,207.0,91.0,84.0,5.8,1000.0,619.0,2257.0,"Ford Mustang Mach-E ER AWD (MY22) Discontinued (April 2022 - November 2022) D 5 5 V2 L H G Range* 440 km Efficiency* 207 Wh/km Weight 2,257 kg 0-100 5.8 sec 1-Stop Range 410 km Battery 91.0 kWh Fastcharge 84 kW Towing 1,000 kg Cargo Vol. 619 L Price/range* €165 /km €69,700 €73,840 £65,080",https://ev-database.org/#group=vehicle-group&rs-pr=10000_100000&rs-er=0_1000&rs-ld=0_1000&rs-ac=2_23&rs-dcfc=0_400&rs-ub=10_200&rs-tw=0_3000&rs-ef=100_350&rs-sa=-1_5&rs-w=1000_3500&rs-c=0_5000&rs-y=2010_2030&s=1&p=13-50
Mercedes-Benz EQA 250 Discontinued (June 2022,https://ev-database.org/car/1697/Mercedes-Benz-EQA-250,395.0,405.0,168.0,66.5,99.0,8.6,750.0,340.0,2040.0,"Mercedes-Benz EQA 250 Discontinued (June 2022 - October 2023) C 5 5 V2 L H G Range 395 km Efficiency 168 Wh/km Weight 2,040 kg 0-100 8.6 sec 1-Stop Range 405 km Battery 66.5 kWh Fastcharge 99 kW Towing 750 kg Cargo Vol. 340 L Price/range €137 /km €50,777 €57,618 N/A",https://ev-database.org/#group=vehicle-group&rs-pr=10000_100000&rs-er=0_1000&rs-ld=0_1000&rs-ac=2_23&rs-dcfc=0_400&rs-ub=10_200&rs-tw=0_3000&rs-ef=100_350&rs-sa=-1_5&rs-w=1000_3500&rs-c=0_5000&rs-y=2010_2030&s=1&p=13-50
Toyota Proace City Verso L1 50,https://ev-database.org/car/2165/Toyota-Proace-City-Verso-L1-50-kWh,235.0,246.0,213.0,50.0,80.0,11.7,750.0,775.0,1811.0,"Toyota Proace City Verso L1 50 kWh Available to order since June 2024 N 5 V2 L H G Range* 235 km Efficiency* 213 Wh/km Weight 1,811 kg 0-100 11.7 sec 1-Stop Range 246 km Battery 50.0 kWh Fastcharge 80 kW Towing 750 kg Cargo Vol. 775 L Price/range* €164 /km €38,830 €41,995 £30,495",https://ev-database.org/#group=vehicle-group&rs-pr=10000_100000&rs-er=0_1000&rs-ld=0_1000&rs-ac=2_23&rs-dcfc=0_400&rs-ub=10_200&rs-tw=0_3000&rs-ef=100_350&rs-sa=-1_5&rs-w=1000_3500&rs-c=0_5000&rs-y=2010_2030&s=1&p=13-50
Hyundai Kona Electric 64 kWh (MY18-19),https://ev-database.org/car/1126/Hyundai-Kona-Electric-64-kWh,390.0,363.0,164.0,64.0,61.0,7.6,0.0,332.0,1760.0,"Hyundai Kona Electric 64 kWh (MY18-19) Discontinued (August 2018 - October 2019) B 5 5 V2 L H G Range 390 km Efficiency 164 Wh/km Weight 1,760 kg 0-100 7.6 sec 1-Stop Range 363 km Battery 64.0 kWh Fastcharge 61 kW Towing 0 kg Cargo Vol. 332 L Price/range €101 /km €39,000 €40,995 £32,845",https://ev-database.org/#group=vehicle-group&rs-pr=10000_100000&rs-er=0_1000&rs-ld=0_1000&rs-ac=2_23&rs-dcfc=0_400&rs-ub=10_200&rs-tw=0_3000&rs-ef=100_350&rs-sa=-1_5&rs-w=1000_3500&rs-c=0_5000&rs-y=2010_2030&s=1&p=13-50
Dacia Spring Electric 65 Discontinued (April,https://ev-database.org/car/2127/Dacia-Spring-Electric-65,160.0,149.0,156.0,25.0,29.0,,0.0,343.0,1032.0,"Dacia Spring Electric 65 Discontinued (April 2024 - December 2025) A 4 V2 L H G Range* 160 km Efficiency* 156 Wh/km Weight 1,032 kg 0-100* 13.7 sec 1-Stop Range 149 km Battery* 25.0 kWh Fastcharge 29 kW Towing 0 kg Cargo Vol. 343 L Price/range* €119 /km €18,900 €19,950 £15,995",https://ev-database.org/#group=vehicle-group&rs-pr=10000_100000&rs-er=0_1000&rs-ld=0_1000&rs-ac=2_23&rs-dcfc=0_400&rs-ub=10_200&rs-tw=0_3000&rs-ef=100_350&rs-sa=-1_5&rs-w=1000_3500&rs-c=0_5000&rs-y=2010_2030&s=1&p=13-50
Volkswagen ID.5 Pro (MY26) Discontinued (July,https://ev-database.org/car/3254/Volkswagen-ID5-Pro,455.0,508.0,169.0,77.0,120.0,6.7,1000.0,549.0,2131.0,"Volkswagen ID.5 Pro (MY26) Discontinued (July 2025 - April 2026) C 5 5 V2 L H G Range* 455 km Efficiency* 169 Wh/km Weight 2,131 kg 0-100 6.7 sec 1-Stop Range 508 km Battery 77.0 kWh Fastcharge 120 kW Towing 1,000 kg Cargo Vol. 549 L Price/range* €115 /km €51,270 €54,990 £44,400",https://ev-database.org/#group=vehicle-group&rs-pr=10000_100000&rs-er=0_1000&rs-ld=0_1000&rs-ac=2_23&rs-dcfc=0_400&rs-ub=10_200&rs-tw=0_3000&rs-ef=100_350&rs-sa=-1_5&rs-w=1000_3500&rs-c=0_5000&rs-y=2010_2030&s=1&p=13-50
CUPRA Born 150 kW - 59,https://ev-database.org/car/3262/CUPRA-Born-150-kW---59-kWh,360.0,416.0,164.0,59.0,110.0,7.7,0.0,385.0,1842.0,"CUPRA Born 150 kW - 59 kWh (MY25-26) Available to order since June 2025 C 5 5 V2 L H G Range* 360 km Efficiency* 164 Wh/km Weight 1,842 kg 0-100 7.7 sec 1-Stop Range 416 km Battery 59.0 kWh Fastcharge 110 kW Towing 0 kg Cargo Vol. 385 L Price/range* €101 /km €40,450 €31,990 N/A",https://ev-database.org/#group=vehicle-group&rs-pr=10000_100000&rs-er=0_1000&rs-ld=0_1000&rs-ac=2_23&rs-dcfc=0_400&rs-ub=10_200&rs-tw=0_3000&rs-ef=100_350&rs-sa=-1_5&rs-w=1000_3500&rs-c=0_5000&rs-y=2010_2030&s=1&p=13-50
Volkswagen ID.7 Tourer GTX (MY24-25) Discontinued,https://ev-database.org/car/2158/Volkswagen-ID7-Tourer-GTX,500.0,570.0,172.0,86.0,145.0,5.5,1200.0,605.0,2339.0,"Volkswagen ID.7 Tourer GTX (MY24-25) Discontinued (June 2024 - July 2025) E 5 5 V2 L H G Range 500 km Efficiency 172 Wh/km Weight 2,339 kg 0-100 5.5 sec 1-Stop Range 570 km Battery 86.0 kWh Fastcharge 145 kW Towing 1,200 kg Cargo Vol. 605 L Price/range €138 /km €63,955 €71,490 £62,670",https://ev-database.org/#group=vehicle-group&rs-pr=10000_100000&rs-er=0_1000&rs-ld=0_1000&rs-ac=2_23&rs-dcfc=0_400&rs-ub=10_200&rs-tw=0_3000&rs-ef=100_350&rs-sa=-1_5&rs-w=1000_3500&rs-c=0_5000&rs-y=2010_2030&s=1&p=13-50
Mercedes-Benz EQE 300 (MY22-23) Discontinued (July,https://ev-database.org/car/1713/Mercedes-Benz-EQE-300,515.0,556.0,173.0,89.0,120.0,7.3,750.0,430.0,2385.0,"Mercedes-Benz EQE 300 (MY22-23) Discontinued (July 2022 - September 2023) E 5 5 V2 L H G Range 515 km Efficiency 173 Wh/km Weight 2,385 kg 0-100 7.3 sec 1-Stop Range 556 km Battery 89.0 kWh Fastcharge 120 kW Towing 750 kg Cargo Vol. 430 L Price/range €144 /km €66,402 €71,138 £74,345",https://ev-database.org/#group=vehicle-group&rs-pr=10000_100000&rs-er=0_1000&rs-ld=0_1000&rs-ac=2_23&rs-dcfc=0_400&rs-ub=10_200&rs-tw=0_3000&rs-ef=100_350&rs-sa=-1_5&rs-w=1000_3500&rs-c=0_5000&rs-y=2010_2030&s=1&p=13-50
Zeekr 7X Core RWD (MY25) Available,https://ev-database.org/car/3081/Zeekr-7X-Core-RWD,380.0,492.0,189.0,72.0,240.0,6.0,2000.0,605.0,2395.0,"Zeekr 7X Core RWD (MY25) Available to order since May 2025 D 5 5 V2 L H G Range* 380 km Efficiency* 189 Wh/km Weight 2,395 kg 0-100 6.0 sec 1-Stop Range 492 km Battery* 72.0 kWh Fastcharge 240 kW Towing 2,000 kg Cargo Vol. 605 L Price/range* €145 /km €55,950 €53,990 N/A",https://ev-database.org/#group=vehicle-group&rs-pr=10000_100000&rs-er=0_1000&rs-ld=0_1000&rs-ac=2_23&rs-dcfc=0_400&rs-ub=10_200&rs-tw=0_3000&rs-ef=100_350&rs-sa=-1_5&rs-w=1000_3500&rs-c=0_5000&rs-y=2010_2030&s=1&p=13-50
Nissan Micra Standard Range 40 kWh,https://ev-database.org/car/3202/Nissan-Micra-Standard-Range-40-kWh,260.0,269.0,154.0,40.0,55.0,9.0,500.0,326.0,1452.0,"Nissan Micra Standard Range 40 kWh Available to order since August 2025 B 5 V2 L H G Range* 260 km Efficiency* 154 Wh/km Weight 1,452 kg 0-100 9.0 sec 1-Stop Range 269 km Battery 40.0 kWh Fastcharge 55 kW Towing 500 kg Cargo Vol. 326 L Price/range* €106 /km €27,990 €29,590 £21,495",https://ev-database.org/#group=vehicle-group&rs-pr=10000_100000&rs-er=0_1000&rs-ld=0_1000&rs-ac=2_23&rs-dcfc=0_400&rs-ub=10_200&rs-tw=0_3000&rs-ef=100_350&rs-sa=-1_5&rs-w=1000_3500&rs-c=0_5000&rs-y=2010_2030&s=1&p=13-50
Opel Mokka Electric GSE Available to,https://ev-database.org/car/3307/Opel-Mokka-Electric-GSE,280.0,297.0,181.0,50.8,79.0,5.9,0.0,310.0,1672.0,"Opel Mokka Electric GSE Available to order since September 2025 B 5 V2 L H G Range* 280 km Efficiency* 181 Wh/km Weight 1,672 kg 0-100 5.9 sec 1-Stop Range 297 km Battery 50.8 kWh Fastcharge 79 kW Towing 0 kg Cargo Vol. 310 L Price/range* €157 /km €47,300 €43,999 £35,495",https://ev-database.org/#group=vehicle-group&rs-pr=10000_100000&rs-er=0_1000&rs-ld=0_1000&rs-ac=2_23&rs-dcfc=0_400&rs-ub=10_200&rs-tw=0_3000&rs-ef=100_350&rs-sa=-1_5&rs-w=1000_3500&rs-c=0_5000&rs-y=2010_2030&s=1&p=13-50
Mercedes-Benz EQE 300 (MY23) Discontinued (June,https://ev-database.org/car/1897/Mercedes-Benz-EQE-300,525.0,566.0,170.0,89.0,120.0,7.3,750.0,430.0,2405.0,"Mercedes-Benz EQE 300 (MY23) Discontinued (June 2023 - May 2024) E 5 5 V2 L H G Range* 525 km Efficiency* 170 Wh/km Weight 2,405 kg 0-100 7.3 sec 1-Stop Range 566 km Battery 89.0 kWh Fastcharge 120 kW Towing 750 kg Cargo Vol. 430 L Price/range* €137 /km €67,187 €69,928 £68,810",https://ev-database.org/#group=vehicle-group&rs-pr=10000_100000&rs-er=0_1000&rs-ld=0_1000&rs-ac=2_23&rs-dcfc=0_400&rs-ub=10_200&rs-tw=0_3000&rs-ef=100_350&rs-sa=-1_5&rs-w=1000_3500&rs-c=0_5000&rs-y=2010_2030&s=1&p=13-50
Kia EV4 Fastback 58.3 kWh Available,https://ev-database.org/car/3121/Kia-EV4-Fastback-583-kWh,365.0,388.0,151.0,55.0,80.0,7.4,500.0,490.0,1815.0,"Kia EV4 Fastback 58.3 kWh Available to order since July 2025 C 5 V2 L H G Range* 365 km Efficiency* 151 Wh/km Weight 1,815 kg 0-100 7.4 sec 1-Stop Range 388 km Battery* 55.0 kWh Fastcharge 80 kW Towing 500 kg Cargo Vol. 490 L Price/range* €114 /km €41,490 N/A N/A",https://ev-database.org/#group=vehicle-group&rs-pr=10000_100000&rs-er=0_1000&rs-ld=0_1000&rs-ac=2_23&rs-dcfc=0_400&rs-ub=10_200&rs-tw=0_3000&rs-ef=100_350&rs-sa=-1_5&rs-w=1000_3500&rs-c=0_5000&rs-y=2010_2030&s=1&p=13-50
XPENG P7+ RWD Standard Range (MY26),https://ev-database.org/car/3431/XPENG-P7plus-RWD-Standard-Range,375.0,491.0,160.0,60.0,220.0,6.9,1500.0,573.0,2074.0,"XPENG P7+ RWD Standard Range (MY26) Available to order since January 2026 E 5 V2 L H G Range* 375 km Efficiency* 160 Wh/km Weight 2,074 kg 0-100 6.9 sec 1-Stop Range 491 km Battery* 60.0 kWh Fastcharge 220 kW Towing 1,500 kg Cargo Vol. 573 L Price/range* €124 /km €46,600 N/A N/A",https://ev-database.org/#group=vehicle-group&rs-pr=10000_100000&rs-er=0_1000&rs-ld=0_1000&rs-ac=2_23&rs-dcfc=0_400&rs-ub=10_200&rs-tw=0_3000&rs-ef=100_350&rs-sa=-1_5&rs-w=1000_3500&rs-c=0_5000&rs-y=2010_2030&s=1&p=13-50
CUPRA Raval 99 kW - 37,https://ev-database.org/car/3508/CUPRA-Raval-99-kW---37-kWh,235.0,262.0,157.0,37.0,65.0,9.9,500.0,441.0,1599.0,"CUPRA Raval 99 kW - 37 kWh Available to order since May 2026 B 5 V2 L H G Range* 235 km Efficiency* 157 Wh/km Weight 1,599 kg 0-100 9.9 sec 1-Stop Range 262 km Battery 37.0 kWh Fastcharge 65 kW Towing 500 kg Cargo Vol. 441 L Price/range* €126 /km N/A €27,990 * £26,995",https://ev-database.org/#group=vehicle-group&rs-pr=10000_100000&rs-er=0_1000&rs-ld=0_1000&rs-ac=2_23&rs-dcfc=0_400&rs-ub=10_200&rs-tw=0_3000&rs-ef=100_350&rs-sa=-1_5&rs-w=1000_3500&rs-c=0_5000&rs-y=2010_2030&s=1&p=13-50
Kia Soul EV Discontinued (October 2017,https://ev-database.org/car/1122/Kia-Soul-EV,170.0,172.0,176.0,30.0,40.0,11.2,0.0,281.0,1580.0,"Kia Soul EV Discontinued (October 2017 - April 2019) B 5 4 V2 L H G Range 170 km Efficiency 176 Wh/km Weight 1,580 kg 0-100 11.2 sec 1-Stop Range 172 km Battery 30.0 kWh Fastcharge 40 kW Towing 0 kg Cargo Vol. 281 L Price/range €190 /km €29,490 €36,335 £26,995",https://ev-database.org/#group=vehicle-group&rs-pr=10000_100000&rs-er=0_1000&rs-ld=0_1000&rs-ac=2_23&rs-dcfc=0_400&rs-ub=10_200&rs-tw=0_3000&rs-ef=100_350&rs-sa=-1_5&rs-w=1000_3500&rs-c=0_5000&rs-y=2010_2030&s=1&p=13-50
Lucid Air Grand Touring (MY23-24) Discontinued,https://ev-database.org/car/1316/Lucid-Air-Grand-Touring,665.0,757.0,168.0,112.0,174.0,3.0,0.0,910.0,2435.0,"Lucid Air Grand Touring (MY23-24) Discontinued (February 2023 - September 2024) F 5 5 V2 L H G Range* 665 km Efficiency* 168 Wh/km Weight 2,435 kg 0-100 3.0 sec 1-Stop Range 757 km Battery* 112.0 kWh Fastcharge 174 kW Towing 0 kg Cargo Vol. 910 L Price/range* €196 /km €129,000 €132,000 N/A",https://ev-database.org/#group=vehicle-group&rs-pr=10000_100000&rs-er=0_1000&rs-ld=0_1000&rs-ac=2_23&rs-dcfc=0_400&rs-ub=10_200&rs-tw=0_3000&rs-ef=100_350&rs-sa=-1_5&rs-w=1000_3500&rs-c=0_5000&rs-y=2010_2030&s=1&p=13-50
Volkswagen ID.5 Pro (MY24-25) Discontinued (October,https://ev-database.org/car/2031/Volkswagen-ID5-Pro,460.0,508.0,167.0,77.0,120.0,6.7,1000.0,549.0,2130.0,"Volkswagen ID.5 Pro (MY24-25) Discontinued (October 2023 - July 2025) C 5 5 V2 L H G Range* 460 km Efficiency* 167 Wh/km Weight 2,130 kg 0-100 6.7 sec 1-Stop Range 508 km Battery 77.0 kWh Fastcharge 120 kW Towing 1,000 kg Cargo Vol. 549 L Price/range* €117 /km €48,970 €53,990 £50,940",https://ev-database.org/#group=vehicle-group&rs-pr=10000_100000&rs-er=0_1000&rs-ld=0_1000&rs-ac=2_23&rs-dcfc=0_400&rs-ub=10_200&rs-tw=0_3000&rs-ef=100_350&rs-sa=-1_5&rs-w=1000_3500&rs-c=0_5000&rs-y=2010_2030&s=1&p=13-50
BMW iX2 eDrive20 (MY26) Available to,https://ev-database.org/car/3460/BMW-iX2-eDrive20,405.0,437.0,161.0,65.2,95.0,8.6,750.0,525.0,1960.0,"BMW iX2 eDrive20 (MY26) Available to order since February 2026 C 5 V2 L H G Range* 405 km Efficiency* 161 Wh/km Weight 1,960 kg 0-100 8.6 sec 1-Stop Range 437 km Battery 65.2 kWh Fastcharge 95 kW Towing 750 kg Cargo Vol. 525 L Price/range* €137 /km €55,100 €51,840 £51,905",https://ev-database.org/#group=vehicle-group&rs-pr=10000_100000&rs-er=0_1000&rs-ld=0_1000&rs-ac=2_23&rs-dcfc=0_400&rs-ub=10_200&rs-tw=0_3000&rs-ef=100_350&rs-sa=-1_5&rs-w=1000_3500&rs-c=0_5000&rs-y=2010_2030&s=1&p=13-50
TOGG T10F Long Range AWD Available,https://ev-database.org/car/3306/TOGG-T10F-Long-Range-AWD,465.0,505.0,183.0,85.0,115.0,4.1,0.0,505.0,2294.0,"TOGG T10F Long Range AWD Available to order since November 2025 D 5 5 V2 L H G Range* 465 km Efficiency* 183 Wh/km Weight 2,294 kg 0-100 4.1 sec 1-Stop Range 505 km Battery* 85.0 kWh Fastcharge 115 kW Towing 0 kg Cargo Vol. 505 L Price/range* €105 /km €48,600 N/A N/A",https://ev-database.org/#group=vehicle-group&rs-pr=10000_100000&rs-er=0_1000&rs-ld=0_1000&rs-ac=2_23&rs-dcfc=0_400&rs-ub=10_200&rs-tw=0_3000&rs-ef=100_350&rs-sa=-1_5&rs-w=1000_3500&rs-c=0_5000&rs-y=2010_2030&s=1&p=13-50
Polestar 3 Dual Motor (MY26) Available,https://ev-database.org/car/3327/Polestar-3-Dual-Motor,500.0,590.0,204.0,102.0,200.0,4.7,2200.0,508.0,2565.0,"Polestar 3 Dual Motor (MY26) Available to order since October 2025 E 5 V2 L H G Range* 500 km Efficiency* 204 Wh/km Weight 2,565 kg 0-100 4.7 sec 1-Stop Range 590 km Battery 102.0 kWh Fastcharge 200 kW Towing 2,200 kg Cargo Vol. 508 L Price/range* €179 /km N/A N/A £77,990",https://ev-database.org/#group=vehicle-group&rs-pr=10000_100000&rs-er=0_1000&rs-ld=0_1000&rs-ac=2_23&rs-dcfc=0_400&rs-ub=10_200&rs-tw=0_3000&rs-ef=100_350&rs-sa=-1_5&rs-w=1000_3500&rs-c=0_5000&rs-y=2010_2030&s=1&p=13-50
Volkswagen ID.5 Pro (MY27) Available to,https://ev-database.org/car/3500/Volkswagen-ID5-Pro,465.0,500.0,170.0,79.0,115.0,6.7,1000.0,539.0,2128.0,"Volkswagen ID.5 Pro (MY27) Available to order since March 2026 C 5 V2 L H G Range* 465 km Efficiency* 170 Wh/km Weight 2,128 kg 0-100 6.7 sec 1-Stop Range 500 km Battery 79.0 kWh Fastcharge 115 kW Towing 1,000 kg Cargo Vol. 539 L Price/range* €99 /km €49,455 N/A £36,995",https://ev-database.org/#group=vehicle-group&rs-pr=10000_100000&rs-er=0_1000&rs-ld=0_1000&rs-ac=2_23&rs-dcfc=0_400&rs-ub=10_200&rs-tw=0_3000&rs-ef=100_350&rs-sa=-1_5&rs-w=1000_3500&rs-c=0_5000&rs-y=2010_2030&s=1&p=13-50
Hyundai Kona Electric 39 kWh (MY20-21),https://ev-database.org/car/1239/Hyundai-Kona-Electric-39-kWh,245.0,223.0,160.0,39.2,37.0,9.9,0.0,361.0,1610.0,"Hyundai Kona Electric 39 kWh (MY20-21) Discontinued (November 2019 - October 2021) B 5 V2 L H G Range 245 km Efficiency 160 Wh/km Weight 1,610 kg 0-100 9.9 sec 1-Stop Range 223 km Battery 39.2 kWh Fastcharge 37 kW Towing 0 kg Cargo Vol. 361 L Price/range €145 /km €34,850 €36,795 £30,650",https://ev-database.org/#group=vehicle-group&rs-pr=10000_100000&rs-er=0_1000&rs-ld=0_1000&rs-ac=2_23&rs-dcfc=0_400&rs-ub=10_200&rs-tw=0_3000&rs-ef=100_350&rs-sa=-1_5&rs-w=1000_3500&rs-c=0_5000&rs-y=2010_2030&s=1&p=13-50
Peugeot e-208 50 kWh (MY25) Available,https://ev-database.org/car/3222/Peugeot-e-208-50-kWh,295.0,318.0,157.0,46.3,74.0,9.0,0.0,309.0,1530.0,"Peugeot e-208 50 kWh (MY25) Available to order since April 2025 B 5 V2 L H G Range* 295 km Efficiency* 157 Wh/km Weight 1,530 kg 0-100 9.0 sec 1-Stop Range 318 km Battery 46.3 kWh Fastcharge 74 kW Towing 0 kg Cargo Vol. 309 L Price/range* €115 /km €36,525 €32,700 £28,650",https://ev-database.org/#group=vehicle-group&rs-pr=10000_100000&rs-er=0_1000&rs-ld=0_1000&rs-ac=2_23&rs-dcfc=0_400&rs-ub=10_200&rs-tw=0_3000&rs-ef=100_350&rs-sa=-1_5&rs-w=1000_3500&rs-c=0_5000&rs-y=2010_2030&s=1&p=13-50
BMW i7 M70 xDrive (MY27) Available,https://ev-database.org/car/3558/BMW-i7-M70-xDrive,530.0,595.0,212.0,112.4,175.0,3.8,0.0,500.0,2845.0,"BMW i7 M70 xDrive (MY27) Available to order from July 2026* F 5 V2 L H G Range* 530 km Efficiency* 212 Wh/km Weight 2,845 kg 0-100 3.8 sec 1-Stop Range 595 km Battery 112.4 kWh Fastcharge 175 kW Towing 0 kg Cargo Vol. 500 L Price/range* €354 /km €182,400 * €190,000 * £165,000",https://ev-database.org/#group=vehicle-group&rs-pr=10000_100000&rs-er=0_1000&rs-ld=0_1000&rs-ac=2_23&rs-dcfc=0_400&rs-ub=10_200&rs-tw=0_3000&rs-ef=100_350&rs-sa=-1_5&rs-w=1000_3500&rs-c=0_5000&rs-y=2010_2030&s=1&p=13-50
Škoda Enyaq Coupe 85x (MY27) Available,https://ev-database.org/car/3575/Skoda-Enyaq-Coupe-85x,465.0,510.0,166.0,77.0,115.0,6.3,2000.0,591.0,2223.0,"Škoda Enyaq Coupe 85x (MY27) Available to order since April 2026 C 5 5 V2 L H G Range* 465 km Efficiency* 166 Wh/km Weight 2,223 kg 0-100 6.3 sec 1-Stop Range 510 km Battery 77.0 kWh Fastcharge 115 kW Towing 2,000 kg Cargo Vol. 591 L Price/range* €123 /km €55,950 N/A £51,170",https://ev-database.org/#group=vehicle-group&rs-pr=10000_100000&rs-er=0_1000&rs-ld=0_1000&rs-ac=2_23&rs-dcfc=0_400&rs-ub=10_200&rs-tw=0_3000&rs-ef=100_350&rs-sa=-1_5&rs-w=1000_3500&rs-c=0_5000&rs-y=2010_2030&s=1&p=13-50
Honda e Advance Discontinued (August 2020,https://ev-database.org/car/1233/Honda-e-Advance,170.0,168.0,168.0,28.5,31.0,8.3,0.0,171.0,1595.0,"Honda e Advance Discontinued (August 2020 - November 2023) B 4 4 V2 L H G Range 170 km Efficiency 168 Wh/km Weight 1,595 kg 0-100 8.3 sec 1-Stop Range 168 km Battery* 28.5 kWh Fastcharge 31 kW Towing 0 kg Cargo Vol. 171 L Price/range €242 /km €39,900 €40,615 £37,395",https://ev-database.org/#group=vehicle-group&rs-pr=10000_100000&rs-er=0_1000&rs-ld=0_1000&rs-ac=2_23&rs-dcfc=0_400&rs-ub=10_200&rs-tw=0_3000&rs-ef=100_350&rs-sa=-1_5&rs-w=1000_3500&rs-c=0_5000&rs-y=2010_2030&s=1&p=13-50
Škoda Enyaq 60 (MY24) Discontinued (September,https://ev-database.org/car/2019/Skoda-Enyaq-60,335.0,361.0,173.0,58.0,82.0,8.7,1000.0,585.0,1992.0,"Škoda Enyaq 60 (MY24) Discontinued (September 2023 - June 2024) C 5 5 V2 L H G Range* 335 km Efficiency* 173 Wh/km Weight 1,992 kg 0-100 8.7 sec 1-Stop Range 361 km Battery 58.0 kWh Fastcharge 82 kW Towing 1,000 kg Cargo Vol. 585 L Price/range* €133 /km €44,200 €44,990 £38,970",https://ev-database.org/#group=vehicle-group&rs-pr=10000_100000&rs-er=0_1000&rs-ld=0_1000&rs-ac=2_23&rs-dcfc=0_400&rs-ub=10_200&rs-tw=0_3000&rs-ef=100_350&rs-sa=-1_5&rs-w=1000_3500&rs-c=0_5000&rs-y=2010_2030&s=1&p=13-50
Porsche Taycan 4S Available to order,https://ev-database.org/car/2100/Porsche-Taycan-4S,490.0,611.0,168.0,82.3,195.0,3.7,0.0,491.0,2245.0,"Porsche Taycan 4S Available to order since February 2024 F 5 V2 L H G Range* 490 km Efficiency* 168 Wh/km Weight 2,245 kg 0-100 3.7 sec 1-Stop Range 611 km Battery 82.3 kWh Fastcharge 195 kW Towing 0 kg Cargo Vol. 491 L Price/range* €244 /km €120,900 €126,800 £95,900",https://ev-database.org/#group=vehicle-group&rs-pr=10000_100000&rs-er=0_1000&rs-ld=0_1000&rs-ac=2_23&rs-dcfc=0_400&rs-ub=10_200&rs-tw=0_3000&rs-ef=100_350&rs-sa=-1_5&rs-w=1000_3500&rs-c=0_5000&rs-y=2010_2030&s=1&p=13-50
Audi Q4 e-tron 35 (MY24) Discontinued,https://ev-database.org/car/2248/Audi-Q4-e-tron-35,285.0,324.0,182.0,52.0,90.0,9.0,1000.0,520.0,1990.0,"Audi Q4 e-tron 35 (MY24) Discontinued (July 2024 - March 2025) C 5 5 V2 L H G Range* 285 km Efficiency* 182 Wh/km Weight 1,990 kg 0-100 9.0 sec 1-Stop Range 324 km Battery 52.0 kWh Fastcharge 90 kW Towing 1,000 kg Cargo Vol. 520 L Price/range* €160 /km €45,600 N/A N/A",https://ev-database.org/#group=vehicle-group&rs-pr=10000_100000&rs-er=0_1000&rs-ld=0_1000&rs-ac=2_23&rs-dcfc=0_400&rs-ub=10_200&rs-tw=0_3000&rs-ef=100_350&rs-sa=-1_5&rs-w=1000_3500&rs-c=0_5000&rs-y=2010_2030&s=1&p=13-50
Opel Astra Electric 58 kWh (MY26),https://ev-database.org/car/3450/Opel-Astra-Electric-58-kWh,345.0,361.0,161.0,55.4,75.0,9.3,0.0,352.0,1733.0,"Opel Astra Electric 58 kWh (MY26) Available to order since January 2026 C 5 V2 L H G Range* 345 km Efficiency* 161 Wh/km Weight 1,733 kg 0-100 9.3 sec 1-Stop Range 361 km Battery 55.4 kWh Fastcharge 75 kW Towing 0 kg Cargo Vol. 352 L Price/range* €105 /km €37,990 €36,499 £29,995",https://ev-database.org/#group=vehicle-group&rs-pr=10000_100000&rs-er=0_1000&rs-ld=0_1000&rs-ac=2_23&rs-dcfc=0_400&rs-ub=10_200&rs-tw=0_3000&rs-ef=100_350&rs-sa=-1_5&rs-w=1000_3500&rs-c=0_5000&rs-y=2010_2030&s=1&p=13-50
Kia EV6 Standard Range 2WD Discontinued,https://ev-database.org/car/1480/Kia-EV6-Standard-Range-2WD,305.0,377.0,177.0,54.0,140.0,8.5,750.0,563.0,1875.0,"Kia EV6 Standard Range 2WD Discontinued (October 2021 - November 2024) C 5 5 V2 L H G Range* 305 km Efficiency* 177 Wh/km Weight 1,875 kg 0-100 8.5 sec 1-Stop Range 377 km Battery* 54.0 kWh Fastcharge 140 kW Towing 750 kg Cargo Vol. 563 L Price/range* €148 /km €46,990 €43,495 N/A",https://ev-database.org/#group=vehicle-group&rs-pr=10000_100000&rs-er=0_1000&rs-ld=0_1000&rs-ac=2_23&rs-dcfc=0_400&rs-ub=10_200&rs-tw=0_3000&rs-ef=100_350&rs-sa=-1_5&rs-w=1000_3500&rs-c=0_5000&rs-y=2010_2030&s=1&p=13-50
Audi Q8 Sportback e-tron 55 quattro,https://ev-database.org/car/1772/Audi-Q8-Sportback-e-tron-55-quattro,525.0,543.0,202.0,106.0,145.0,5.6,1800.0,590.0,2585.0,"Audi Q8 Sportback e-tron 55 quattro Discontinued (December 2022 - November 2024) E 5 5 V2 L H G Range 525 km Efficiency 202 Wh/km Weight 2,585 kg 0-100 5.6 sec 1-Stop Range 543 km Battery 106.0 kWh Fastcharge 145 kW Towing 1,800 kg Cargo Vol. 590 L Price/range €169 /km €89,550 €80,990 £83,215",https://ev-database.org/#group=vehicle-group&rs-pr=10000_100000&rs-er=0_1000&rs-ld=0_1000&rs-ac=2_23&rs-dcfc=0_400&rs-ub=10_200&rs-tw=0_3000&rs-ef=100_350&rs-sa=-1_5&rs-w=1000_3500&rs-c=0_5000&rs-y=2010_2030&s=1&p=13-50
Audi Q4 Sportback e-tron 45 quattro,https://ev-database.org/car/2017/Audi-Q4-Sportback-e-tron-45-quattro,410.0,453.0,188.0,77.0,120.0,6.6,1200.0,535.0,2235.0,"Audi Q4 Sportback e-tron 45 quattro (MY24) Available to order since September 2023 C 5 5 V2 L H G Range 410 km Efficiency 188 Wh/km Weight 2,235 kg 0-100 6.6 sec 1-Stop Range 453 km Battery 77.0 kWh Fastcharge 120 kW Towing 1,200 kg Cargo Vol. 535 L Price/range €139 /km €56,950 €51,990 £54,290",https://ev-database.org/#group=vehicle-group&rs-pr=10000_100000&rs-er=0_1000&rs-ld=0_1000&rs-ac=2_23&rs-dcfc=0_400&rs-ub=10_200&rs-tw=0_3000&rs-ef=100_350&rs-sa=-1_5&rs-w=1000_3500&rs-c=0_5000&rs-y=2010_2030&s=1&p=13-50
Audi e-tron 50 quattro Discontinued (October,https://ev-database.org/car/1660/Audi-e-tron-50-quattro,280.0,299.0,231.0,64.7,114.0,6.8,1800.0,722.0,2445.0,"Audi e-tron 50 quattro Discontinued (October 2021 - September 2022) E 5 5 V2 L H G Range 280 km Efficiency 231 Wh/km Weight 2,445 kg 0-100 6.8 sec 1-Stop Range 299 km Battery 64.7 kWh Fastcharge 114 kW Towing 1,800 kg Cargo Vol. 722 L Price/range €251 /km €69,100 N/A £62,035",https://ev-database.org/#group=vehicle-group&rs-pr=10000_100000&rs-er=0_1000&rs-ld=0_1000&rs-ac=2_23&rs-dcfc=0_400&rs-ub=10_200&rs-tw=0_3000&rs-ef=100_350&rs-sa=-1_5&rs-w=1000_3500&rs-c=0_5000&rs-y=2010_2030&s=1&p=13-50
Mercedes-Benz EQA 300 4MATIC Available to,https://ev-database.org/car/1986/Mercedes-Benz-EQA-300-4MATIC,350.0,359.0,190.0,66.5,,7.7,1800.0,340.0,2110.0,"Mercedes-Benz EQA 300 4MATIC Available to order since October 2023 C 5 V2 L H G Range* 350 km Efficiency* 190 Wh/km Weight 2,110 kg 0-100 7.7 sec 1-Stop Range 359 km Battery 66.5 kWh Fastcharge* 100 kW Towing 1,800 kg Cargo Vol. 340 L Price/range* €166 /km €53,520 €59,342 £53,010",https://ev-database.org/#group=vehicle-group&rs-pr=10000_100000&rs-er=0_1000&rs-ld=0_1000&rs-ac=2_23&rs-dcfc=0_400&rs-ub=10_200&rs-tw=0_3000&rs-ef=100_350&rs-sa=-1_5&rs-w=1000_3500&rs-c=0_5000&rs-y=2010_2030&s=1&p=13-50
Mercedes-Benz EQS AMG 53 4MATIC+ Discontinued,https://ev-database.org/car/2197/Mercedes-Benz-EQS-AMG-53-4MATICplus,585.0,619.0,202.0,118.0,160.0,3.4,1700.0,620.0,2700.0,"Mercedes-Benz EQS AMG 53 4MATIC+ Discontinued (April 2024 - May 2025) F 5 V2 L H G Range* 585 km Efficiency* 202 Wh/km Weight 2,700 kg 0-100 3.4 sec 1-Stop Range 619 km Battery 118.0 kWh Fastcharge 160 kW Towing 1,700 kg Cargo Vol. 620 L Price/range* €294 /km €155,009 €174,492 £161,860",https://ev-database.org/#group=vehicle-group&rs-pr=10000_100000&rs-er=0_1000&rs-ld=0_1000&rs-ac=2_23&rs-dcfc=0_400&rs-ub=10_200&rs-tw=0_3000&rs-ef=100_350&rs-sa=-1_5&rs-w=1000_3500&rs-c=0_5000&rs-y=2010_2030&s=1&p=13-50
Fisker Ocean One Discontinued (March 2023,https://ev-database.org/car/1712/Fisker-Ocean-One,525.0,565.0,203.0,106.5,135.0,3.9,1820.0,476.0,2509.0,"Fisker Ocean One Discontinued (March 2023 - December 2023) D 5 V2 L H G Range* 525 km Efficiency* 203 Wh/km Weight 2,509 kg 0-100 3.9 sec 1-Stop Range 565 km Battery 106.5 kWh Fastcharge 135 kW Towing 1,820 kg Cargo Vol. 476 L Price/range* €134 /km €69,950 €71,058 £60,880",https://ev-database.org/#group=vehicle-group&rs-pr=10000_100000&rs-er=0_1000&rs-ld=0_1000&rs-ac=2_23&rs-dcfc=0_400&rs-ub=10_200&rs-tw=0_3000&rs-ef=100_350&rs-sa=-1_5&rs-w=1000_3500&rs-c=0_5000&rs-y=2010_2030&s=1&p=13-50
Lexus UX 300e Discontinued (April 2023,https://ev-database.org/car/1943/Lexus-UX-300e,340.0,291.0,188.0,64.0,35.0,7.5,0.0,316.0,1850.0,"Lexus UX 300e Discontinued (April 2023 - December 2025) C 5 5 V2 L H G Range* 340 km Efficiency* 188 Wh/km Weight 1,850 kg 0-100 7.5 sec 1-Stop Range 291 km Battery* 64.0 kWh Fastcharge 35 kW Towing 0 kg Cargo Vol. 316 L Price/range* €135 /km N/A N/A £39,995",https://ev-database.org/#group=vehicle-group&rs-pr=10000_100000&rs-er=0_1000&rs-ld=0_1000&rs-ac=2_23&rs-dcfc=0_400&rs-ub=10_200&rs-tw=0_3000&rs-ef=100_350&rs-sa=-1_5&rs-w=1000_3500&rs-c=0_5000&rs-y=2010_2030&s=1&p=13-50
Volvo XC40 Recharge Twin Motor (MY24),https://ev-database.org/car/1798/Volvo-XC40-Recharge-Twin-Motor,385.0,414.0,205.0,79.0,110.0,4.8,1800.0,441.0,2170.0,"Volvo XC40 Recharge Twin Motor (MY24) Discontinued (December 2022 - March 2024) C 5 V2 L H G Range* 385 km Efficiency* 205 Wh/km Weight 2,170 kg 0-100 4.8 sec 1-Stop Range 414 km Battery 79.0 kWh Fastcharge 110 kW Towing 1,800 kg Cargo Vol. 441 L Price/range* €155 /km €59,950 €59,995 £51,755",https://ev-database.org/#group=vehicle-group&rs-pr=10000_100000&rs-er=0_1000&rs-ld=0_1000&rs-ac=2_23&rs-dcfc=0_400&rs-ub=10_200&rs-tw=0_3000&rs-ef=100_350&rs-sa=-1_5&rs-w=1000_3500&rs-c=0_5000&rs-y=2010_2030&s=1&p=13-50
Zeekr X Core RWD (MY25) Available,https://ev-database.org/car/3197/Zeekr-X-Core-RWD,270.0,299.0,181.0,49.0,80.0,5.9,1600.0,383.0,1930.0,"Zeekr X Core RWD (MY25) Available to order since May 2025 B 5 5 V2 L H G Range* 270 km Efficiency* 181 Wh/km Weight 1,930 kg 0-100 5.9 sec 1-Stop Range 299 km Battery 49.0 kWh Fastcharge 80 kW Towing 1,600 kg Cargo Vol. 383 L Price/range* €144 /km €38,950 €38,990 N/A",https://ev-database.org/#group=vehicle-group&rs-pr=10000_100000&rs-er=0_1000&rs-ld=0_1000&rs-ac=2_23&rs-dcfc=0_400&rs-ub=10_200&rs-tw=0_3000&rs-ef=100_350&rs-sa=-1_5&rs-w=1000_3500&rs-c=0_5000&rs-y=2010_2030&s=1&p=13-50
Peugeot e-208 51 kWh (MY23) Discontinued,https://ev-database.org/car/1836/Peugeot-e-208-51-kWh,305.0,329.0,158.0,48.1,76.0,8.2,0.0,265.0,1530.0,"Peugeot e-208 51 kWh (MY23) Discontinued (November 2022 - April 2023) B 5 4 V2 L H G Range* 305 km Efficiency* 158 Wh/km Weight 1,530 kg 0-100 8.2 sec 1-Stop Range 329 km Battery 48.1 kWh Fastcharge 76 kW Towing 0 kg Cargo Vol. 265 L Price/range* €133 /km €41,850 €39,870 £34,955",https://ev-database.org/#group=vehicle-group&rs-pr=10000_100000&rs-er=0_1000&rs-ld=0_1000&rs-ac=2_23&rs-dcfc=0_400&rs-ub=10_200&rs-tw=0_3000&rs-ef=100_350&rs-sa=-1_5&rs-w=1000_3500&rs-c=0_5000&rs-y=2010_2030&s=1&p=13-50
Škoda Enyaq Coupe 85 (MY25) Discontinued,https://ev-database.org/car/3100/Skoda-Enyaq-Coupe-85,470.0,493.0,164.0,77.0,120.0,6.7,1000.0,570.0,2140.0,"Škoda Enyaq Coupe 85 (MY25) Discontinued (January 2025 - April 2026) C 5 5 V2 L H G Range* 470 km Efficiency* 164 Wh/km Weight 2,140 kg 0-100 6.7 sec 1-Stop Range 493 km Battery 77.0 kWh Fastcharge 120 kW Towing 1,000 kg Cargo Vol. 570 L Price/range* €107 /km €51,150 €47,990 £45,220",https://ev-database.org/#group=vehicle-group&rs-pr=10000_100000&rs-er=0_1000&rs-ld=0_1000&rs-ac=2_23&rs-dcfc=0_400&rs-ub=10_200&rs-tw=0_3000&rs-ef=100_350&rs-sa=-1_5&rs-w=1000_3500&rs-c=0_5000&rs-y=2010_2030&s=1&p=13-50
Kia e-Niro 64 kWh Discontinued (December,https://ev-database.org/car/1125/Kia-e-Niro-64-kWh,375.0,349.0,171.0,64.0,61.0,7.8,0.0,451.0,1812.0,"Kia e-Niro 64 kWh Discontinued (December 2018 - July 2020) C 5 4 V2 L H G Range 375 km Efficiency 171 Wh/km Weight 1,812 kg 0-100 7.8 sec 1-Stop Range 349 km Battery 64.0 kWh Fastcharge 61 kW Towing 0 kg Cargo Vol. 451 L Price/range €106 /km €39,090 €42,510 £32,995",https://ev-database.org/#group=vehicle-group&rs-pr=10000_100000&rs-er=0_1000&rs-ld=0_1000&rs-ac=2_23&rs-dcfc=0_400&rs-ub=10_200&rs-tw=0_3000&rs-ef=100_350&rs-sa=-1_5&rs-w=1000_3500&rs-c=0_5000&rs-y=2010_2030&s=1&p=14-50
Dacia Spring Electric Discontinued (June 2021,https://ev-database.org/car/1319/Dacia-Spring-Electric,160.0,151.0,156.0,25.0,29.0,19.1,0.0,300.0,1020.0,"Dacia Spring Electric Discontinued (June 2021 - November 2021) A 4 1 V2 L H G Range* 160 km Efficiency* 156 Wh/km Weight 1,020 kg 0-100 19.1 sec 1-Stop Range 151 km Battery* 25.0 kWh Fastcharge 29 kW Towing 0 kg Cargo Vol. 300 L Price/range* €120 /km €20,490 €17,890 N/A",https://ev-database.org/#group=vehicle-group&rs-pr=10000_100000&rs-er=0_1000&rs-ld=0_1000&rs-ac=2_23&rs-dcfc=0_400&rs-ub=10_200&rs-tw=0_3000&rs-ef=100_350&rs-sa=-1_5&rs-w=1000_3500&rs-c=0_5000&rs-y=2010_2030&s=1&p=14-50
BYD SEAL 61.4 kWh RWD Comfort,https://ev-database.org/car/3517/BYD-SEAL-614-kWh-RWD-Comfort,365.0,384.0,168.0,61.4,75.0,7.5,750.0,557.0,2045.0,"BYD SEAL 61.4 kWh RWD Comfort (MY26) Available to order since March 2026 D 5 5 V2 L H G Range* 365 km Efficiency* 168 Wh/km Weight 2,045 kg 0-100 7.5 sec 1-Stop Range 384 km Battery 61.4 kWh Fastcharge 75 kW Towing 750 kg Cargo Vol. 557 L Price/range* €131 /km €47,990 N/A N/A",https://ev-database.org/#group=vehicle-group&rs-pr=10000_100000&rs-er=0_1000&rs-ld=0_1000&rs-ac=2_23&rs-dcfc=0_400&rs-ub=10_200&rs-tw=0_3000&rs-ef=100_350&rs-sa=-1_5&rs-w=1000_3500&rs-c=0_5000&rs-y=2010_2030&s=1&p=14-50
Škoda Enyaq 85x (MY24) Discontinued (September,https://ev-database.org/car/2021/Skoda-Enyaq-85x,440.0,485.0,175.0,77.0,120.0,6.6,1200.0,585.0,2213.0,"Škoda Enyaq 85x (MY24) Discontinued (September 2023 - January 2025) C 5 5 V2 L H G Range* 440 km Efficiency* 175 Wh/km Weight 2,213 kg 0-100 6.6 sec 1-Stop Range 485 km Battery 77.0 kWh Fastcharge 120 kW Towing 1,200 kg Cargo Vol. 585 L Price/range* €122 /km €51,150 N/A £48,605",https://ev-database.org/#group=vehicle-group&rs-pr=10000_100000&rs-er=0_1000&rs-ld=0_1000&rs-ac=2_23&rs-dcfc=0_400&rs-ub=10_200&rs-tw=0_3000&rs-ef=100_350&rs-sa=-1_5&rs-w=1000_3500&rs-c=0_5000&rs-y=2010_2030&s=1&p=14-50
Nissan Townstar EV Passenger Available to,https://ev-database.org/car/2042/Nissan-Townstar-EV-Passenger,225.0,221.0,200.0,45.0,50.0,12.6,1500.0,819.0,1872.0,"Nissan Townstar EV Passenger Available to order since October 2023 N 5 V2 L H G Range* 225 km Efficiency* 200 Wh/km Weight 1,872 kg 0-100 12.6 sec 1-Stop Range 221 km Battery 45.0 kWh Fastcharge 50 kW Towing 1,500 kg Cargo Vol. 819 L Price/range* €178 /km €39,990 N/A N/A",https://ev-database.org/#group=vehicle-group&rs-pr=10000_100000&rs-er=0_1000&rs-ld=0_1000&rs-ac=2_23&rs-dcfc=0_400&rs-ub=10_200&rs-tw=0_3000&rs-ef=100_350&rs-sa=-1_5&rs-w=1000_3500&rs-c=0_5000&rs-y=2010_2030&s=1&p=14-50
Ford Mustang Mach-E GT (MY25) Available,https://ev-database.org/car/3190/Ford-Mustang-Mach-E-GT,435.0,441.0,209.0,91.0,115.0,3.8,750.0,619.0,2343.0,"Ford Mustang Mach-E GT (MY25) Available to order since April 2025 D 5 5 V2 L H G Range* 435 km Efficiency* 209 Wh/km Weight 2,343 kg 0-100 3.8 sec 1-Stop Range 441 km Battery 91.0 kWh Fastcharge 115 kW Towing 750 kg Cargo Vol. 619 L Price/range* €178 /km €78,000 €68,400 £74,550",https://ev-database.org/#group=vehicle-group&rs-pr=10000_100000&rs-er=0_1000&rs-ld=0_1000&rs-ac=2_23&rs-dcfc=0_400&rs-ub=10_200&rs-tw=0_3000&rs-ef=100_350&rs-sa=-1_5&rs-w=1000_3500&rs-c=0_5000&rs-y=2010_2030&s=1&p=14-50
Ford Mustang Mach-E ER AWD (MY25),https://ev-database.org/car/3189/Ford-Mustang-Mach-E-ER-AWD,435.0,441.0,202.0,88.0,105.0,4.8,1500.0,619.0,2245.0,"Ford Mustang Mach-E ER AWD (MY25) Available to order since April 2025 D 5 5 V2 L H G Range* 435 km Efficiency* 202 Wh/km Weight 2,245 kg 0-100 4.8 sec 1-Stop Range 441 km Battery 88.0 kWh Fastcharge 105 kW Towing 1,500 kg Cargo Vol. 619 L Price/range* €158 /km €66,600 €64,400 £65,415",https://ev-database.org/#group=vehicle-group&rs-pr=10000_100000&rs-er=0_1000&rs-ld=0_1000&rs-ac=2_23&rs-dcfc=0_400&rs-ub=10_200&rs-tw=0_3000&rs-ef=100_350&rs-sa=-1_5&rs-w=1000_3500&rs-c=0_5000&rs-y=2010_2030&s=1&p=14-50
Volvo C40 Recharge Single Motor ER,https://ev-database.org/car/1800/Volvo-C40-Recharge-Single-Motor-ER,420.0,454.0,188.0,79.0,110.0,7.3,1500.0,450.0,2095.0,"Volvo C40 Recharge Single Motor ER (MY24) Discontinued (December 2022 - February 2024) C 5 V2 L H G Range* 420 km Efficiency* 188 Wh/km Weight 2,095 kg 0-100 7.3 sec 1-Stop Range 454 km Battery 79.0 kWh Fastcharge 110 kW Towing 1,500 kg Cargo Vol. 450 L Price/range* €128 /km €54,450 €52,995 N/A",https://ev-database.org/#group=vehicle-group&rs-pr=10000_100000&rs-er=0_1000&rs-ld=0_1000&rs-ac=2_23&rs-dcfc=0_400&rs-ub=10_200&rs-tw=0_3000&rs-ef=100_350&rs-sa=-1_5&rs-w=1000_3500&rs-c=0_5000&rs-y=2010_2030&s=1&p=14-50
Polestar 2 Standard Range Single Motor,https://ev-database.org/car/3150/Polestar-2-Standard-Range-Single-Motor,405.0,454.0,165.0,67.0,100.0,6.4,1500.0,448.0,2020.0,"Polestar 2 Standard Range Single Motor (MY26) Available to order since April 2025 D 5 5 V2 L H G Range* 405 km Efficiency* 165 Wh/km Weight 2,020 kg 0-100 6.4 sec 1-Stop Range 454 km Battery 67.0 kWh Fastcharge 100 kW Towing 1,500 kg Cargo Vol. 448 L Price/range* €120 /km €48,990 €44,950 £45,160",https://ev-database.org/#group=vehicle-group&rs-pr=10000_100000&rs-er=0_1000&rs-ld=0_1000&rs-ac=2_23&rs-dcfc=0_400&rs-ub=10_200&rs-tw=0_3000&rs-ef=100_350&rs-sa=-1_5&rs-w=1000_3500&rs-c=0_5000&rs-y=2010_2030&s=1&p=14-50
MG IM6 Performance Available to order,https://ev-database.org/car/3248/MG-IM6-Performance,440.0,554.0,219.0,96.5,250.0,3.5,,697.0,2410.0,"MG IM6 Performance Available to order since July 2025 D 5 5 V2 L H G Range 440 km Efficiency 219 Wh/km Weight 2,410 kg 0-100 3.5 sec 1-Stop Range 554 km Battery 96.5 kWh Fastcharge 250 kW Towing unknown Cargo Vol. 697 L Price/range €133 /km N/A N/A £50,995",https://ev-database.org/#group=vehicle-group&rs-pr=10000_100000&rs-er=0_1000&rs-ld=0_1000&rs-ac=2_23&rs-dcfc=0_400&rs-ub=10_200&rs-tw=0_3000&rs-ef=100_350&rs-sa=-1_5&rs-w=1000_3500&rs-c=0_5000&rs-y=2010_2030&s=1&p=14-50
TOGG T10X Long Range AWD Available,https://ev-database.org/car/3303/TOGG-T10X-Long-Range-AWD,420.0,444.0,202.0,85.0,115.0,4.8,0.0,441.0,2283.0,"TOGG T10X Long Range AWD Available to order since November 2025 C 5 5 V2 L H G Range* 420 km Efficiency* 202 Wh/km Weight 2,283 kg 0-100 4.8 sec 1-Stop Range 444 km Battery* 85.0 kWh Fastcharge 115 kW Towing 0 kg Cargo Vol. 441 L Price/range* €117 /km €49,200 N/A N/A",https://ev-database.org/#group=vehicle-group&rs-pr=10000_100000&rs-er=0_1000&rs-ld=0_1000&rs-ac=2_23&rs-dcfc=0_400&rs-ub=10_200&rs-tw=0_3000&rs-ef=100_350&rs-sa=-1_5&rs-w=1000_3500&rs-c=0_5000&rs-y=2010_2030&s=1&p=14-50
Tesla Model S P90D Discontinued (July,https://ev-database.org/car/1037/Tesla-Model-S-P90D,415.0,408.0,206.0,85.5,90.0,3.3,,895.0,2262.0,"Tesla Model S P90D Discontinued (July 2015 - April 2016) F 5 5 V2 L H G Range* 415 km Efficiency* 206 Wh/km Weight 2,262 kg 0-100 3.3 sec 1-Stop Range 408 km Battery* 85.5 kWh Fastcharge 90 kW Towing unknown Cargo Vol. 895 L Price/range* €292 /km €120,300 €122,400 N/A",https://ev-database.org/#group=vehicle-group&rs-pr=10000_100000&rs-er=0_1000&rs-ld=0_1000&rs-ac=2_23&rs-dcfc=0_400&rs-ub=10_200&rs-tw=0_3000&rs-ef=100_350&rs-sa=-1_5&rs-w=1000_3500&rs-c=0_5000&rs-y=2010_2030&s=1&p=14-50
VinFast VF 8 Eco Extended Range,https://ev-database.org/car/1807/VinFast-VF-8-Eco-Extended-Range,405.0,411.0,217.0,87.7,105.0,5.9,1800.0,376.0,2530.0,"VinFast VF 8 Eco Extended Range Available to order since November 2023 D 5 5 V2 L H G Range* 405 km Efficiency* 217 Wh/km Weight 2,530 kg 0-100 5.9 sec 1-Stop Range 411 km Battery 87.7 kWh Fastcharge 105 kW Towing 1,800 kg Cargo Vol. 376 L Price/range* €128 /km €52,990 €50,690 N/A",https://ev-database.org/#group=vehicle-group&rs-pr=10000_100000&rs-er=0_1000&rs-ld=0_1000&rs-ac=2_23&rs-dcfc=0_400&rs-ub=10_200&rs-tw=0_3000&rs-ef=100_350&rs-sa=-1_5&rs-w=1000_3500&rs-c=0_5000&rs-y=2010_2030&s=1&p=14-50
Volkswagen ID.5 GTX (MY24-25) Discontinued (October,https://ev-database.org/car/2033/Volkswagen-ID5-GTX,430.0,477.0,179.0,77.0,120.0,5.5,1200.0,549.0,2242.0,"Volkswagen ID.5 GTX (MY24-25) Discontinued (October 2023 - July 2025) C 5 5 V2 L H G Range* 430 km Efficiency* 179 Wh/km Weight 2,242 kg 0-100 5.5 sec 1-Stop Range 477 km Battery 77.0 kWh Fastcharge 120 kW Towing 1,200 kg Cargo Vol. 549 L Price/range* €141 /km €56,455 €61,490 £55,365",https://ev-database.org/#group=vehicle-group&rs-pr=10000_100000&rs-er=0_1000&rs-ld=0_1000&rs-ac=2_23&rs-dcfc=0_400&rs-ub=10_200&rs-tw=0_3000&rs-ef=100_350&rs-sa=-1_5&rs-w=1000_3500&rs-c=0_5000&rs-y=2010_2030&s=1&p=14-50
Kia Soul EV Discontinued (September 2014,https://ev-database.org/car/1012/Kia-Soul-EV,155.0,162.0,174.0,27.0,40.0,11.2,0.0,281.0,1565.0,"Kia Soul EV Discontinued (September 2014 - October 2017) B 5 4 V2 L H G Range 155 km Efficiency 174 Wh/km Weight 1,565 kg 0-100 11.2 sec 1-Stop Range 162 km Battery 27.0 kWh Fastcharge 40 kW Towing 0 kg Cargo Vol. 281 L Price/range €199 /km €28,890 €34,455 £25,495",https://ev-database.org/#group=vehicle-group&rs-pr=10000_100000&rs-er=0_1000&rs-ld=0_1000&rs-ac=2_23&rs-dcfc=0_400&rs-ub=10_200&rs-tw=0_3000&rs-ef=100_350&rs-sa=-1_5&rs-w=1000_3500&rs-c=0_5000&rs-y=2010_2030&s=1&p=14-50
Polestar 2 Standard Range Single Motor,https://ev-database.org/car/1654/Polestar-2-Standard-Range-Single-Motor,375.0,414.0,176.0,66.0,113.0,7.4,1500.0,440.0,2013.0,"Polestar 2 Standard Range Single Motor (MY22-23) Discontinued (March 2022 - October 2022) D 5 5 V2 L H G Range* 375 km Efficiency* 176 Wh/km Weight 2,013 kg 0-100 7.4 sec 1-Stop Range 414 km Battery 66.0 kWh Fastcharge 113 kW Towing 1,500 kg Cargo Vol. 440 L Price/range* €129 /km €47,295 €48,200 £43,150",https://ev-database.org/#group=vehicle-group&rs-pr=10000_100000&rs-er=0_1000&rs-ld=0_1000&rs-ac=2_23&rs-dcfc=0_400&rs-ub=10_200&rs-tw=0_3000&rs-ef=100_350&rs-sa=-1_5&rs-w=1000_3500&rs-c=0_5000&rs-y=2010_2030&s=1&p=14-50
Smart #1 Premium (MY23) Available to,https://ev-database.org/car/2053/Smart-1-Premium,335.0,357.0,185.0,62.0,90.0,6.7,1600.0,338.0,1875.0,"Smart #1 Premium (MY23) Available to order since June 2023 B 5 5 V2 L H G Range* 335 km Efficiency* 185 Wh/km Weight 1,875 kg 0-100 6.7 sec 1-Stop Range 357 km Battery 62.0 kWh Fastcharge 90 kW Towing 1,600 kg Cargo Vol. 338 L Price/range* €132 /km €44,990 €42,500 £39,660",https://ev-database.org/#group=vehicle-group&rs-pr=10000_100000&rs-er=0_1000&rs-ld=0_1000&rs-ac=2_23&rs-dcfc=0_400&rs-ub=10_200&rs-tw=0_3000&rs-ef=100_350&rs-sa=-1_5&rs-w=1000_3500&rs-c=0_5000&rs-y=2010_2030&s=1&p=14-50
Mercedes-Benz EQE 350 4MATIC (MY25) Available,https://ev-database.org/car/3241/Mercedes-Benz-EQE-350-4MATIC,515.0,564.0,176.0,90.6,141.0,5.9,1700.0,430.0,2475.0,"Mercedes-Benz EQE 350 4MATIC (MY25) Available to order since April 2025 E 5 5 V2 L H G Range* 515 km Efficiency* 176 Wh/km Weight 2,475 kg 0-100 5.9 sec 1-Stop Range 564 km Battery 90.6 kWh Fastcharge 141 kW Towing 1,700 kg Cargo Vol. 430 L Price/range* €150 /km €74,149 €78,076 £69,365",https://ev-database.org/#group=vehicle-group&rs-pr=10000_100000&rs-er=0_1000&rs-ld=0_1000&rs-ac=2_23&rs-dcfc=0_400&rs-ub=10_200&rs-tw=0_3000&rs-ef=100_350&rs-sa=-1_5&rs-w=1000_3500&rs-c=0_5000&rs-y=2010_2030&s=1&p=14-50
Lucid Air Touring (MY26) Available to,https://ev-database.org/car/3272/Lucid-Air-Touring,600.0,698.0,160.0,96.0,160.0,3.6,0.0,910.0,2337.0,"Lucid Air Touring (MY26) Available to order since August 2025 F 5 5 V2 L H G Range* 600 km Efficiency* 160 Wh/km Weight 2,337 kg 0-100 3.6 sec 1-Stop Range 698 km Battery* 96.0 kWh Fastcharge 160 kW Towing 0 kg Cargo Vol. 910 L Price/range* €169 /km €99,900 €102,900 N/A",https://ev-database.org/#group=vehicle-group&rs-pr=10000_100000&rs-er=0_1000&rs-ld=0_1000&rs-ac=2_23&rs-dcfc=0_400&rs-ub=10_200&rs-tw=0_3000&rs-ef=100_350&rs-sa=-1_5&rs-w=1000_3500&rs-c=0_5000&rs-y=2010_2030&s=1&p=14-50
Opel Astra Sports Tourer Electric 58,https://ev-database.org/car/3451/Opel-Astra-Sports-Tourer-Electric-58-kWh,335.0,351.0,165.0,55.4,75.0,9.5,0.0,516.0,1765.0,"Opel Astra Sports Tourer Electric 58 kWh (MY26) Available to order since January 2026 C 5 V2 L H G Range* 335 km Efficiency* 165 Wh/km Weight 1,765 kg 0-100 9.5 sec 1-Stop Range 351 km Battery 55.4 kWh Fastcharge 75 kW Towing 0 kg Cargo Vol. 516 L Price/range* €111 /km €39,490 €37,499 £29,995",https://ev-database.org/#group=vehicle-group&rs-pr=10000_100000&rs-er=0_1000&rs-ld=0_1000&rs-ac=2_23&rs-dcfc=0_400&rs-ub=10_200&rs-tw=0_3000&rs-ef=100_350&rs-sa=-1_5&rs-w=1000_3500&rs-c=0_5000&rs-y=2010_2030&s=1&p=14-50
Audi e-tron 55 quattro Discontinued (March,https://ev-database.org/car/1092/Audi-e-tron-55-quattro,365.0,384.0,237.0,86.5,147.0,5.7,1800.0,722.0,2565.0,"Audi e-tron 55 quattro Discontinued (March 2019 - November 2019) E 5 5 V2 L H G Range 365 km Efficiency 237 Wh/km Weight 2,565 kg 0-100 5.7 sec 1-Stop Range 384 km Battery 86.5 kWh Fastcharge 147 kW Towing 1,800 kg Cargo Vol. 722 L Price/range €222 /km €80,900 €84,100 £68,060",https://ev-database.org/#group=vehicle-group&rs-pr=10000_100000&rs-er=0_1000&rs-ld=0_1000&rs-ac=2_23&rs-dcfc=0_400&rs-ub=10_200&rs-tw=0_3000&rs-ef=100_350&rs-sa=-1_5&rs-w=1000_3500&rs-c=0_5000&rs-y=2010_2030&s=1&p=14-50
Maserati GranCabrio Folgore Available to order,https://ev-database.org/car/2187/Maserati-GranCabrio-Folgore,395.0,489.0,210.0,83.0,190.0,2.8,,151.0,2415.0,"Maserati GranCabrio Folgore Available to order since October 2024 F 4 V2 L H G Range* 395 km Efficiency* 210 Wh/km Weight 2,415 kg 0-100 2.8 sec 1-Stop Range 489 km Battery 83.0 kWh Fastcharge 190 kW Towing unknown Cargo Vol. 151 L Price/range* €530 /km €206,713 €208,250 £185,610",https://ev-database.org/#group=vehicle-group&rs-pr=10000_100000&rs-er=0_1000&rs-ld=0_1000&rs-ac=2_23&rs-dcfc=0_400&rs-ub=10_200&rs-tw=0_3000&rs-ef=100_350&rs-sa=-1_5&rs-w=1000_3500&rs-c=0_5000&rs-y=2010_2030&s=1&p=14-50
XPENG G9 RWD Standard Range (MY24),https://ev-database.org/car/1824/XPENG-G9-RWD-Standard-Range,395.0,478.0,192.0,75.8,170.0,6.4,1500.0,731.0,2285.0,"XPENG G9 RWD Standard Range (MY24) Discontinued (February 2023 - August 2025) E 5 5 V2 L H G Range* 395 km Efficiency* 192 Wh/km Weight 2,285 kg 0-100 6.4 sec 1-Stop Range 478 km Battery 75.8 kWh Fastcharge 170 kW Towing 1,500 kg Cargo Vol. 731 L Price/range* €150 /km €59,600 €59,188 N/A",https://ev-database.org/#group=vehicle-group&rs-pr=10000_100000&rs-er=0_1000&rs-ld=0_1000&rs-ac=2_23&rs-dcfc=0_400&rs-ub=10_200&rs-tw=0_3000&rs-ef=100_350&rs-sa=-1_5&rs-w=1000_3500&rs-c=0_5000&rs-y=2010_2030&s=1&p=14-50
Peugeot e-2008 50 kWh (MY24-25) Discontinued,https://ev-database.org/car/1946/Peugeot-e-2008-50-kWh,270.0,292.0,171.0,46.3,74.0,9.9,0.0,434.0,1623.0,"Peugeot e-2008 50 kWh (MY24-25) Discontinued (August 2023 - August 2025) B 5 V2 L H G Range* 270 km Efficiency* 171 Wh/km Weight 1,623 kg 0-100 9.9 sec 1-Stop Range 292 km Battery 46.3 kWh Fastcharge 74 kW Towing 0 kg Cargo Vol. 434 L Price/range* €142 /km €39,000 €39,270 £32,300",https://ev-database.org/#group=vehicle-group&rs-pr=10000_100000&rs-er=0_1000&rs-ld=0_1000&rs-ac=2_23&rs-dcfc=0_400&rs-ub=10_200&rs-tw=0_3000&rs-ef=100_350&rs-sa=-1_5&rs-w=1000_3500&rs-c=0_5000&rs-y=2010_2030&s=1&p=14-50
Mercedes-Benz EQS 450 4MATIC Discontinued (April,https://ev-database.org/car/2194/Mercedes-Benz-EQS-450-4MATIC,655.0,704.0,180.0,118.0,160.0,5.7,1700.0,620.0,2655.0,"Mercedes-Benz EQS 450 4MATIC Discontinued (April 2024 - April 2026) F 5 V2 L H G Range* 655 km Efficiency* 180 Wh/km Weight 2,655 kg 0-100 5.7 sec 1-Stop Range 704 km Battery 118.0 kWh Fastcharge 160 kW Towing 1,700 kg Cargo Vol. 620 L Price/range* €185 /km €113,359 €117,622 £115,920",https://ev-database.org/#group=vehicle-group&rs-pr=10000_100000&rs-er=0_1000&rs-ld=0_1000&rs-ac=2_23&rs-dcfc=0_400&rs-ub=10_200&rs-tw=0_3000&rs-ef=100_350&rs-sa=-1_5&rs-w=1000_3500&rs-c=0_5000&rs-y=2010_2030&s=1&p=14-50
Volvo EX30 P3 (MY27) Available to,https://ev-database.org/car/3477/Volvo-EX30-P3,275.0,306.0,178.0,49.0,80.0,8.6,1000.0,325.0,1840.0,"Volvo EX30 P3 (MY27) Available to order since February 2026 B 5 5 V2 L H G Range* 275 km Efficiency* 178 Wh/km Weight 1,840 kg 0-100 8.6 sec 1-Stop Range 306 km Battery 49.0 kWh Fastcharge 80 kW Towing 1,000 kg Cargo Vol. 325 L Price/range* €120 /km N/A €32,995 N/A",https://ev-database.org/#group=vehicle-group&rs-pr=10000_100000&rs-er=0_1000&rs-ld=0_1000&rs-ac=2_23&rs-dcfc=0_400&rs-ub=10_200&rs-tw=0_3000&rs-ef=100_350&rs-sa=-1_5&rs-w=1000_3500&rs-c=0_5000&rs-y=2010_2030&s=1&p=14-50
Nissan e-NV200 Evalia Discontinued (April 2014,https://ev-database.org/car/1021/Nissan-e-NV200-Evalia,105.0,111.0,210.0,22.0,34.0,14.0,,2000.0,1614.0,"Nissan e-NV200 Evalia Discontinued (April 2014 - August 2018) N 7 3 V2 L H G Range 105 km Efficiency 210 Wh/km Weight 1,614 kg 0-100 14.0 sec 1-Stop Range 111 km Battery* 22.0 kWh Fastcharge 34 kW Towing unknown Cargo Vol. 2,000 L Price/range €332 /km €37,602 €38,950 £24,407",https://ev-database.org/#group=vehicle-group&rs-pr=10000_100000&rs-er=0_1000&rs-ld=0_1000&rs-ac=2_23&rs-dcfc=0_400&rs-ub=10_200&rs-tw=0_3000&rs-ef=100_350&rs-sa=-1_5&rs-w=1000_3500&rs-c=0_5000&rs-y=2010_2030&s=1&p=14-50
Mercedes-Benz EQB 300 4MATIC Discontinued (February,https://ev-database.org/car/1559/Mercedes-Benz-EQB-300-4MATIC,340.0,350.0,196.0,66.5,99.0,8.0,0.0,495.0,2175.0,"Mercedes-Benz EQB 300 4MATIC Discontinued (February 2022 - November 2023) C 7 5 V2 L H G Range 340 km Efficiency 196 Wh/km Weight 2,175 kg 0-100 8.0 sec 1-Stop Range 350 km Battery 66.5 kWh Fastcharge 99 kW Towing 0 kg Cargo Vol. 495 L Price/range €181 /km €55,519 €65,483 £55,310",https://ev-database.org/#group=vehicle-group&rs-pr=10000_100000&rs-er=0_1000&rs-ld=0_1000&rs-ac=2_23&rs-dcfc=0_400&rs-ub=10_200&rs-tw=0_3000&rs-ef=100_350&rs-sa=-1_5&rs-w=1000_3500&rs-c=0_5000&rs-y=2010_2030&s=1&p=14-50
Audi e-tron S Sportback Discontinued (October,https://ev-database.org/car/1659/Audi-e-tron-S-Sportback,330.0,348.0,262.0,86.5,147.0,4.5,1800.0,677.0,2730.0,"Audi e-tron S Sportback Discontinued (October 2021 - November 2022) E 5 5 V2 L H G Range 330 km Efficiency 262 Wh/km Weight 2,730 kg 0-100 4.5 sec 1-Stop Range 348 km Battery 86.5 kWh Fastcharge 147 kW Towing 1,800 kg Cargo Vol. 677 L Price/range €292 /km €96,050 €88,815 £90,235",https://ev-database.org/#group=vehicle-group&rs-pr=10000_100000&rs-er=0_1000&rs-ld=0_1000&rs-ac=2_23&rs-dcfc=0_400&rs-ub=10_200&rs-tw=0_3000&rs-ef=100_350&rs-sa=-1_5&rs-w=1000_3500&rs-c=0_5000&rs-y=2010_2030&s=1&p=14-50
NIO ET5 Standard Range Discontinued (December,https://ev-database.org/car/1786/NIO-ET5-Standard-Range,410.0,447.0,179.0,73.5,110.0,4.0,1400.0,386.0,2215.0,"NIO ET5 Standard Range Discontinued (December 2022 - March 2025) E 5 5 V2 L H G Range* 410 km Efficiency* 179 Wh/km Weight 2,215 kg 0-100 4.0 sec 1-Stop Range 447 km Battery 73.5 kWh Fastcharge 110 kW Towing 1,400 kg Cargo Vol. 386 L Price/range* €149 /km €59,500 €62,700 N/A",https://ev-database.org/#group=vehicle-group&rs-pr=10000_100000&rs-er=0_1000&rs-ld=0_1000&rs-ac=2_23&rs-dcfc=0_400&rs-ub=10_200&rs-tw=0_3000&rs-ef=100_350&rs-sa=-1_5&rs-w=1000_3500&rs-c=0_5000&rs-y=2010_2030&s=1&p=14-50
Lexus RZ 300e (MY23-25) Discontinued (April,https://ev-database.org/car/3027/Lexus-RZ-300e,355.0,391.0,180.0,64.0,100.0,8.0,750.0,522.0,2030.0,"Lexus RZ 300e (MY23-25) Discontinued (April 2023 - October 2025) D 5 5 V2 L H G Range 355 km Efficiency 180 Wh/km Weight 2,030 kg 0-100 8.0 sec 1-Stop Range 391 km Battery 64.0 kWh Fastcharge 100 kW Towing 750 kg Cargo Vol. 522 L Price/range €157 /km €55,590 €54,495 £49,995",https://ev-database.org/#group=vehicle-group&rs-pr=10000_100000&rs-er=0_1000&rs-ld=0_1000&rs-ac=2_23&rs-dcfc=0_400&rs-ub=10_200&rs-tw=0_3000&rs-ef=100_350&rs-sa=-1_5&rs-w=1000_3500&rs-c=0_5000&rs-y=2010_2030&s=1&p=14-50
Citroën ë-C4 X 54 kWh Available,https://ev-database.org/car/3050/Citroen-e-C4-X-54-kWh,335.0,362.0,152.0,50.8,79.0,9.1,0.0,510.0,1652.0,"Citroën ë-C4 X 54 kWh Available to order since October 2024 C 5 4 V2 L H G Range* 335 km Efficiency* 152 Wh/km Weight 1,652 kg 0-100 9.1 sec 1-Stop Range 362 km Battery 50.8 kWh Fastcharge 79 kW Towing 0 kg Cargo Vol. 510 L Price/range* €105 /km €34,800 €35,990 £30,005",https://ev-database.org/#group=vehicle-group&rs-pr=10000_100000&rs-er=0_1000&rs-ld=0_1000&rs-ac=2_23&rs-dcfc=0_400&rs-ub=10_200&rs-tw=0_3000&rs-ef=100_350&rs-sa=-1_5&rs-w=1000_3500&rs-c=0_5000&rs-y=2010_2030&s=1&p=14-50
Fisker Ocean Extreme Discontinued (March 2023,https://ev-database.org/car/1711/Fisker-Ocean-Extreme,490.0,528.0,217.0,106.5,135.0,3.9,1820.0,476.0,2526.0,"Fisker Ocean Extreme Discontinued (March 2023 - June 2024) D 5 V2 L H G Range 490 km Efficiency 217 Wh/km Weight 2,526 kg 0-100 3.9 sec 1-Stop Range 528 km Battery 106.5 kWh Fastcharge 135 kW Towing 1,820 kg Cargo Vol. 476 L Price/range €132 /km €63,590 €63,590 £57,900",https://ev-database.org/#group=vehicle-group&rs-pr=10000_100000&rs-er=0_1000&rs-ld=0_1000&rs-ac=2_23&rs-dcfc=0_400&rs-ub=10_200&rs-tw=0_3000&rs-ef=100_350&rs-sa=-1_5&rs-w=1000_3500&rs-c=0_5000&rs-y=2010_2030&s=1&p=14-50
Mercedes-Benz EQS SUV 450+ Available to,https://ev-database.org/car/2087/Mercedes-Benz-EQS-SUV-450plus,540.0,559.0,219.0,118.0,160.0,6.8,750.0,645.0,2730.0,"Mercedes-Benz EQS SUV 450+ Available to order since October 2023 F 7 V2 L H G Range* 540 km Efficiency* 219 Wh/km Weight 2,730 kg 0-100 6.8 sec 1-Stop Range 559 km Battery 118.0 kWh Fastcharge 160 kW Towing 750 kg Cargo Vol. 645 L Price/range* €219 /km €110,801 €125,425 N/A",https://ev-database.org/#group=vehicle-group&rs-pr=10000_100000&rs-er=0_1000&rs-ld=0_1000&rs-ac=2_23&rs-dcfc=0_400&rs-ub=10_200&rs-tw=0_3000&rs-ef=100_350&rs-sa=-1_5&rs-w=1000_3500&rs-c=0_5000&rs-y=2010_2030&s=1&p=14-50
Ford Mustang Mach-E GT (MY24) Discontinued,https://ev-database.org/car/2280/Ford-Mustang-Mach-E-GT,425.0,433.0,214.0,91.0,115.0,3.8,750.0,619.0,2343.0,"Ford Mustang Mach-E GT (MY24) Discontinued (July 2024 - September 2025) D 5 5 V2 L H G Range* 425 km Efficiency* 214 Wh/km Weight 2,343 kg 0-100 3.8 sec 1-Stop Range 433 km Battery 91.0 kWh Fastcharge 115 kW Towing 750 kg Cargo Vol. 619 L Price/range* €175 /km €77,300 €68,400 £67,550",https://ev-database.org/#group=vehicle-group&rs-pr=10000_100000&rs-er=0_1000&rs-ld=0_1000&rs-ac=2_23&rs-dcfc=0_400&rs-ub=10_200&rs-tw=0_3000&rs-ef=100_350&rs-sa=-1_5&rs-w=1000_3500&rs-c=0_5000&rs-y=2010_2030&s=1&p=14-50
Kia EV9 99.8 kWh AWD GT,https://ev-database.org/car/3196/Kia-EV9-998-kWh-AWD-GT,420.0,468.0,229.0,96.0,194.0,4.6,2500.0,385.0,2648.0,"Kia EV9 99.8 kWh AWD GT Available to order since May 2025 F 7 5 V2 L H G Range* 420 km Efficiency* 229 Wh/km Weight 2,648 kg 0-100 4.6 sec 1-Stop Range 468 km Battery* 96.0 kWh Fastcharge 194 kW Towing 2,500 kg Cargo Vol. 385 L Price/range* €218 /km €89,990 €88,795 £82,845",https://ev-database.org/#group=vehicle-group&rs-pr=10000_100000&rs-er=0_1000&rs-ld=0_1000&rs-ac=2_23&rs-dcfc=0_400&rs-ub=10_200&rs-tw=0_3000&rs-ef=100_350&rs-sa=-1_5&rs-w=1000_3500&rs-c=0_5000&rs-y=2010_2030&s=1&p=14-50
Tesla Model S Performance Discontinued (April,https://ev-database.org/car/1207/Tesla-Model-S-Performance,515.0,546.0,184.0,95.0,110.0,2.8,0.0,894.0,2307.0,"Tesla Model S Performance Discontinued (April 2019 - October 2020) F 5 V2 L H G Range 515 km Efficiency 184 Wh/km Weight 2,307 kg 0-100 2.8 sec 1-Stop Range 546 km Battery* 95.0 kWh Fastcharge 110 kW Towing 0 kg Cargo Vol. 894 L Price/range €193 /km €96,990 €98,005 £89,980",https://ev-database.org/#group=vehicle-group&rs-pr=10000_100000&rs-er=0_1000&rs-ld=0_1000&rs-ac=2_23&rs-dcfc=0_400&rs-ub=10_200&rs-tw=0_3000&rs-ef=100_350&rs-sa=-1_5&rs-w=1000_3500&rs-c=0_5000&rs-y=2010_2030&s=1&p=14-50
Tesla Model X Performance Discontinued (November,https://ev-database.org/car/1326/Tesla-Model-X-Performance,470.0,516.0,209.0,98.0,,3.1,2250.0,,2552.0,"Tesla Model X Performance Discontinued (November 2020 - March 2021) F 7 5 V2 L H G Range* 470 km Efficiency* 209 Wh/km Weight 2,552 kg 0-100 3.1 sec 1-Stop Range 516 km Battery* 98.0 kWh Fastcharge* 125 kW Towing 2,250 kg Cargo Vol. unknown Price/range* €240 /km €107,990 €112,005 £102,980",https://ev-database.org/#group=vehicle-group&rs-pr=10000_100000&rs-er=0_1000&rs-ld=0_1000&rs-ac=2_23&rs-dcfc=0_400&rs-ub=10_200&rs-tw=0_3000&rs-ef=100_350&rs-sa=-1_5&rs-w=1000_3500&rs-c=0_5000&rs-y=2010_2030&s=1&p=14-50
Porsche Macan Turbo Electric (MY24-25) Discontinued,https://ev-database.org/car/2085/Porsche-Macan-Turbo-Electric,465.0,550.0,204.0,94.9,186.0,3.3,2000.0,564.0,2480.0,"Porsche Macan Turbo Electric (MY24-25) Discontinued (January 2024 - October 2025) D 5 5 V2 L H G Range* 465 km Efficiency* 204 Wh/km Weight 2,480 kg 0-100 3.3 sec 1-Stop Range 550 km Battery 94.9 kWh Fastcharge 186 kW Towing 2,000 kg Cargo Vol. 564 L Price/range* €247 /km €114,600 €121,000 £95,000",https://ev-database.org/#group=vehicle-group&rs-pr=10000_100000&rs-er=0_1000&rs-ld=0_1000&rs-ac=2_23&rs-dcfc=0_400&rs-ub=10_200&rs-tw=0_3000&rs-ef=100_350&rs-sa=-1_5&rs-w=1000_3500&rs-c=0_5000&rs-y=2010_2030&s=1&p=14-50
TOGG T10X Standard Range RWD Available,https://ev-database.org/car/3301/TOGG-T10X-Standard-Range-RWD,265.0,323.0,189.0,50.0,70.0,7.4,0.0,441.0,2099.0,"TOGG T10X Standard Range RWD Available to order since September 2025 C 5 5 V2 L H G Range* 265 km Efficiency* 189 Wh/km Weight 2,099 kg 0-100 7.4 sec 1-Stop Range 323 km Battery* 50.0 kWh Fastcharge 70 kW Towing 0 kg Cargo Vol. 441 L Price/range* €129 /km €34,295 N/A N/A",https://ev-database.org/#group=vehicle-group&rs-pr=10000_100000&rs-er=0_1000&rs-ld=0_1000&rs-ac=2_23&rs-dcfc=0_400&rs-ub=10_200&rs-tw=0_3000&rs-ef=100_350&rs-sa=-1_5&rs-w=1000_3500&rs-c=0_5000&rs-y=2010_2030&s=1&p=14-50
Volkswagen ID.3 Pure Performance Discontinued (July,https://ev-database.org/car/1530/Volkswagen-ID3-Pure-Performance,275.0,299.0,164.0,45.0,71.0,8.9,0.0,385.0,1781.0,"Volkswagen ID.3 Pure Performance Discontinued (July 2021 - December 2022) C 5 5 V2 L H G Range 275 km Efficiency 164 Wh/km Weight 1,781 kg 0-100 8.9 sec 1-Stop Range 299 km Battery 45.0 kWh Fastcharge 71 kW Towing 0 kg Cargo Vol. 385 L Price/range €128 /km N/A €37,990 £28,135",https://ev-database.org/#group=vehicle-group&rs-pr=10000_100000&rs-er=0_1000&rs-ld=0_1000&rs-ac=2_23&rs-dcfc=0_400&rs-ub=10_200&rs-tw=0_3000&rs-ef=100_350&rs-sa=-1_5&rs-w=1000_3500&rs-c=0_5000&rs-y=2010_2030&s=1&p=14-50
Alfa Romeo Junior Elettrica 54 kWh,https://ev-database.org/car/2185/Alfa-Romeo-Junior-Elettrica-54-kWh-Veloce,310.0,330.0,164.0,50.8,79.0,5.9,0.0,400.0,1635.0,"Alfa Romeo Junior Elettrica 54 kWh Veloce Available to order since June 2024 B 5 V2 L H G Range* 310 km Efficiency* 164 Wh/km Weight 1,635 kg 0-100 5.9 sec 1-Stop Range 330 km Battery 50.8 kWh Fastcharge 79 kW Towing 0 kg Cargo Vol. 400 L Price/range* €154 /km €48,500 €45,950 £42,300",https://ev-database.org/#group=vehicle-group&rs-pr=10000_100000&rs-er=0_1000&rs-ld=0_1000&rs-ac=2_23&rs-dcfc=0_400&rs-ub=10_200&rs-tw=0_3000&rs-ef=100_350&rs-sa=-1_5&rs-w=1000_3500&rs-c=0_5000&rs-y=2010_2030&s=1&p=14-50
BMW i7 60 xDrive (MY27) Available,https://ev-database.org/car/3557/BMW-i7-60-xDrive,560.0,628.0,201.0,112.5,175.0,4.8,2000.0,500.0,2770.0,"BMW i7 60 xDrive (MY27) Available to order from July 2026* F 5 V2 L H G Range* 560 km Efficiency* 201 Wh/km Weight 2,770 kg 0-100 4.8 sec 1-Stop Range 628 km Battery 112.5 kWh Fastcharge 175 kW Towing 2,000 kg Cargo Vol. 500 L Price/range* €248 /km €140,100 * €145,000 * £115,000",https://ev-database.org/#group=vehicle-group&rs-pr=10000_100000&rs-er=0_1000&rs-ld=0_1000&rs-ac=2_23&rs-dcfc=0_400&rs-ub=10_200&rs-tw=0_3000&rs-ef=100_350&rs-sa=-1_5&rs-w=1000_3500&rs-c=0_5000&rs-y=2010_2030&s=1&p=14-50
Fiat 500e Cabrio 42 kWh Available,https://ev-database.org/car/1275/Fiat-500e-Cabrio-42-kWh,230.0,250.0,162.0,37.3,65.0,9.0,0.0,185.0,1405.0,"Fiat 500e Cabrio 42 kWh Available to order since November 2020 B 4 4 V2 L H G Range* 230 km Efficiency* 162 Wh/km Weight 1,405 kg 0-100 9.0 sec 1-Stop Range 250 km Battery 37.3 kWh Fastcharge 65 kW Towing 0 kg Cargo Vol. 185 L Price/range* €148 /km €37,990 €32,999 £26,995",https://ev-database.org/#group=vehicle-group&rs-pr=10000_100000&rs-er=0_1000&rs-ld=0_1000&rs-ac=2_23&rs-dcfc=0_400&rs-ub=10_200&rs-tw=0_3000&rs-ef=100_350&rs-sa=-1_5&rs-w=1000_3500&rs-c=0_5000&rs-y=2010_2030&s=1&p=14-50
Audi Q4 Sportback e-tron 45 (MY24),https://ev-database.org/car/2016/Audi-Q4-Sportback-e-tron-45,435.0,485.0,177.0,77.0,120.0,6.7,1000.0,535.0,2145.0,"Audi Q4 Sportback e-tron 45 (MY24) Available to order since September 2023 C 5 5 V2 L H G Range* 435 km Efficiency* 177 Wh/km Weight 2,145 kg 0-100 6.7 sec 1-Stop Range 485 km Battery 77.0 kWh Fastcharge 120 kW Towing 1,000 kg Cargo Vol. 535 L Price/range* €129 /km €54,950 €51,990 £52,860",https://ev-database.org/#group=vehicle-group&rs-pr=10000_100000&rs-er=0_1000&rs-ld=0_1000&rs-ac=2_23&rs-dcfc=0_400&rs-ub=10_200&rs-tw=0_3000&rs-ef=100_350&rs-sa=-1_5&rs-w=1000_3500&rs-c=0_5000&rs-y=2010_2030&s=1&p=14-50
VinFast VF 6 Plus Available to,https://ev-database.org/car/3282/VinFast-VF-6-Plus,310.0,318.0,192.0,59.6,90.0,8.9,0.0,,2113.0,"VinFast VF 6 Plus Available to order since March 2025 D 5 V2 L H G Range* 310 km Efficiency* 192 Wh/km Weight 2,113 kg 0-100 8.9 sec 1-Stop Range 318 km Battery 59.6 kWh Fastcharge 90 kW Towing 0 kg Cargo Vol. unknown Price/range* €128 /km €38,990 €40,520 N/A",https://ev-database.org/#group=vehicle-group&rs-pr=10000_100000&rs-er=0_1000&rs-ld=0_1000&rs-ac=2_23&rs-dcfc=0_400&rs-ub=10_200&rs-tw=0_3000&rs-ef=100_350&rs-sa=-1_5&rs-w=1000_3500&rs-c=0_5000&rs-y=2010_2030&s=1&p=14-50
Volkswagen ID.4 Pro 4MOTION (MY27) Available,https://ev-database.org/car/3497/Volkswagen-ID4-Pro-4MOTION,440.0,478.0,175.0,77.0,115.0,6.1,1800.0,533.0,2219.0,"Volkswagen ID.4 Pro 4MOTION (MY27) Available to order since March 2026 C 5 V2 L H G Range* 440 km Efficiency* 175 Wh/km Weight 2,219 kg 0-100 6.1 sec 1-Stop Range 478 km Battery 77.0 kWh Fastcharge 115 kW Towing 1,800 kg Cargo Vol. 533 L Price/range* €116 /km €49,510 €49,990 £46,690",https://ev-database.org/#group=vehicle-group&rs-pr=10000_100000&rs-er=0_1000&rs-ld=0_1000&rs-ac=2_23&rs-dcfc=0_400&rs-ub=10_200&rs-tw=0_3000&rs-ef=100_350&rs-sa=-1_5&rs-w=1000_3500&rs-c=0_5000&rs-y=2010_2030&s=1&p=14-50
Mercedes-Benz EQE 350 (MY23) Discontinued (September,https://ev-database.org/car/1898/Mercedes-Benz-EQE-350,515.0,556.0,173.0,89.0,120.0,6.4,750.0,430.0,2405.0,"Mercedes-Benz EQE 350 (MY23) Discontinued (September 2022 - April 2024) E 5 5 V2 L H G Range* 515 km Efficiency* 173 Wh/km Weight 2,405 kg 0-100 6.4 sec 1-Stop Range 556 km Battery 89.0 kWh Fastcharge 120 kW Towing 750 kg Cargo Vol. 430 L Price/range* €157 /km €70,995 €83,238 £77,345",https://ev-database.org/#group=vehicle-group&rs-pr=10000_100000&rs-er=0_1000&rs-ld=0_1000&rs-ac=2_23&rs-dcfc=0_400&rs-ub=10_200&rs-tw=0_3000&rs-ef=100_350&rs-sa=-1_5&rs-w=1000_3500&rs-c=0_5000&rs-y=2010_2030&s=1&p=14-50
Mercedes-Benz EQE SUV 500 4MATIC (MY23-24),https://ev-database.org/car/2048/Mercedes-Benz-EQE-SUV-500-4MATIC,455.0,482.0,211.0,96.0,141.0,4.9,1800.0,520.0,2610.0,"Mercedes-Benz EQE SUV 500 4MATIC (MY23-24) Discontinued (October 2023 - April 2025) E 5 5 V2 L H G Range* 455 km Efficiency* 211 Wh/km Weight 2,610 kg 0-100 4.9 sec 1-Stop Range 482 km Battery 96.0 kWh Fastcharge 141 kW Towing 1,800 kg Cargo Vol. 520 L Price/range* €235 /km €99,841 €116,755 £90,505",https://ev-database.org/#group=vehicle-group&rs-pr=10000_100000&rs-er=0_1000&rs-ld=0_1000&rs-ac=2_23&rs-dcfc=0_400&rs-ub=10_200&rs-tw=0_3000&rs-ef=100_350&rs-sa=-1_5&rs-w=1000_3500&rs-c=0_5000&rs-y=2010_2030&s=1&p=14-50
Mercedes-Benz eVito Tourer Long 90 kWh,https://ev-database.org/car/2140/Mercedes-Benz-eVito-Tourer-Long-90-kWh,325.0,299.0,277.0,90.0,96.0,12.1,0.0,990.0,2561.0,"Mercedes-Benz eVito Tourer Long 90 kWh Available to order since February 2024 N 8 V2 L H G Range* 325 km Efficiency* 277 Wh/km Weight 2,561 kg 0-100 12.1 sec 1-Stop Range 299 km Battery 90.0 kWh Fastcharge 96 kW Towing 0 kg Cargo Vol. 990 L Price/range* €241 /km €72,043 €84,773 N/A",https://ev-database.org/#group=vehicle-group&rs-pr=10000_100000&rs-er=0_1000&rs-ld=0_1000&rs-ac=2_23&rs-dcfc=0_400&rs-ub=10_200&rs-tw=0_3000&rs-ef=100_350&rs-sa=-1_5&rs-w=1000_3500&rs-c=0_5000&rs-y=2010_2030&s=1&p=14-50
Škoda Enyaq 85x (MY25) Discontinued (January,https://ev-database.org/car/3098/Skoda-Enyaq-85x,450.0,501.0,171.0,77.0,120.0,6.7,1200.0,585.0,2230.0,"Škoda Enyaq 85x (MY25) Discontinued (January 2025 - March 2026) C 5 5 V2 L H G Range* 450 km Efficiency* 171 Wh/km Weight 2,230 kg 0-100 6.7 sec 1-Stop Range 501 km Battery 77.0 kWh Fastcharge 120 kW Towing 1,200 kg Cargo Vol. 585 L Price/range* €119 /km €51,150 N/A £48,760",https://ev-database.org/#group=vehicle-group&rs-pr=10000_100000&rs-er=0_1000&rs-ld=0_1000&rs-ac=2_23&rs-dcfc=0_400&rs-ub=10_200&rs-tw=0_3000&rs-ef=100_350&rs-sa=-1_5&rs-w=1000_3500&rs-c=0_5000&rs-y=2010_2030&s=1&p=15-50
BMW i5 eDrive40 Touring (MY25) Available,https://ev-database.org/car/3115/BMW-i5-eDrive40-Touring,465.0,519.0,175.0,81.2,123.0,6.1,1500.0,570.0,2255.0,"BMW i5 eDrive40 Touring (MY25) Available to order since February 2025 E 5 5 V2 L H G Range* 465 km Efficiency* 175 Wh/km Weight 2,255 kg 0-100 6.1 sec 1-Stop Range 519 km Battery 81.2 kWh Fastcharge 123 kW Towing 1,500 kg Cargo Vol. 570 L Price/range* €167 /km €72,200 €80,665 £69,955",https://ev-database.org/#group=vehicle-group&rs-pr=10000_100000&rs-er=0_1000&rs-ld=0_1000&rs-ac=2_23&rs-dcfc=0_400&rs-ub=10_200&rs-tw=0_3000&rs-ef=100_350&rs-sa=-1_5&rs-w=1000_3500&rs-c=0_5000&rs-y=2010_2030&s=1&p=15-50
Lotus Emeya 600 Available to order,https://ev-database.org/car/3214/Lotus-Emeya-600,520.0,693.0,190.0,98.9,328.0,4.2,2250.0,543.0,2555.0,"Lotus Emeya 600 Available to order since May 2025 F 5 V2 L H G Range* 520 km Efficiency* 190 Wh/km Weight 2,555 kg 0-100 4.2 sec 1-Stop Range 693 km Battery 98.9 kWh Fastcharge 328 kW Towing 2,250 kg Cargo Vol. 543 L Price/range* €204 /km €107,990 €111,995 £84,990",https://ev-database.org/#group=vehicle-group&rs-pr=10000_100000&rs-er=0_1000&rs-ld=0_1000&rs-ac=2_23&rs-dcfc=0_400&rs-ub=10_200&rs-tw=0_3000&rs-ef=100_350&rs-sa=-1_5&rs-w=1000_3500&rs-c=0_5000&rs-y=2010_2030&s=1&p=15-50
Volkswagen e-Up! Discontinued (September 2016 -,https://ev-database.org/car/1081/Volkswagen-e-Up,100.0,110.0,160.0,16.0,29.0,12.4,0.0,250.0,1229.0,"Volkswagen e-Up! Discontinued (September 2016 - September 2019) A 4 V2 L H G Range 100 km Efficiency 160 Wh/km Weight 1,229 kg 0-100 12.4 sec 1-Stop Range 110 km Battery* 16.0 kWh Fastcharge 29 kW Towing 0 kg Cargo Vol. 250 L Price/range €235 /km €22,975 €25,095 £19,615",https://ev-database.org/#group=vehicle-group&rs-pr=10000_100000&rs-er=0_1000&rs-ld=0_1000&rs-ac=2_23&rs-dcfc=0_400&rs-ub=10_200&rs-tw=0_3000&rs-ef=100_350&rs-sa=-1_5&rs-w=1000_3500&rs-c=0_5000&rs-y=2010_2030&s=1&p=15-50
Audi e-tron Sportback 50 quattro Discontinued,https://ev-database.org/car/1247/Audi-e-tron-Sportback-50-quattro,295.0,315.0,219.0,64.7,114.0,6.8,1800.0,677.0,2445.0,"Audi e-tron Sportback 50 quattro Discontinued (June 2020 - January 2022) E 5 5 V2 L H G Range 295 km Efficiency 219 Wh/km Weight 2,445 kg 0-100 6.8 sec 1-Stop Range 315 km Battery 64.7 kWh Fastcharge 114 kW Towing 1,800 kg Cargo Vol. 677 L Price/range €244 /km €71,350 €65,100 £69,100",https://ev-database.org/#group=vehicle-group&rs-pr=10000_100000&rs-er=0_1000&rs-ld=0_1000&rs-ac=2_23&rs-dcfc=0_400&rs-ub=10_200&rs-tw=0_3000&rs-ef=100_350&rs-sa=-1_5&rs-w=1000_3500&rs-c=0_5000&rs-y=2010_2030&s=1&p=15-50
Lucid Air Dream Edition R Discontinued,https://ev-database.org/car/1696/Lucid-Air-Dream-Edition-R,685.0,788.0,172.0,118.0,185.0,2.9,0.0,910.0,2435.0,"Lucid Air Dream Edition R Discontinued (January 2022 - January 2024) F 5 5 V2 L H G Range 685 km Efficiency 172 Wh/km Weight 2,435 kg 0-100 2.9 sec 1-Stop Range 788 km Battery* 118.0 kWh Fastcharge 185 kW Towing 0 kg Cargo Vol. 910 L Price/range €321 /km €218,000 €222,000 N/A",https://ev-database.org/#group=vehicle-group&rs-pr=10000_100000&rs-er=0_1000&rs-ld=0_1000&rs-ac=2_23&rs-dcfc=0_400&rs-ub=10_200&rs-tw=0_3000&rs-ef=100_350&rs-sa=-1_5&rs-w=1000_3500&rs-c=0_5000&rs-y=2010_2030&s=1&p=15-50
NIO ET7 Long Range Discontinued (October,https://ev-database.org/car/1752/NIO-ET7-Long-Range,505.0,509.0,178.0,90.0,100.0,3.8,2000.0,363.0,2454.0,"NIO ET7 Long Range Discontinued (October 2022 - March 2025) F 5 5 V2 L H G Range* 505 km Efficiency* 178 Wh/km Weight 2,454 kg 0-100 3.8 sec 1-Stop Range 509 km Battery 90.0 kWh Fastcharge 100 kW Towing 2,000 kg Cargo Vol. 363 L Price/range* €183 /km €90,900 €93,900 N/A",https://ev-database.org/#group=vehicle-group&rs-pr=10000_100000&rs-er=0_1000&rs-ld=0_1000&rs-ac=2_23&rs-dcfc=0_400&rs-ub=10_200&rs-tw=0_3000&rs-ef=100_350&rs-sa=-1_5&rs-w=1000_3500&rs-c=0_5000&rs-y=2010_2030&s=1&p=15-50
Opel Corsa Electric 50 kWh (MY24),https://ev-database.org/car/1941/Opel-Corsa-Electric-50-kWh,290.0,315.0,160.0,46.3,74.0,8.7,0.0,267.0,1544.0,"Opel Corsa Electric 50 kWh (MY24) Discontinued (July 2023 - April 2025) B 5 V2 L H G Range* 290 km Efficiency* 160 Wh/km Weight 1,544 kg 0-100 8.7 sec 1-Stop Range 315 km Battery 46.3 kWh Fastcharge 74 kW Towing 0 kg Cargo Vol. 267 L Price/range* €116 /km €34,650 €34,999 £26,895",https://ev-database.org/#group=vehicle-group&rs-pr=10000_100000&rs-er=0_1000&rs-ld=0_1000&rs-ac=2_23&rs-dcfc=0_400&rs-ub=10_200&rs-tw=0_3000&rs-ef=100_350&rs-sa=-1_5&rs-w=1000_3500&rs-c=0_5000&rs-y=2010_2030&s=1&p=15-50
Porsche Taycan Turbo S Available to,https://ev-database.org/car/2103/Porsche-Taycan-Turbo-S,525.0,674.0,185.0,97.0,267.0,2.4,0.0,450.0,2370.0,"Porsche Taycan Turbo S Available to order since February 2024 F 5 V2 L H G Range* 525 km Efficiency* 185 Wh/km Weight 2,370 kg 0-100 2.4 sec 1-Stop Range 674 km Battery 97.0 kWh Fastcharge 267 kW Towing 0 kg Cargo Vol. 450 L Price/range* €391 /km €209,900 €218,900 £162,200",https://ev-database.org/#group=vehicle-group&rs-pr=10000_100000&rs-er=0_1000&rs-ld=0_1000&rs-ac=2_23&rs-dcfc=0_400&rs-ub=10_200&rs-tw=0_3000&rs-ef=100_350&rs-sa=-1_5&rs-w=1000_3500&rs-c=0_5000&rs-y=2010_2030&s=1&p=15-50
Mercedes-Benz EQS 350 Discontinued (July 2024,https://ev-database.org/car/2155/Mercedes-Benz-EQS-350,570.0,614.0,168.0,96.0,130.0,6.7,750.0,620.0,2440.0,"Mercedes-Benz EQS 350 Discontinued (July 2024 - April 2026) F 5 V2 L H G Range* 570 km Efficiency* 168 Wh/km Weight 2,440 kg 0-100 6.7 sec 1-Stop Range 614 km Battery 96.0 kWh Fastcharge 130 kW Towing 750 kg Cargo Vol. 620 L Price/range* €187 /km N/A €98,867 £99,845",https://ev-database.org/#group=vehicle-group&rs-pr=10000_100000&rs-er=0_1000&rs-ld=0_1000&rs-ac=2_23&rs-dcfc=0_400&rs-ub=10_200&rs-tw=0_3000&rs-ef=100_350&rs-sa=-1_5&rs-w=1000_3500&rs-c=0_5000&rs-y=2010_2030&s=1&p=15-50
Smart #5 Pro+ (MY25) Available to,https://ev-database.org/car/3142/Smart-5-Proplus,475.0,587.0,202.0,96.0,230.0,6.5,1600.0,702.0,2335.0,"Smart #5 Pro+ (MY25) Available to order since May 2025 D 5 5 V2 L H G Range* 475 km Efficiency* 202 Wh/km Weight 2,335 kg 0-100 6.5 sec 1-Stop Range 587 km Battery* 96.0 kWh Fastcharge 230 kW Towing 1,600 kg Cargo Vol. 702 L Price/range* €109 /km €50,900 €53,440 £43,800",https://ev-database.org/#group=vehicle-group&rs-pr=10000_100000&rs-er=0_1000&rs-ld=0_1000&rs-ac=2_23&rs-dcfc=0_400&rs-ub=10_200&rs-tw=0_3000&rs-ef=100_350&rs-sa=-1_5&rs-w=1000_3500&rs-c=0_5000&rs-y=2010_2030&s=1&p=15-50
MG Cyberster Trophy Available to order,https://ev-database.org/car/2202/MG-Cyberster-Trophy,425.0,440.0,175.0,74.4,85.0,5.0,,249.0,1960.0,"MG Cyberster Trophy Available to order since April 2024 S 2 V2 L H G Range* 425 km Efficiency* 175 Wh/km Weight 1,960 kg 0-100 5.0 sec 1-Stop Range 440 km Battery 74.4 kWh Fastcharge 85 kW Towing unknown Cargo Vol. 249 L Price/range* €153 /km €64,990 €66,360 £55,245",https://ev-database.org/#group=vehicle-group&rs-pr=10000_100000&rs-er=0_1000&rs-ld=0_1000&rs-ac=2_23&rs-dcfc=0_400&rs-ub=10_200&rs-tw=0_3000&rs-ef=100_350&rs-sa=-1_5&rs-w=1000_3500&rs-c=0_5000&rs-y=2010_2030&s=1&p=15-50
Audi S6 Avant e-tron (MY25) Available,https://ev-database.org/car/2273/Audi-S6-Avant-e-tron,530.0,628.0,179.0,94.9,186.0,3.9,2100.0,529.0,2410.0,"Audi S6 Avant e-tron (MY25) Available to order since September 2024 E 5 5 V2 L H G Range 530 km Efficiency 179 Wh/km Weight 2,410 kg 0-100 3.9 sec 1-Stop Range 628 km Battery 94.9 kWh Fastcharge 186 kW Towing 2,100 kg Cargo Vol. 529 L Price/range €199 /km €101,150 €101,490 £99,340",https://ev-database.org/#group=vehicle-group&rs-pr=10000_100000&rs-er=0_1000&rs-ld=0_1000&rs-ac=2_23&rs-dcfc=0_400&rs-ub=10_200&rs-tw=0_3000&rs-ef=100_350&rs-sa=-1_5&rs-w=1000_3500&rs-c=0_5000&rs-y=2010_2030&s=1&p=15-50
Renault Megane E-Tech EV60 130hp (TU2025),https://ev-database.org/car/3131/Renault-Megane-E-Tech-EV60-130hp,380.0,404.0,158.0,60.0,80.0,10.5,500.0,440.0,1725.0,"Renault Megane E-Tech EV60 130hp (TU2025) Discontinued (March 2025 - January 2026) C 5 5 V2 L H G Range* 380 km Efficiency* 158 Wh/km Weight 1,725 kg 0-100 10.5 sec 1-Stop Range 404 km Battery 60.0 kWh Fastcharge 80 kW Towing 500 kg Cargo Vol. 440 L Price/range* €96 /km N/A €36,490 N/A",https://ev-database.org/#group=vehicle-group&rs-pr=10000_100000&rs-er=0_1000&rs-ld=0_1000&rs-ac=2_23&rs-dcfc=0_400&rs-ub=10_200&rs-tw=0_3000&rs-ef=100_350&rs-sa=-1_5&rs-w=1000_3500&rs-c=0_5000&rs-y=2010_2030&s=1&p=15-50
Toyota bZ4X FWD 57.7 kWh (MY25),https://ev-database.org/car/3133/Toyota-bZ4X-FWD-577-kWh,305.0,343.0,177.0,54.0,85.0,8.6,750.0,452.0,1920.0,"Toyota bZ4X FWD 57.7 kWh (MY25) Available to order since July 2025 C 5 5 V2 L H G Range* 305 km Efficiency* 177 Wh/km Weight 1,920 kg 0-100 8.6 sec 1-Stop Range 343 km Battery 54.0 kWh Fastcharge 85 kW Towing 750 kg Cargo Vol. 452 L Price/range* €142 /km €42,990 €39,995 £40,675",https://ev-database.org/#group=vehicle-group&rs-pr=10000_100000&rs-er=0_1000&rs-ld=0_1000&rs-ac=2_23&rs-dcfc=0_400&rs-ub=10_200&rs-tw=0_3000&rs-ef=100_350&rs-sa=-1_5&rs-w=1000_3500&rs-c=0_5000&rs-y=2010_2030&s=1&p=15-50
Lucid Gravity Touring (MY26) Available to,https://ev-database.org/car/3291/Lucid-Gravity-Touring,460.0,547.0,193.0,89.0,180.0,4.2,1600.0,1663.0,2597.0,"Lucid Gravity Touring (MY26) Available to order since September 2025 F 7 5 V2 L H G Range* 460 km Efficiency* 193 Wh/km Weight 2,597 kg 0-100 4.2 sec 1-Stop Range 547 km Battery* 89.0 kWh Fastcharge 180 kW Towing 1,600 kg Cargo Vol. 1,663 L Price/range* €220 /km €99,900 €102,900 N/A",https://ev-database.org/#group=vehicle-group&rs-pr=10000_100000&rs-er=0_1000&rs-ld=0_1000&rs-ac=2_23&rs-dcfc=0_400&rs-ub=10_200&rs-tw=0_3000&rs-ef=100_350&rs-sa=-1_5&rs-w=1000_3500&rs-c=0_5000&rs-y=2010_2030&s=1&p=15-50
Lexus RZ 550e F SPORT (MY26),https://ev-database.org/car/3295/Lexus-RZ-550e-F-SPORT,390.0,425.0,185.0,72.0,110.0,4.4,,522.0,2135.0,"Lexus RZ 550e F SPORT (MY26) Available to order since October 2025 D 5 V2 L H G Range* 390 km Efficiency* 185 Wh/km Weight 2,135 kg 0-100 4.4 sec 1-Stop Range 425 km Battery 72.0 kWh Fastcharge 110 kW Towing unknown Cargo Vol. 522 L Price/range* €198 /km €78,700 €74,495 £67,795",https://ev-database.org/#group=vehicle-group&rs-pr=10000_100000&rs-er=0_1000&rs-ld=0_1000&rs-ac=2_23&rs-dcfc=0_400&rs-ub=10_200&rs-tw=0_3000&rs-ef=100_350&rs-sa=-1_5&rs-w=1000_3500&rs-c=0_5000&rs-y=2010_2030&s=1&p=15-50
Ford Capri Extended Range AWD (MY26),https://ev-database.org/car/3453/Ford-Capri-Extended-Range-AWD,445.0,493.0,173.0,77.0,120.0,5.3,1800.0,572.0,2175.0,"Ford Capri Extended Range AWD (MY26) Available to order since January 2026 D 5 V2 L H G Range* 445 km Efficiency* 173 Wh/km Weight 2,175 kg 0-100 5.3 sec 1-Stop Range 493 km Battery 77.0 kWh Fastcharge 120 kW Towing 1,800 kg Cargo Vol. 572 L Price/range* €124 /km €55,400 €50,750 £52,055",https://ev-database.org/#group=vehicle-group&rs-pr=10000_100000&rs-er=0_1000&rs-ld=0_1000&rs-ac=2_23&rs-dcfc=0_400&rs-ub=10_200&rs-tw=0_3000&rs-ef=100_350&rs-sa=-1_5&rs-w=1000_3500&rs-c=0_5000&rs-y=2010_2030&s=1&p=15-50
Mercedes-Benz EQE 350 4MATIC (MY23) Discontinued,https://ev-database.org/car/1899/Mercedes-Benz-EQE-350-4MATIC,510.0,547.0,175.0,89.0,120.0,6.3,750.0,430.0,2475.0,"Mercedes-Benz EQE 350 4MATIC (MY23) Discontinued (June 2023 - April 2024) E 5 5 V2 L H G Range 510 km Efficiency 175 Wh/km Weight 2,475 kg 0-100 6.3 sec 1-Stop Range 547 km Battery 89.0 kWh Fastcharge 120 kW Towing 750 kg Cargo Vol. 430 L Price/range €157 /km €74,149 €86,263 N/A",https://ev-database.org/#group=vehicle-group&rs-pr=10000_100000&rs-er=0_1000&rs-ld=0_1000&rs-ac=2_23&rs-dcfc=0_400&rs-ub=10_200&rs-tw=0_3000&rs-ef=100_350&rs-sa=-1_5&rs-w=1000_3500&rs-c=0_5000&rs-y=2010_2030&s=1&p=15-50
Polestar 2 Standard Range Single Motor,https://ev-database.org/car/2225/Polestar-2-Standard-Range-Single-Motor,405.0,454.0,165.0,67.0,100.0,6.4,1500.0,448.0,2020.0,"Polestar 2 Standard Range Single Motor (MY25) Discontinued (June 2024 - April 2025) D 5 5 V2 L H G Range* 405 km Efficiency* 165 Wh/km Weight 2,020 kg 0-100 6.4 sec 1-Stop Range 454 km Battery 67.0 kWh Fastcharge 100 kW Towing 1,500 kg Cargo Vol. 448 L Price/range* €120 /km €48,990 €44,950 £44,950",https://ev-database.org/#group=vehicle-group&rs-pr=10000_100000&rs-er=0_1000&rs-ld=0_1000&rs-ac=2_23&rs-dcfc=0_400&rs-ub=10_200&rs-tw=0_3000&rs-ef=100_350&rs-sa=-1_5&rs-w=1000_3500&rs-c=0_5000&rs-y=2010_2030&s=1&p=15-50
Volvo EX30 Cross Country (MY25-26) Available,https://ev-database.org/car/3118/Volvo-EX30-Cross-Country,335.0,361.0,194.0,65.0,101.0,3.7,1600.0,325.0,1960.0,"Volvo EX30 Cross Country (MY25-26) Available to order since February 2025 B 5 5 V2 L H G Range* 335 km Efficiency* 194 Wh/km Weight 1,960 kg 0-100 3.7 sec 1-Stop Range 361 km Battery 65.0 kWh Fastcharge 101 kW Towing 1,600 kg Cargo Vol. 325 L Price/range* €164 /km €57,290 €52,995 £46,995",https://ev-database.org/#group=vehicle-group&rs-pr=10000_100000&rs-er=0_1000&rs-ld=0_1000&rs-ac=2_23&rs-dcfc=0_400&rs-ub=10_200&rs-tw=0_3000&rs-ef=100_350&rs-sa=-1_5&rs-w=1000_3500&rs-c=0_5000&rs-y=2010_2030&s=1&p=15-50
Toyota Urban Cruiser 48.8 kWh Available,https://ev-database.org/car/3208/Toyota-Urban-Cruiser-488-kWh,270.0,248.0,177.0,47.8,45.0,9.6,750.0,244.0,1775.0,"Toyota Urban Cruiser 48.8 kWh Available to order since May 2025 B 5 4 V2 L H G Range* 270 km Efficiency* 177 Wh/km Weight 1,775 kg 0-100 9.6 sec 1-Stop Range 248 km Battery 47.8 kWh Fastcharge 45 kW Towing 750 kg Cargo Vol. 244 L Price/range* €123 /km €31,990 €32,995 £29,995",https://ev-database.org/#group=vehicle-group&rs-pr=10000_100000&rs-er=0_1000&rs-ld=0_1000&rs-ac=2_23&rs-dcfc=0_400&rs-ub=10_200&rs-tw=0_3000&rs-ef=100_350&rs-sa=-1_5&rs-w=1000_3500&rs-c=0_5000&rs-y=2010_2030&s=1&p=15-50
Mini Countryman SE ALL4 (MY26) Available,https://ev-database.org/car/3457/Mini-Countryman-SE-ALL4,385.0,405.0,169.0,65.2,86.0,5.6,1200.0,460.0,2075.0,"Mini Countryman SE ALL4 (MY26) Available to order since February 2026 C 5 5 V2 L H G Range* 385 km Efficiency* 169 Wh/km Weight 2,075 kg 0-100 5.6 sec 1-Stop Range 405 km Battery 65.2 kWh Fastcharge 86 kW Towing 1,200 kg Cargo Vol. 460 L Price/range* €110 /km €43,320 €45,490 £32,755",https://ev-database.org/#group=vehicle-group&rs-pr=10000_100000&rs-er=0_1000&rs-ld=0_1000&rs-ac=2_23&rs-dcfc=0_400&rs-ub=10_200&rs-tw=0_3000&rs-ef=100_350&rs-sa=-1_5&rs-w=1000_3500&rs-c=0_5000&rs-y=2010_2030&s=1&p=15-50
Audi Q6 Sportback e-tron performance (MY25),https://ev-database.org/car/3042/Audi-Q6-Sportback-e-tron-performance,510.0,595.0,186.0,94.9,186.0,6.6,2000.0,575.0,2275.0,"Audi Q6 Sportback e-tron performance (MY25) Available to order since November 2024 D 5 5 V2 L H G Range* 510 km Efficiency* 186 Wh/km Weight 2,275 kg 0-100 6.6 sec 1-Stop Range 595 km Battery 94.9 kWh Fastcharge 186 kW Towing 2,000 kg Cargo Vol. 575 L Price/range* €142 /km €71,200 €68,990 £66,565",https://ev-database.org/#group=vehicle-group&rs-pr=10000_100000&rs-er=0_1000&rs-ld=0_1000&rs-ac=2_23&rs-dcfc=0_400&rs-ub=10_200&rs-tw=0_3000&rs-ef=100_350&rs-sa=-1_5&rs-w=1000_3500&rs-c=0_5000&rs-y=2010_2030&s=1&p=15-50
Volvo EX40 Single Motor (MY26) Available,https://ev-database.org/car/3158/Volvo-EX40-Single-Motor,345.0,378.0,194.0,67.0,100.0,7.3,1500.0,441.0,2040.0,"Volvo EX40 Single Motor (MY26) Available to order since February 2025 C 5 V2 L H G Range* 345 km Efficiency* 194 Wh/km Weight 2,040 kg 0-100 7.3 sec 1-Stop Range 378 km Battery 67.0 kWh Fastcharge 100 kW Towing 1,500 kg Cargo Vol. 441 L Price/range* €141 /km €49,990 €42,995 £46,260",https://ev-database.org/#group=vehicle-group&rs-pr=10000_100000&rs-er=0_1000&rs-ld=0_1000&rs-ac=2_23&rs-dcfc=0_400&rs-ub=10_200&rs-tw=0_3000&rs-ef=100_350&rs-sa=-1_5&rs-w=1000_3500&rs-c=0_5000&rs-y=2010_2030&s=1&p=15-50
Citroën ë-Berlingo M 50 kWh Discontinued,https://ev-database.org/car/1546/Citroen-e-Berlingo-M-50-kWh,205.0,219.0,226.0,46.3,74.0,11.7,750.0,571.0,1739.0,"Citroën ë-Berlingo M 50 kWh Discontinued (September 2021 - January 2024) N 5 V2 L H G Range* 205 km Efficiency* 226 Wh/km Weight 1,739 kg 0-100 11.7 sec 1-Stop Range 219 km Battery 46.3 kWh Fastcharge 74 kW Towing 750 kg Cargo Vol. 571 L Price/range* €190 /km €37,790 €41,741 £32,315",https://ev-database.org/#group=vehicle-group&rs-pr=10000_100000&rs-er=0_1000&rs-ld=0_1000&rs-ac=2_23&rs-dcfc=0_400&rs-ub=10_200&rs-tw=0_3000&rs-ef=100_350&rs-sa=-1_5&rs-w=1000_3500&rs-c=0_5000&rs-y=2010_2030&s=1&p=15-50
Kia e-Soul 64 kWh Discontinued (September,https://ev-database.org/car/1749/Kia-e-Soul-64-kWh,370.0,343.0,173.0,64.0,61.0,7.9,0.0,315.0,1757.0,"Kia e-Soul 64 kWh Discontinued (September 2022 - June 2024) B 5 V2 L H G Range 370 km Efficiency 173 Wh/km Weight 1,757 kg 0-100 7.9 sec 1-Stop Range 343 km Battery 64.0 kWh Fastcharge 61 kW Towing 0 kg Cargo Vol. 315 L Price/range €122 /km €47,450 €42,695 £39,075",https://ev-database.org/#group=vehicle-group&rs-pr=10000_100000&rs-er=0_1000&rs-ld=0_1000&rs-ac=2_23&rs-dcfc=0_400&rs-ub=10_200&rs-tw=0_3000&rs-ef=100_350&rs-sa=-1_5&rs-w=1000_3500&rs-c=0_5000&rs-y=2010_2030&s=1&p=15-50
Polestar 2 Long Range Performance (MY23),https://ev-database.org/car/1777/Polestar-2-Long-Range-Performance,385.0,402.0,195.0,75.0,97.0,4.4,1500.0,440.0,2188.0,"Polestar 2 Long Range Performance (MY23) Discontinued (August 2022 - January 2023) D 5 5 V2 L H G Range* 385 km Efficiency* 195 Wh/km Weight 2,188 kg 0-100 4.4 sec 1-Stop Range 402 km Battery 75.0 kWh Fastcharge 97 kW Towing 1,500 kg Cargo Vol. 440 L Price/range* €162 /km €61,495 €62,700 £54,550",https://ev-database.org/#group=vehicle-group&rs-pr=10000_100000&rs-er=0_1000&rs-ld=0_1000&rs-ac=2_23&rs-dcfc=0_400&rs-ub=10_200&rs-tw=0_3000&rs-ef=100_350&rs-sa=-1_5&rs-w=1000_3500&rs-c=0_5000&rs-y=2010_2030&s=1&p=15-50
Kia PV5 Passenger 51.5 kWh (MY26),https://ev-database.org/car/3288/Kia-PV5-Passenger-515-kWh,230.0,257.0,209.0,48.0,75.0,12.8,750.0,1330.0,2065.0,"Kia PV5 Passenger 51.5 kWh (MY26) Available to order since May 2025 N 5 V2 L H G Range* 230 km Efficiency* 209 Wh/km Weight 2,065 kg 0-100 12.8 sec 1-Stop Range 257 km Battery* 48.0 kWh Fastcharge 75 kW Towing 750 kg Cargo Vol. 1,330 L Price/range* €166 /km €38,290 €39,995 £31,495",https://ev-database.org/#group=vehicle-group&rs-pr=10000_100000&rs-er=0_1000&rs-ld=0_1000&rs-ac=2_23&rs-dcfc=0_400&rs-ub=10_200&rs-tw=0_3000&rs-ef=100_350&rs-sa=-1_5&rs-w=1000_3500&rs-c=0_5000&rs-y=2010_2030&s=1&p=15-50
Dacia Spring Electric Discontinued (November 2021,https://ev-database.org/car/1704/Dacia-Spring-Electric,160.0,151.0,156.0,25.0,29.0,19.1,0.0,300.0,1012.0,"Dacia Spring Electric Discontinued (November 2021 - July 2022) A 4 1 V2 L H G Range* 160 km Efficiency* 156 Wh/km Weight 1,012 kg 0-100 19.1 sec 1-Stop Range 151 km Battery* 25.0 kWh Fastcharge 29 kW Towing 0 kg Cargo Vol. 300 L Price/range* €123 /km €20,490 €18,750 N/A",https://ev-database.org/#group=vehicle-group&rs-pr=10000_100000&rs-er=0_1000&rs-ld=0_1000&rs-ac=2_23&rs-dcfc=0_400&rs-ub=10_200&rs-tw=0_3000&rs-ef=100_350&rs-sa=-1_5&rs-w=1000_3500&rs-c=0_5000&rs-y=2010_2030&s=1&p=15-50
CUPRA Born 170 kW - 77,https://ev-database.org/car/2234/CUPRA-Born-170-kW---77-kWh,460.0,512.0,167.0,77.0,125.0,7.0,0.0,385.0,1965.0,"CUPRA Born 170 kW - 77 kWh (MY25-26) Discontinued (June 2024 - July 2025) C 5 V2 L H G Range* 460 km Efficiency* 167 Wh/km Weight 1,965 kg 0-100 7.0 sec 1-Stop Range 512 km Battery 77.0 kWh Fastcharge 125 kW Towing 0 kg Cargo Vol. 385 L Price/range* €99 /km €47,250 €41,990 £41,795",https://ev-database.org/#group=vehicle-group&rs-pr=10000_100000&rs-er=0_1000&rs-ld=0_1000&rs-ac=2_23&rs-dcfc=0_400&rs-ub=10_200&rs-tw=0_3000&rs-ef=100_350&rs-sa=-1_5&rs-w=1000_3500&rs-c=0_5000&rs-y=2010_2030&s=1&p=15-50
Cadillac VISTIQ 900 E4 (MY26) Available,https://ev-database.org/car/3267/Cadillac-VISTIQ-900-E4,375.0,365.0,243.0,91.0,100.0,4.1,2000.0,297.0,2899.0,"Cadillac VISTIQ 900 E4 (MY26) Available to order since May 2025 F 7 V2 L H G Range* 375 km Efficiency* 243 Wh/km Weight 2,899 kg 0-100 4.1 sec 1-Stop Range 365 km Battery 91.0 kWh Fastcharge 100 kW Towing 2,000 kg Cargo Vol. 297 L Price/range* €290 /km €108,809 N/A N/A",https://ev-database.org/#group=vehicle-group&rs-pr=10000_100000&rs-er=0_1000&rs-ld=0_1000&rs-ac=2_23&rs-dcfc=0_400&rs-ub=10_200&rs-tw=0_3000&rs-ef=100_350&rs-sa=-1_5&rs-w=1000_3500&rs-c=0_5000&rs-y=2010_2030&s=1&p=15-50
Peugeot e-3008 73 kWh Dual Motor,https://ev-database.org/car/2004/Peugeot-e-3008-73-kWh-Dual-Motor,365.0,388.0,200.0,73.0,90.0,6.0,1350.0,588.0,2337.0,"Peugeot e-3008 73 kWh Dual Motor Available to order since July 2025 C 5 4 V2 L H G Range* 365 km Efficiency* 200 Wh/km Weight 2,337 kg 0-100 6.0 sec 1-Stop Range 388 km Battery 73.0 kWh Fastcharge 90 kW Towing 1,350 kg Cargo Vol. 588 L Price/range* €166 /km €60,000 €56,515 £56,290",https://ev-database.org/#group=vehicle-group&rs-pr=10000_100000&rs-er=0_1000&rs-ld=0_1000&rs-ac=2_23&rs-dcfc=0_400&rs-ub=10_200&rs-tw=0_3000&rs-ef=100_350&rs-sa=-1_5&rs-w=1000_3500&rs-c=0_5000&rs-y=2010_2030&s=1&p=15-50
Audi S e-tron GT Available to,https://ev-database.org/car/2219/Audi-S-e-tron-GT,540.0,700.0,180.0,97.0,267.0,3.4,0.0,482.0,2385.0,"Audi S e-tron GT Available to order since June 2024 F 4 V2 L H G Range* 540 km Efficiency* 180 Wh/km Weight 2,385 kg 0-100 3.4 sec 1-Stop Range 700 km Battery 97.0 kWh Fastcharge 267 kW Towing 0 kg Cargo Vol. 482 L Price/range* €235 /km €126,000 €129,990 £107,825",https://ev-database.org/#group=vehicle-group&rs-pr=10000_100000&rs-er=0_1000&rs-ld=0_1000&rs-ac=2_23&rs-dcfc=0_400&rs-ub=10_200&rs-tw=0_3000&rs-ef=100_350&rs-sa=-1_5&rs-w=1000_3500&rs-c=0_5000&rs-y=2010_2030&s=1&p=15-50
Mercedes-Benz EQE SUV 350 4MATIC (MY25),https://ev-database.org/car/3285/Mercedes-Benz-EQE-SUV-350-4MATIC,435.0,468.0,208.0,90.6,141.0,6.0,1800.0,520.0,2565.0,"Mercedes-Benz EQE SUV 350 4MATIC (MY25) Available to order since April 2025 E 5 5 V2 L H G Range* 435 km Efficiency* 208 Wh/km Weight 2,565 kg 0-100 6.0 sec 1-Stop Range 468 km Battery 90.6 kWh Fastcharge 141 kW Towing 1,800 kg Cargo Vol. 520 L Price/range* €210 /km €89,548 €92,727 £80,005",https://ev-database.org/#group=vehicle-group&rs-pr=10000_100000&rs-er=0_1000&rs-ld=0_1000&rs-ac=2_23&rs-dcfc=0_400&rs-ub=10_200&rs-tw=0_3000&rs-ef=100_350&rs-sa=-1_5&rs-w=1000_3500&rs-c=0_5000&rs-y=2010_2030&s=1&p=15-50
Volkswagen ID.3 Pro Performance Discontinued (October,https://ev-database.org/car/1306/Volkswagen-ID3-Pro-Performance,350.0,369.0,166.0,58.0,75.0,7.3,0.0,385.0,1805.0,"Volkswagen ID.3 Pro Performance Discontinued (October 2020 - August 2021) C 5 5 V2 L H G Range 350 km Efficiency 166 Wh/km Weight 1,805 kg 0-100 7.3 sec 1-Stop Range 369 km Battery 58.0 kWh Fastcharge 75 kW Towing 0 kg Cargo Vol. 385 L Price/range €104 /km €36,495 €38,390 £29,740",https://ev-database.org/#group=vehicle-group&rs-pr=10000_100000&rs-er=0_1000&rs-ld=0_1000&rs-ac=2_23&rs-dcfc=0_400&rs-ub=10_200&rs-tw=0_3000&rs-ef=100_350&rs-sa=-1_5&rs-w=1000_3500&rs-c=0_5000&rs-y=2010_2030&s=1&p=15-50
Mercedes-Benz EQA 350 4MATIC Discontinued (May,https://ev-database.org/car/1496/Mercedes-Benz-EQA-350-4MATIC,350.0,359.0,190.0,66.5,99.0,6.0,1800.0,340.0,2105.0,"Mercedes-Benz EQA 350 4MATIC Discontinued (May 2021 - November 2023) C 5 5 V2 L H G Range 350 km Efficiency 190 Wh/km Weight 2,105 kg 0-100 6.0 sec 1-Stop Range 359 km Battery 66.5 kWh Fastcharge 99 kW Towing 1,800 kg Cargo Vol. 340 L Price/range €177 /km €56,424 €66,935 £54,510",https://ev-database.org/#group=vehicle-group&rs-pr=10000_100000&rs-er=0_1000&rs-ld=0_1000&rs-ac=2_23&rs-dcfc=0_400&rs-ub=10_200&rs-tw=0_3000&rs-ef=100_350&rs-sa=-1_5&rs-w=1000_3500&rs-c=0_5000&rs-y=2010_2030&s=1&p=15-50
Polestar 2 Long Range Performance (MY24),https://ev-database.org/car/1820/Polestar-2-Long-Range-Performance,450.0,501.0,176.0,79.0,110.0,4.2,1500.0,446.0,2180.0,"Polestar 2 Long Range Performance (MY24) Discontinued (January 2023 - September 2024) D 5 5 V2 L H G Range 450 km Efficiency 176 Wh/km Weight 2,180 kg 0-100 4.2 sec 1-Stop Range 501 km Battery 79.0 kWh Fastcharge 110 kW Towing 1,500 kg Cargo Vol. 446 L Price/range €139 /km €58,775 €61,700 £57,950",https://ev-database.org/#group=vehicle-group&rs-pr=10000_100000&rs-er=0_1000&rs-ld=0_1000&rs-ac=2_23&rs-dcfc=0_400&rs-ub=10_200&rs-tw=0_3000&rs-ef=100_350&rs-sa=-1_5&rs-w=1000_3500&rs-c=0_5000&rs-y=2010_2030&s=1&p=15-50
Ford Mustang Mach-E ER AWD (MY24),https://ev-database.org/car/2279/Ford-Mustang-Mach-E-ER-AWD,445.0,447.0,204.0,91.0,115.0,4.6,1500.0,619.0,2245.0,"Ford Mustang Mach-E ER AWD (MY24) Discontinued (July 2024 - September 2025) D 5 5 V2 L H G Range* 445 km Efficiency* 204 Wh/km Weight 2,245 kg 0-100 4.6 sec 1-Stop Range 447 km Battery 91.0 kWh Fastcharge 115 kW Towing 1,500 kg Cargo Vol. 619 L Price/range* €148 /km €65,900 €64,400 £58,415",https://ev-database.org/#group=vehicle-group&rs-pr=10000_100000&rs-er=0_1000&rs-ld=0_1000&rs-ac=2_23&rs-dcfc=0_400&rs-ub=10_200&rs-tw=0_3000&rs-ef=100_350&rs-sa=-1_5&rs-w=1000_3500&rs-c=0_5000&rs-y=2010_2030&s=1&p=15-50
Polestar 5 Performance Available to order,https://ev-database.org/car/3299/Polestar-5-Performance,530.0,637.0,200.0,106.0,210.0,3.2,1800.0,427.0,2465.0,"Polestar 5 Performance Available to order since September 2025 F 4 V2 L H G Range* 530 km Efficiency* 200 Wh/km Weight 2,465 kg 0-100 3.2 sec 1-Stop Range 637 km Battery 106.0 kWh Fastcharge 210 kW Towing 1,800 kg Cargo Vol. 427 L Price/range* €256 /km €141,600 €145,300 £104,900",https://ev-database.org/#group=vehicle-group&rs-pr=10000_100000&rs-er=0_1000&rs-ld=0_1000&rs-ac=2_23&rs-dcfc=0_400&rs-ub=10_200&rs-tw=0_3000&rs-ef=100_350&rs-sa=-1_5&rs-w=1000_3500&rs-c=0_5000&rs-y=2010_2030&s=1&p=15-50
Volvo C40 Recharge Pure Electric (MY23),https://ev-database.org/car/1655/Volvo-C40-Recharge-Pure-Electric,335.0,358.0,200.0,67.0,113.0,7.4,1500.0,450.0,2045.0,"Volvo C40 Recharge Pure Electric (MY23) Discontinued (February 2022 - April 2023) C 5 5 V2 L H G Range* 335 km Efficiency* 200 Wh/km Weight 2,045 kg 0-100 7.4 sec 1-Stop Range 358 km Battery 67.0 kWh Fastcharge 113 kW Towing 1,500 kg Cargo Vol. 450 L Price/range* €151 /km €48,850 €48,495 £47,100",https://ev-database.org/#group=vehicle-group&rs-pr=10000_100000&rs-er=0_1000&rs-ld=0_1000&rs-ac=2_23&rs-dcfc=0_400&rs-ub=10_200&rs-tw=0_3000&rs-ef=100_350&rs-sa=-1_5&rs-w=1000_3500&rs-c=0_5000&rs-y=2010_2030&s=1&p=15-50
Lotus Eletre 600 Available to order,https://ev-database.org/car/3216/Lotus-Eletre-600,495.0,597.0,220.0,109.0,246.0,4.5,2250.0,657.0,2565.0,"Lotus Eletre 600 Available to order since May 2025 F 5 V2 L H G Range* 495 km Efficiency* 220 Wh/km Weight 2,565 kg 0-100 4.5 sec 1-Stop Range 597 km Battery 109.0 kWh Fastcharge 246 kW Towing 2,250 kg Cargo Vol. 657 L Price/range* €203 /km €99,990 €103,795 £84,990",https://ev-database.org/#group=vehicle-group&rs-pr=10000_100000&rs-er=0_1000&rs-ld=0_1000&rs-ac=2_23&rs-dcfc=0_400&rs-ub=10_200&rs-tw=0_3000&rs-ef=100_350&rs-sa=-1_5&rs-w=1000_3500&rs-c=0_5000&rs-y=2010_2030&s=1&p=15-50
Subaru Uncharted 57.7 kWh (MY26) Available,https://ev-database.org/car/3435/Subaru-Uncharted-577-kWh,320.0,353.0,169.0,54.0,85.0,8.4,750.0,404.0,1815.0,"Subaru Uncharted 57.7 kWh (MY26) Available to order since January 2026 C 5 V2 L H G Range* 320 km Efficiency* 169 Wh/km Weight 1,815 kg 0-100 8.4 sec 1-Stop Range 353 km Battery 54.0 kWh Fastcharge 85 kW Towing 750 kg Cargo Vol. 404 L Price/range* €118 /km N/A €37,900 N/A",https://ev-database.org/#group=vehicle-group&rs-pr=10000_100000&rs-er=0_1000&rs-ld=0_1000&rs-ac=2_23&rs-dcfc=0_400&rs-ub=10_200&rs-tw=0_3000&rs-ef=100_350&rs-sa=-1_5&rs-w=1000_3500&rs-c=0_5000&rs-y=2010_2030&s=1&p=15-50
Audi Q4 e-tron 45 quattro (MY24),https://ev-database.org/car/2014/Audi-Q4-e-tron-45-quattro,395.0,437.0,195.0,77.0,120.0,6.6,1200.0,520.0,2235.0,"Audi Q4 e-tron 45 quattro (MY24) Available to order since September 2023 C 5 5 V2 L H G Range 395 km Efficiency 195 Wh/km Weight 2,235 kg 0-100 6.6 sec 1-Stop Range 437 km Battery 77.0 kWh Fastcharge 120 kW Towing 1,200 kg Cargo Vol. 520 L Price/range €140 /km €54,950 €49,990 £52,740",https://ev-database.org/#group=vehicle-group&rs-pr=10000_100000&rs-er=0_1000&rs-ld=0_1000&rs-ac=2_23&rs-dcfc=0_400&rs-ub=10_200&rs-tw=0_3000&rs-ef=100_350&rs-sa=-1_5&rs-w=1000_3500&rs-c=0_5000&rs-y=2010_2030&s=1&p=15-50
Genesis G80 Electrified (MY25) Available to,https://ev-database.org/car/3238/Genesis-G80-Electrified,490.0,548.0,184.0,90.0,160.0,5.1,0.0,354.0,2410.0,"Genesis G80 Electrified (MY25) Available to order since June 2025 F 5 V2 L H G Range* 490 km Efficiency* 184 Wh/km Weight 2,410 kg 0-100 5.1 sec 1-Stop Range 548 km Battery* 90.0 kWh Fastcharge 160 kW Towing 0 kg Cargo Vol. 354 L Price/range* €161 /km €76,180 €74,200 £75,615",https://ev-database.org/#group=vehicle-group&rs-pr=10000_100000&rs-er=0_1000&rs-ld=0_1000&rs-ac=2_23&rs-dcfc=0_400&rs-ub=10_200&rs-tw=0_3000&rs-ef=100_350&rs-sa=-1_5&rs-w=1000_3500&rs-c=0_5000&rs-y=2010_2030&s=1&p=15-50
Škoda Elroq RS (MY26) Discontinued (October,https://ev-database.org/car/3373/Skoda-Elroq-RS,455.0,510.0,174.0,79.0,135.0,5.4,1800.0,470.0,2190.0,"Škoda Elroq RS (MY26) Discontinued (October 2025 - April 2026) C 5 5 V2 L H G Range* 455 km Efficiency* 174 Wh/km Weight 2,190 kg 0-100 5.4 sec 1-Stop Range 510 km Battery 79.0 kWh Fastcharge 135 kW Towing 1,800 kg Cargo Vol. 470 L Price/range* €117 /km €53,050 €52,490 £46,970",https://ev-database.org/#group=vehicle-group&rs-pr=10000_100000&rs-er=0_1000&rs-ld=0_1000&rs-ac=2_23&rs-dcfc=0_400&rs-ub=10_200&rs-tw=0_3000&rs-ef=100_350&rs-sa=-1_5&rs-w=1000_3500&rs-c=0_5000&rs-y=2010_2030&s=1&p=15-50
Nissan Ariya e-4ORCE 87kWh - 225,https://ev-database.org/car/1304/Nissan-Ariya-e-4ORCE-87kWh---225-kW,405.0,391.0,215.0,87.0,80.0,5.7,1500.0,415.0,2259.0,"Nissan Ariya e-4ORCE 87kWh - 225 kW Available to order since July 2022 C 5 5 V2 L H G Range 405 km Efficiency 215 Wh/km Weight 2,259 kg 0-100 5.7 sec 1-Stop Range 391 km Battery 87.0 kWh Fastcharge 80 kW Towing 1,500 kg Cargo Vol. 415 L Price/range €136 /km €57,490 €55,690 £45,500",https://ev-database.org/#group=vehicle-group&rs-pr=10000_100000&rs-er=0_1000&rs-ld=0_1000&rs-ac=2_23&rs-dcfc=0_400&rs-ub=10_200&rs-tw=0_3000&rs-ef=100_350&rs-sa=-1_5&rs-w=1000_3500&rs-c=0_5000&rs-y=2010_2030&s=1&p=15-50
Mercedes-Benz EQS 500 4MATIC Discontinued (April,https://ev-database.org/car/2195/Mercedes-Benz-EQS-500-4MATIC,640.0,682.0,184.0,118.0,160.0,4.9,1700.0,620.0,2655.0,"Mercedes-Benz EQS 500 4MATIC Discontinued (April 2024 - April 2026) F 5 V2 L H G Range* 640 km Efficiency* 184 Wh/km Weight 2,655 kg 0-100 4.9 sec 1-Stop Range 682 km Battery 118.0 kWh Fastcharge 160 kW Towing 1,700 kg Cargo Vol. 620 L Price/range* €212 /km €125,378 €146,057 N/A",https://ev-database.org/#group=vehicle-group&rs-pr=10000_100000&rs-er=0_1000&rs-ld=0_1000&rs-ac=2_23&rs-dcfc=0_400&rs-ub=10_200&rs-tw=0_3000&rs-ef=100_350&rs-sa=-1_5&rs-w=1000_3500&rs-c=0_5000&rs-y=2010_2030&s=1&p=15-50
BYD ATTO 2 51.1 kWh Available,https://ev-database.org/car/3494/BYD-ATTO-2-511-kWh,275.0,273.0,186.0,51.1,60.0,7.9,750.0,400.0,1665.0,"BYD ATTO 2 51.1 kWh Available to order since August 2025 B 5 V2 L H G Range* 275 km Efficiency* 186 Wh/km Weight 1,665 kg 0-100 7.9 sec 1-Stop Range 273 km Battery 51.1 kWh Fastcharge 60 kW Towing 750 kg Cargo Vol. 400 L Price/range* €129 /km N/A N/A £30,875",https://ev-database.org/#group=vehicle-group&rs-pr=10000_100000&rs-er=0_1000&rs-ld=0_1000&rs-ac=2_23&rs-dcfc=0_400&rs-ub=10_200&rs-tw=0_3000&rs-ef=100_350&rs-sa=-1_5&rs-w=1000_3500&rs-c=0_5000&rs-y=2010_2030&s=1&p=15-50
Polestar 2 Long Range Single Motor,https://ev-database.org/car/2226/Polestar-2-Long-Range-Single-Motor,475.0,527.0,166.0,79.0,110.0,6.2,1500.0,448.0,2084.0,"Polestar 2 Long Range Single Motor (MY25) Discontinued (June 2024 - April 2025) D 5 5 V2 L H G Range* 475 km Efficiency* 166 Wh/km Weight 2,084 kg 0-100 6.2 sec 1-Stop Range 527 km Battery 79.0 kWh Fastcharge 110 kW Towing 1,500 kg Cargo Vol. 448 L Price/range* €112 /km €52,690 €51,200 £48,950",https://ev-database.org/#group=vehicle-group&rs-pr=10000_100000&rs-er=0_1000&rs-ld=0_1000&rs-ac=2_23&rs-dcfc=0_400&rs-ub=10_200&rs-tw=0_3000&rs-ef=100_350&rs-sa=-1_5&rs-w=1000_3500&rs-c=0_5000&rs-y=2010_2030&s=1&p=15-50
Polestar 2 Long Range Performance (MY26),https://ev-database.org/car/3153/Polestar-2-Long-Range-Performance,450.0,501.0,176.0,79.0,110.0,4.2,1500.0,448.0,2180.0,"Polestar 2 Long Range Performance (MY26) Available to order since April 2025 D 5 5 V2 L H G Range* 450 km Efficiency* 176 Wh/km Weight 2,180 kg 0-100 4.2 sec 1-Stop Range 501 km Battery 79.0 kWh Fastcharge 110 kW Towing 1,500 kg Cargo Vol. 448 L Price/range* €142 /km €63,490 €61,700 £58,160",https://ev-database.org/#group=vehicle-group&rs-pr=10000_100000&rs-er=0_1000&rs-ld=0_1000&rs-ac=2_23&rs-dcfc=0_400&rs-ub=10_200&rs-tw=0_3000&rs-ef=100_350&rs-sa=-1_5&rs-w=1000_3500&rs-c=0_5000&rs-y=2010_2030&s=1&p=16-50
Renault Zoe R90 Discontinued (August 2018,https://ev-database.org/car/1150/Renault-Zoe-R90,255.0,182.0,161.0,41.0,0.0,13.2,0.0,338.0,1548.0,"Renault Zoe R90 Discontinued (August 2018 - October 2019) B 5 5 V2 L H G Range 255 km Efficiency 161 Wh/km Weight 1,548 kg 0-100 13.2 sec 1-Stop Range 182 km Battery 41.0 kWh Fastcharge 0 kW Towing 0 kg Cargo Vol. 338 L Price/range €131 /km €34,100 €32,890 N/A",https://ev-database.org/#group=vehicle-group&rs-pr=10000_100000&rs-er=0_1000&rs-ld=0_1000&rs-ac=2_23&rs-dcfc=0_400&rs-ub=10_200&rs-tw=0_3000&rs-ef=100_350&rs-sa=-1_5&rs-w=1000_3500&rs-c=0_5000&rs-y=2010_2030&s=1&p=16-50
Polestar 2 Standard Range Single Motor,https://ev-database.org/car/1486/Polestar-2-Standard-Range-Single-Motor,345.0,358.0,177.0,61.0,75.0,7.4,1500.0,440.0,2015.0,"Polestar 2 Standard Range Single Motor (MY21) Discontinued (September 2021 - March 2022) D 5 5 V2 L H G Range 345 km Efficiency 177 Wh/km Weight 2,015 kg 0-100 7.4 sec 1-Stop Range 358 km Battery 61.0 kWh Fastcharge 75 kW Towing 1,500 kg Cargo Vol. 440 L Price/range €133 /km €45,500 €45,900 £39,900",https://ev-database.org/#group=vehicle-group&rs-pr=10000_100000&rs-er=0_1000&rs-ld=0_1000&rs-ac=2_23&rs-dcfc=0_400&rs-ub=10_200&rs-tw=0_3000&rs-ef=100_350&rs-sa=-1_5&rs-w=1000_3500&rs-c=0_5000&rs-y=2010_2030&s=1&p=16-50
Volvo XC40 Recharge Single Motor (MY24),https://ev-database.org/car/1796/Volvo-XC40-Recharge-Single-Motor,340.0,367.0,194.0,66.0,113.0,7.3,1500.0,441.0,2040.0,"Volvo XC40 Recharge Single Motor (MY24) Discontinued (December 2022 - March 2024) C 5 V2 L H G Range* 340 km Efficiency* 194 Wh/km Weight 2,040 kg 0-100 7.3 sec 1-Stop Range 367 km Battery 66.0 kWh Fastcharge 113 kW Towing 1,500 kg Cargo Vol. 441 L Price/range* €144 /km €47,500 €45,995 £46,505",https://ev-database.org/#group=vehicle-group&rs-pr=10000_100000&rs-er=0_1000&rs-ld=0_1000&rs-ac=2_23&rs-dcfc=0_400&rs-ub=10_200&rs-tw=0_3000&rs-ef=100_350&rs-sa=-1_5&rs-w=1000_3500&rs-c=0_5000&rs-y=2010_2030&s=1&p=16-50
Porsche Taycan 4S Plus Available to,https://ev-database.org/car/2101/Porsche-Taycan-4S-Plus,565.0,738.0,172.0,97.0,267.0,3.7,0.0,491.0,2325.0,"Porsche Taycan 4S Plus Available to order since February 2024 F 5 V2 L H G Range* 565 km Efficiency* 172 Wh/km Weight 2,325 kg 0-100 3.7 sec 1-Stop Range 738 km Battery 97.0 kWh Fastcharge 267 kW Towing 0 kg Cargo Vol. 491 L Price/range* €218 /km €126,422 €132,631 £96,200",https://ev-database.org/#group=vehicle-group&rs-pr=10000_100000&rs-er=0_1000&rs-ld=0_1000&rs-ac=2_23&rs-dcfc=0_400&rs-ub=10_200&rs-tw=0_3000&rs-ef=100_350&rs-sa=-1_5&rs-w=1000_3500&rs-c=0_5000&rs-y=2010_2030&s=1&p=16-50
Voyah Courage 80 kWh AWD Available,https://ev-database.org/car/3137/Voyah-Courage-80-kWh-AWD,390.0,427.0,198.0,77.3,110.0,4.9,1700.0,527.0,2302.0,"Voyah Courage 80 kWh AWD Available to order since July 2025 D 5 5 V2 L H G Range* 390 km Efficiency* 198 Wh/km Weight 2,302 kg 0-100 4.9 sec 1-Stop Range 427 km Battery 77.3 kWh Fastcharge 110 kW Towing 1,700 kg Cargo Vol. 527 L Price/range* €128 /km N/A €49,990 N/A",https://ev-database.org/#group=vehicle-group&rs-pr=10000_100000&rs-er=0_1000&rs-ld=0_1000&rs-ac=2_23&rs-dcfc=0_400&rs-ub=10_200&rs-tw=0_3000&rs-ef=100_350&rs-sa=-1_5&rs-w=1000_3500&rs-c=0_5000&rs-y=2010_2030&s=1&p=16-50
Smart #5 Summit Edition (MY25) Available,https://ev-database.org/car/3145/Smart-5-Summit-Edition,460.0,570.0,209.0,96.0,230.0,4.9,1600.0,677.0,2445.0,"Smart #5 Summit Edition (MY25) Available to order since May 2025 D 5 5 V2 L H G Range* 460 km Efficiency* 209 Wh/km Weight 2,445 kg 0-100 4.9 sec 1-Stop Range 570 km Battery* 96.0 kWh Fastcharge 230 kW Towing 1,600 kg Cargo Vol. 677 L Price/range* €125 /km €56,900 €59,440 £48,800",https://ev-database.org/#group=vehicle-group&rs-pr=10000_100000&rs-er=0_1000&rs-ld=0_1000&rs-ac=2_23&rs-dcfc=0_400&rs-ub=10_200&rs-tw=0_3000&rs-ef=100_350&rs-sa=-1_5&rs-w=1000_3500&rs-c=0_5000&rs-y=2010_2030&s=1&p=16-50
Audi Q4 e-tron 55 quattro (MY26),https://ev-database.org/car/3503/Audi-Q4-e-tron-55-quattro,395.0,437.0,195.0,77.0,120.0,5.4,1800.0,520.0,2235.0,"Audi Q4 e-tron 55 quattro (MY26) Discontinued (October 2025 - March 2026) C 5 5 V2 L H G Range* 395 km Efficiency* 195 Wh/km Weight 2,235 kg 0-100 5.4 sec 1-Stop Range 437 km Battery 77.0 kWh Fastcharge 120 kW Towing 1,800 kg Cargo Vol. 520 L Price/range* €149 /km €59,000 N/A N/A",https://ev-database.org/#group=vehicle-group&rs-pr=10000_100000&rs-er=0_1000&rs-ld=0_1000&rs-ac=2_23&rs-dcfc=0_400&rs-ub=10_200&rs-tw=0_3000&rs-ef=100_350&rs-sa=-1_5&rs-w=1000_3500&rs-c=0_5000&rs-y=2010_2030&s=1&p=16-50
Volkswagen e-Up! Discontinued (January 2014 -,https://ev-database.org/car/1041/Volkswagen-e-Up,95.0,104.0,168.0,16.0,29.0,12.4,0.0,250.0,1214.0,"Volkswagen e-Up! Discontinued (January 2014 - September 2016) A 4 V2 L H G Range 95 km Efficiency 168 Wh/km Weight 1,214 kg 0-100 12.4 sec 1-Stop Range 104 km Battery* 16.0 kWh Fastcharge 29 kW Towing 0 kg Cargo Vol. 250 L Price/range €269 /km €26,900 €25,770 £20,780",https://ev-database.org/#group=vehicle-group&rs-pr=10000_100000&rs-er=0_1000&rs-ld=0_1000&rs-ac=2_23&rs-dcfc=0_400&rs-ub=10_200&rs-tw=0_3000&rs-ef=100_350&rs-sa=-1_5&rs-w=1000_3500&rs-c=0_5000&rs-y=2010_2030&s=1&p=16-50
Mitsubishi i-MiEV Discontinued (November 2015 -,https://ev-database.org/car/1096/Mitsubishi-i-MiEV,85.0,98.0,171.0,14.5,30.0,15.9,0.0,166.0,1160.0,"Mitsubishi i-MiEV Discontinued (November 2015 - July 2018) A 4 4 V2 L H G Range 85 km Efficiency 171 Wh/km Weight 1,160 kg 0-100 15.9 sec 1-Stop Range 98 km Battery* 14.5 kWh Fastcharge 30 kW Towing 0 kg Cargo Vol. 166 L Price/range €310 /km €23,790 €27,615 £24,054",https://ev-database.org/#group=vehicle-group&rs-pr=10000_100000&rs-er=0_1000&rs-ld=0_1000&rs-ac=2_23&rs-dcfc=0_400&rs-ub=10_200&rs-tw=0_3000&rs-ef=100_350&rs-sa=-1_5&rs-w=1000_3500&rs-c=0_5000&rs-y=2010_2030&s=1&p=16-50
XPENG P7 AWD Performance Available to,https://ev-database.org/car/1822/XPENG-P7-AWD-Performance,460.0,519.0,180.0,82.7,135.0,4.1,0.0,440.0,2215.0,"XPENG P7 AWD Performance Available to order since February 2023 E 5 5 V2 L H G Range* 460 km Efficiency* 180 Wh/km Weight 2,215 kg 0-100 4.1 sec 1-Stop Range 519 km Battery 82.7 kWh Fastcharge 135 kW Towing 0 kg Cargo Vol. 440 L Price/range* €130 /km €58,600 €61,188 N/A",https://ev-database.org/#group=vehicle-group&rs-pr=10000_100000&rs-er=0_1000&rs-ld=0_1000&rs-ac=2_23&rs-dcfc=0_400&rs-ub=10_200&rs-tw=0_3000&rs-ef=100_350&rs-sa=-1_5&rs-w=1000_3500&rs-c=0_5000&rs-y=2010_2030&s=1&p=16-50
Smart #5 Pulse (MY25) Available to,https://ev-database.org/car/3144/Smart-5-Pulse,465.0,574.0,206.0,96.0,230.0,4.9,1600.0,677.0,2420.0,"Smart #5 Pulse (MY25) Available to order since May 2025 D 5 5 V2 L H G Range* 465 km Efficiency* 206 Wh/km Weight 2,420 kg 0-100 4.9 sec 1-Stop Range 574 km Battery* 96.0 kWh Fastcharge 230 kW Towing 1,600 kg Cargo Vol. 677 L Price/range* €120 /km €55,400 €57,940 £47,300",https://ev-database.org/#group=vehicle-group&rs-pr=10000_100000&rs-er=0_1000&rs-ld=0_1000&rs-ac=2_23&rs-dcfc=0_400&rs-ub=10_200&rs-tw=0_3000&rs-ef=100_350&rs-sa=-1_5&rs-w=1000_3500&rs-c=0_5000&rs-y=2010_2030&s=1&p=16-50
Zeekr X Privilege AWD (MY25) Available,https://ev-database.org/car/3199/Zeekr-X-Privilege-AWD,350.0,386.0,186.0,65.0,101.0,3.8,1600.0,383.0,2035.0,"Zeekr X Privilege AWD (MY25) Available to order since May 2025 B 5 5 V2 L H G Range* 350 km Efficiency* 186 Wh/km Weight 2,035 kg 0-100 3.8 sec 1-Stop Range 386 km Battery 65.0 kWh Fastcharge 101 kW Towing 1,600 kg Cargo Vol. 383 L Price/range* €138 /km €48,450 €48,490 N/A",https://ev-database.org/#group=vehicle-group&rs-pr=10000_100000&rs-er=0_1000&rs-ld=0_1000&rs-ac=2_23&rs-dcfc=0_400&rs-ub=10_200&rs-tw=0_3000&rs-ef=100_350&rs-sa=-1_5&rs-w=1000_3500&rs-c=0_5000&rs-y=2010_2030&s=1&p=16-50
Mercedes-Benz EQE 500 4MATIC (MY25) Available,https://ev-database.org/car/3242/Mercedes-Benz-EQE-500-4MATIC,505.0,553.0,179.0,90.6,141.0,4.4,1700.0,430.0,2490.0,"Mercedes-Benz EQE 500 4MATIC (MY25) Available to order since April 2025 E 5 5 V2 L H G Range* 505 km Efficiency* 179 Wh/km Weight 2,490 kg 0-100 4.4 sec 1-Stop Range 553 km Battery 90.6 kWh Fastcharge 141 kW Towing 1,700 kg Cargo Vol. 430 L Price/range* €176 /km €84,764 €86,304 £82,615",https://ev-database.org/#group=vehicle-group&rs-pr=10000_100000&rs-er=0_1000&rs-ld=0_1000&rs-ac=2_23&rs-dcfc=0_400&rs-ub=10_200&rs-tw=0_3000&rs-ef=100_350&rs-sa=-1_5&rs-w=1000_3500&rs-c=0_5000&rs-y=2010_2030&s=1&p=16-50
Porsche Taycan Turbo Discontinued (January 2020,https://ev-database.org/car/1229/Porsche-Taycan-Turbo,415.0,518.0,202.0,83.7,200.0,3.2,0.0,450.0,2380.0,"Porsche Taycan Turbo Discontinued (January 2020 - January 2023) F 5 5 V2 L H G Range 415 km Efficiency 202 Wh/km Weight 2,380 kg 0-100 3.2 sec 1-Stop Range 518 km Battery 83.7 kWh Fastcharge 200 kW Towing 0 kg Cargo Vol. 450 L Price/range €367 /km €156,348 €162,400 £119,900",https://ev-database.org/#group=vehicle-group&rs-pr=10000_100000&rs-er=0_1000&rs-ld=0_1000&rs-ac=2_23&rs-dcfc=0_400&rs-ub=10_200&rs-tw=0_3000&rs-ef=100_350&rs-sa=-1_5&rs-w=1000_3500&rs-c=0_5000&rs-y=2010_2030&s=1&p=16-50
Toyota Proace Verso M 50 kWh,https://ev-database.org/car/2264/Toyota-Proace-Verso-M-50-kWh,180.0,189.0,257.0,46.3,74.0,12.1,1000.0,603.0,2027.0,"Toyota Proace Verso M 50 kWh Available to order since May 2024 N 9 V2 L H G Range* 180 km Efficiency* 257 Wh/km Weight 2,027 kg 0-100 12.1 sec 1-Stop Range 189 km Battery 46.3 kWh Fastcharge 74 kW Towing 1,000 kg Cargo Vol. 603 L Price/range* €276 /km €44,230 €55,050 N/A",https://ev-database.org/#group=vehicle-group&rs-pr=10000_100000&rs-er=0_1000&rs-ld=0_1000&rs-ac=2_23&rs-dcfc=0_400&rs-ub=10_200&rs-tw=0_3000&rs-ef=100_350&rs-sa=-1_5&rs-w=1000_3500&rs-c=0_5000&rs-y=2010_2030&s=1&p=16-50
Opel Vivaro-e Combi M 75 kWh,https://ev-database.org/car/1602/Opel-Vivaro-e-Combi-M-75-kWh,265.0,252.0,260.0,69.0,77.0,13.3,1000.0,507.0,2131.0,"Opel Vivaro-e Combi M 75 kWh Discontinued (October 2020 - January 2024) N 9 V2 L H G Range* 265 km Efficiency* 260 Wh/km Weight 2,131 kg 0-100 13.3 sec 1-Stop Range 252 km Battery 69.0 kWh Fastcharge 77 kW Towing 1,000 kg Cargo Vol. 507 L Price/range* €215 /km €56,942 €57,123 N/A",https://ev-database.org/#group=vehicle-group&rs-pr=10000_100000&rs-er=0_1000&rs-ld=0_1000&rs-ac=2_23&rs-dcfc=0_400&rs-ub=10_200&rs-tw=0_3000&rs-ef=100_350&rs-sa=-1_5&rs-w=1000_3500&rs-c=0_5000&rs-y=2010_2030&s=1&p=16-50
NIO EL7 Long Range Discontinued (December,https://ev-database.org/car/1789/NIO-EL7-Long-Range,430.0,421.0,209.0,90.0,100.0,3.9,2000.0,570.0,2441.0,"NIO EL7 Long Range Discontinued (December 2022 - March 2025) F 5 5 V2 L H G Range* 430 km Efficiency* 209 Wh/km Weight 2,441 kg 0-100 3.9 sec 1-Stop Range 421 km Battery 90.0 kWh Fastcharge 100 kW Towing 2,000 kg Cargo Vol. 570 L Price/range* €224 /km €94,900 €97,900 N/A",https://ev-database.org/#group=vehicle-group&rs-pr=10000_100000&rs-er=0_1000&rs-ld=0_1000&rs-ac=2_23&rs-dcfc=0_400&rs-ub=10_200&rs-tw=0_3000&rs-ef=100_350&rs-sa=-1_5&rs-w=1000_3500&rs-c=0_5000&rs-y=2010_2030&s=1&p=16-50
Volvo EC40 Single Motor ER (MY26),https://ev-database.org/car/3155/Volvo-EC40-Single-Motor-ER,420.0,454.0,188.0,79.0,110.0,7.3,1500.0,435.0,2095.0,"Volvo EC40 Single Motor ER (MY26) Available to order since February 2025 C 5 V2 L H G Range* 420 km Efficiency* 188 Wh/km Weight 2,095 kg 0-100 7.3 sec 1-Stop Range 454 km Battery 79.0 kWh Fastcharge 110 kW Towing 1,500 kg Cargo Vol. 435 L Price/range* €135 /km €57,190 €50,495 £54,160",https://ev-database.org/#group=vehicle-group&rs-pr=10000_100000&rs-er=0_1000&rs-ld=0_1000&rs-ac=2_23&rs-dcfc=0_400&rs-ub=10_200&rs-tw=0_3000&rs-ef=100_350&rs-sa=-1_5&rs-w=1000_3500&rs-c=0_5000&rs-y=2010_2030&s=1&p=16-50
Genesis GV70 Electrified (MY25) Available to,https://ev-database.org/car/3237/Genesis-GV70-Electrified,385.0,477.0,208.0,80.0,205.0,4.4,1800.0,528.0,2335.0,"Genesis GV70 Electrified (MY25) Available to order since June 2025 D 5 V2 L H G Range* 385 km Efficiency* 208 Wh/km Weight 2,335 kg 0-100 4.4 sec 1-Stop Range 477 km Battery* 80.0 kWh Fastcharge 205 kW Towing 1,800 kg Cargo Vol. 528 L Price/range* €183 /km €70,230 €65,400 £65,915",https://ev-database.org/#group=vehicle-group&rs-pr=10000_100000&rs-er=0_1000&rs-ld=0_1000&rs-ac=2_23&rs-dcfc=0_400&rs-ub=10_200&rs-tw=0_3000&rs-ef=100_350&rs-sa=-1_5&rs-w=1000_3500&rs-c=0_5000&rs-y=2010_2030&s=1&p=16-50
Porsche Cayenne S Electric (MY26) Available,https://ev-database.org/car/3486/Porsche-Cayenne-S-Electric,520.0,663.0,208.0,108.0,290.0,3.8,3000.0,871.0,2630.0,"Porsche Cayenne S Electric (MY26) Available to order since March 2026 E 5 V2 L H G Range* 520 km Efficiency* 208 Wh/km Weight 2,630 kg 0-100 3.8 sec 1-Stop Range 663 km Battery* 108.0 kWh Fastcharge 290 kW Towing 3,000 kg Cargo Vol. 871 L Price/range* €239 /km €126,400 €131,843 £99,900",https://ev-database.org/#group=vehicle-group&rs-pr=10000_100000&rs-er=0_1000&rs-ld=0_1000&rs-ac=2_23&rs-dcfc=0_400&rs-ub=10_200&rs-tw=0_3000&rs-ef=100_350&rs-sa=-1_5&rs-w=1000_3500&rs-c=0_5000&rs-y=2010_2030&s=1&p=16-50
Citroën ë-C4 X Available to order,https://ev-database.org/car/3049/Citroen-e-C4-X,290.0,315.0,160.0,46.3,74.0,9.9,0.0,510.0,1659.0,"Citroën ë-C4 X Available to order since October 2024 C 5 4 V2 L H G Range* 290 km Efficiency* 160 Wh/km Weight 1,659 kg 0-100 9.9 sec 1-Stop Range 315 km Battery 46.3 kWh Fastcharge 74 kW Towing 0 kg Cargo Vol. 510 L Price/range* €115 /km €32,600 €36,190 £27,215",https://ev-database.org/#group=vehicle-group&rs-pr=10000_100000&rs-er=0_1000&rs-ld=0_1000&rs-ac=2_23&rs-dcfc=0_400&rs-ub=10_200&rs-tw=0_3000&rs-ef=100_350&rs-sa=-1_5&rs-w=1000_3500&rs-c=0_5000&rs-y=2010_2030&s=1&p=16-50
Citroën C-Zero Discontinued (April 2016 -,https://ev-database.org/car/1094/Citroen-C-Zero,85.0,101.0,171.0,14.5,30.0,15.9,0.0,166.0,1140.0,"Citroën C-Zero Discontinued (April 2016 - April 2020) A 4 4 V2 L H G Range 85 km Efficiency 171 Wh/km Weight 1,140 kg 0-100 15.9 sec 1-Stop Range 101 km Battery 14.5 kWh Fastcharge 30 kW Towing 0 kg Cargo Vol. 166 L Price/range €252 /km €21,800 €22,360 £17,520",https://ev-database.org/#group=vehicle-group&rs-pr=10000_100000&rs-er=0_1000&rs-ld=0_1000&rs-ac=2_23&rs-dcfc=0_400&rs-ub=10_200&rs-tw=0_3000&rs-ef=100_350&rs-sa=-1_5&rs-w=1000_3500&rs-c=0_5000&rs-y=2010_2030&s=1&p=16-50
Mercedes-Benz EQS SUV 580 4MATIC Discontinued,https://ev-database.org/car/1675/Mercedes-Benz-EQS-SUV-580-4MATIC,485.0,521.0,224.0,108.4,169.0,4.6,1800.0,645.0,2810.0,"Mercedes-Benz EQS SUV 580 4MATIC Discontinued (December 2022 - December 2023) F 7 V2 L H G Range* 485 km Efficiency* 224 Wh/km Weight 2,810 kg 0-100 4.6 sec 1-Stop Range 521 km Battery 108.4 kWh Fastcharge 169 kW Towing 1,800 kg Cargo Vol. 645 L Price/range* €323 /km €135,434 €173,825 £139,470",https://ev-database.org/#group=vehicle-group&rs-pr=10000_100000&rs-er=0_1000&rs-ld=0_1000&rs-ac=2_23&rs-dcfc=0_400&rs-ub=10_200&rs-tw=0_3000&rs-ef=100_350&rs-sa=-1_5&rs-w=1000_3500&rs-c=0_5000&rs-y=2010_2030&s=1&p=16-50
Hongqi E-HS9 120 kWh Available to,https://ev-database.org/car/2050/Hongqi-E-HS9-120-kWh,455.0,418.0,246.0,112.0,,4.9,1500.0,438.0,2850.0,"Hongqi E-HS9 120 kWh Available to order since September 2023 F 5 5 V2 L H G Range* 455 km Efficiency* 246 Wh/km Weight 2,850 kg 0-100 4.9 sec 1-Stop Range 418 km Battery 112.0 kWh Fastcharge* 110 kW Towing 1,500 kg Cargo Vol. 438 L Price/range* €187 /km N/A €84,995 N/A",https://ev-database.org/#group=vehicle-group&rs-pr=10000_100000&rs-er=0_1000&rs-ld=0_1000&rs-ac=2_23&rs-dcfc=0_400&rs-ub=10_200&rs-tw=0_3000&rs-ef=100_350&rs-sa=-1_5&rs-w=1000_3500&rs-c=0_5000&rs-y=2010_2030&s=1&p=16-50
Audi Q4 Sportback e-tron 40 (MY21-23),https://ev-database.org/car/1528/Audi-Q4-Sportback-e-tron-40,425.0,453.0,180.0,76.6,124.0,8.5,1000.0,535.0,2120.0,"Audi Q4 Sportback e-tron 40 (MY21-23) Discontinued (August 2021 - January 2024) C 5 5 V2 L H G Range* 425 km Efficiency* 180 Wh/km Weight 2,120 kg 0-100 8.5 sec 1-Stop Range 453 km Battery 76.6 kWh Fastcharge 124 kW Towing 1,000 kg Cargo Vol. 535 L Price/range* €138 /km €53,900 €61,465 £52,130",https://ev-database.org/#group=vehicle-group&rs-pr=10000_100000&rs-er=0_1000&rs-ld=0_1000&rs-ac=2_23&rs-dcfc=0_400&rs-ub=10_200&rs-tw=0_3000&rs-ef=100_350&rs-sa=-1_5&rs-w=1000_3500&rs-c=0_5000&rs-y=2010_2030&s=1&p=16-50
Mercedes-Benz EQA 350 4MATIC Available to,https://ev-database.org/car/1987/Mercedes-Benz-EQA-350-4MATIC,350.0,359.0,190.0,66.5,,6.0,1800.0,340.0,2110.0,"Mercedes-Benz EQA 350 4MATIC Available to order since October 2023 C 5 V2 L H G Range* 350 km Efficiency* 190 Wh/km Weight 2,110 kg 0-100 6.0 sec 1-Stop Range 359 km Battery 66.5 kWh Fastcharge* 100 kW Towing 1,800 kg Cargo Vol. 340 L Price/range* €178 /km €56,424 €67,691 £54,510",https://ev-database.org/#group=vehicle-group&rs-pr=10000_100000&rs-er=0_1000&rs-ld=0_1000&rs-ac=2_23&rs-dcfc=0_400&rs-ub=10_200&rs-tw=0_3000&rs-ef=100_350&rs-sa=-1_5&rs-w=1000_3500&rs-c=0_5000&rs-y=2010_2030&s=1&p=16-50
Škoda Enyaq Coupe 85 (MY24) Discontinued,https://ev-database.org/car/2024/Skoda-Enyaq-Coupe-85,460.0,484.0,167.0,77.0,120.0,6.7,1000.0,570.0,2140.0,"Škoda Enyaq Coupe 85 (MY24) Discontinued (September 2023 - January 2025) C 5 5 V2 L H G Range* 460 km Efficiency* 167 Wh/km Weight 2,140 kg 0-100 6.7 sec 1-Stop Range 484 km Battery 77.0 kWh Fastcharge 120 kW Towing 1,000 kg Cargo Vol. 570 L Price/range* €114 /km €51,150 €52,490 £46,440",https://ev-database.org/#group=vehicle-group&rs-pr=10000_100000&rs-er=0_1000&rs-ld=0_1000&rs-ac=2_23&rs-dcfc=0_400&rs-ub=10_200&rs-tw=0_3000&rs-ef=100_350&rs-sa=-1_5&rs-w=1000_3500&rs-c=0_5000&rs-y=2010_2030&s=1&p=16-50
Lotus Emeya Discontinued (March 2024 -,https://ev-database.org/car/2141/Lotus-Emeya,520.0,693.0,190.0,98.9,328.0,4.2,2250.0,543.0,2555.0,"Lotus Emeya Discontinued (March 2024 - April 2025) F 5 V2 L H G Range* 520 km Efficiency* 190 Wh/km Weight 2,555 kg 0-100 4.2 sec 1-Stop Range 693 km Battery 98.9 kWh Fastcharge 328 kW Towing 2,250 kg Cargo Vol. 543 L Price/range* €209 /km €106,400 €109,685 £96,255",https://ev-database.org/#group=vehicle-group&rs-pr=10000_100000&rs-er=0_1000&rs-ld=0_1000&rs-ac=2_23&rs-dcfc=0_400&rs-ub=10_200&rs-tw=0_3000&rs-ef=100_350&rs-sa=-1_5&rs-w=1000_3500&rs-c=0_5000&rs-y=2010_2030&s=1&p=16-50
BMW i4 xDrive40 Discontinued (June 2024,https://ev-database.org/car/2200/BMW-i4-xDrive40,490.0,556.0,166.0,81.3,130.0,5.1,1600.0,470.0,2260.0,"BMW i4 xDrive40 Discontinued (June 2024 - July 2025) D 5 V2 L H G Range* 490 km Efficiency* 166 Wh/km Weight 2,260 kg 0-100 5.1 sec 1-Stop Range 556 km Battery 81.3 kWh Fastcharge 130 kW Towing 1,600 kg Cargo Vol. 470 L Price/range* €132 /km €63,000 €65,899 N/A",https://ev-database.org/#group=vehicle-group&rs-pr=10000_100000&rs-er=0_1000&rs-ld=0_1000&rs-ac=2_23&rs-dcfc=0_400&rs-ub=10_200&rs-tw=0_3000&rs-ef=100_350&rs-sa=-1_5&rs-w=1000_3500&rs-c=0_5000&rs-y=2010_2030&s=1&p=16-50
Mercedes-Benz EQV 300 Long Discontinued (September,https://ev-database.org/car/1240/Mercedes-Benz-EQV-300-Long,310.0,285.0,290.0,90.0,95.0,12.1,0.0,1030.0,2635.0,"Mercedes-Benz EQV 300 Long Discontinued (September 2020 - February 2024) N 7 V2 L H G Range 310 km Efficiency 290 Wh/km Weight 2,635 kg 0-100 12.1 sec 1-Stop Range 285 km Battery 90.0 kWh Fastcharge 95 kW Towing 0 kg Cargo Vol. 1,030 L Price/range €276 /km €71,626 €83,617 £87,995",https://ev-database.org/#group=vehicle-group&rs-pr=10000_100000&rs-er=0_1000&rs-ld=0_1000&rs-ac=2_23&rs-dcfc=0_400&rs-ub=10_200&rs-tw=0_3000&rs-ef=100_350&rs-sa=-1_5&rs-w=1000_3500&rs-c=0_5000&rs-y=2010_2030&s=1&p=16-50
Lotus Eletre R Discontinued (March 2023,https://ev-database.org/car/1768/Lotus-Eletre-R,455.0,553.0,240.0,109.0,246.0,2.9,2250.0,657.0,2725.0,"Lotus Eletre R Discontinued (March 2023 - April 2025) F 5 V2 L H G Range* 455 km Efficiency* 240 Wh/km Weight 2,725 kg 0-100 2.9 sec 1-Stop Range 553 km Battery 109.0 kWh Fastcharge 246 kW Towing 2,250 kg Cargo Vol. 657 L Price/range* €326 /km €151,990 €154,090 £121,305",https://ev-database.org/#group=vehicle-group&rs-pr=10000_100000&rs-er=0_1000&rs-ld=0_1000&rs-ac=2_23&rs-dcfc=0_400&rs-ub=10_200&rs-tw=0_3000&rs-ef=100_350&rs-sa=-1_5&rs-w=1000_3500&rs-c=0_5000&rs-y=2010_2030&s=1&p=16-50
Porsche Macan GTS Electric (MY26) Available,https://ev-database.org/car/3381/Porsche-Macan-GTS-Electric,465.0,546.0,204.0,94.9,186.0,3.8,2500.0,560.0,2470.0,"Porsche Macan GTS Electric (MY26) Available to order since October 2025 D 5 5 V2 L H G Range* 465 km Efficiency* 204 Wh/km Weight 2,470 kg 0-100 3.8 sec 1-Stop Range 546 km Battery 94.9 kWh Fastcharge 186 kW Towing 2,500 kg Cargo Vol. 560 L Price/range* €227 /km €104,200 €109,700 £89,000",https://ev-database.org/#group=vehicle-group&rs-pr=10000_100000&rs-er=0_1000&rs-ld=0_1000&rs-ac=2_23&rs-dcfc=0_400&rs-ub=10_200&rs-tw=0_3000&rs-ef=100_350&rs-sa=-1_5&rs-w=1000_3500&rs-c=0_5000&rs-y=2010_2030&s=1&p=16-50
Renault Megane E-Tech EV60 130hp Discontinued,https://ev-database.org/car/1588/Renault-Megane-E-Tech-EV60-130hp,380.0,404.0,158.0,60.0,80.0,10.5,500.0,440.0,1699.0,"Renault Megane E-Tech EV60 130hp Discontinued (April 2022 - March 2025) C 5 5 V2 L H G Range* 380 km Efficiency* 158 Wh/km Weight 1,699 kg 0-100 10.5 sec 1-Stop Range 404 km Battery 60.0 kWh Fastcharge 80 kW Towing 500 kg Cargo Vol. 440 L Price/range* €111 /km €47,000 €37,490 N/A",https://ev-database.org/#group=vehicle-group&rs-pr=10000_100000&rs-er=0_1000&rs-ld=0_1000&rs-ac=2_23&rs-dcfc=0_400&rs-ub=10_200&rs-tw=0_3000&rs-ef=100_350&rs-sa=-1_5&rs-w=1000_3500&rs-c=0_5000&rs-y=2010_2030&s=1&p=16-50
Genesis GV60 Premium (MY22-24) Discontinued (June,https://ev-database.org/car/1647/Genesis-GV60-Premium,390.0,482.0,190.0,74.0,196.0,7.8,1600.0,432.0,1975.0,"Genesis GV60 Premium (MY22-24) Discontinued (June 2022 - July 2025) C 5 5 V2 L H G Range* 390 km Efficiency* 190 Wh/km Weight 1,975 kg 0-100 7.8 sec 1-Stop Range 482 km Battery* 74.0 kWh Fastcharge 196 kW Towing 1,600 kg Cargo Vol. 432 L Price/range* €159 /km N/A N/A £53,905",https://ev-database.org/#group=vehicle-group&rs-pr=10000_100000&rs-er=0_1000&rs-ld=0_1000&rs-ac=2_23&rs-dcfc=0_400&rs-ub=10_200&rs-tw=0_3000&rs-ef=100_350&rs-sa=-1_5&rs-w=1000_3500&rs-c=0_5000&rs-y=2010_2030&s=1&p=16-50
GWM ORA 07 GT Available to,https://ev-database.org/car/2247/GWM-ORA-07-GT,430.0,389.0,194.0,83.5,80.0,4.5,0.0,333.0,2210.0,"GWM ORA 07 GT Available to order since July 2024 D 5 V2 L H G Range* 430 km Efficiency* 194 Wh/km Weight 2,210 kg 0-100 4.5 sec 1-Stop Range 389 km Battery 83.5 kWh Fastcharge 80 kW Towing 0 kg Cargo Vol. 333 L Price/range* €124 /km €53,490 N/A N/A",https://ev-database.org/#group=vehicle-group&rs-pr=10000_100000&rs-er=0_1000&rs-ld=0_1000&rs-ac=2_23&rs-dcfc=0_400&rs-ub=10_200&rs-tw=0_3000&rs-ef=100_350&rs-sa=-1_5&rs-w=1000_3500&rs-c=0_5000&rs-y=2010_2030&s=1&p=16-50
Smart EQ fortwo cabrio Discontinued (January,https://ev-database.org/car/1231/Smart-EQ-fortwo-cabrio,95.0,66.0,176.0,16.7,0.0,11.9,0.0,260.0,1125.0,"Smart EQ fortwo cabrio Discontinued (January 2020 - May 2023) A 2 V2 L H G Range 95 km Efficiency 176 Wh/km Weight 1,125 kg 0-100 11.9 sec 1-Stop Range 66 km Battery* 16.7 kWh Fastcharge 0 kW Towing 0 kg Cargo Vol. 260 L Price/range €286 /km €25,200 €27,910 £24,645",https://ev-database.org/#group=vehicle-group&rs-pr=10000_100000&rs-er=0_1000&rs-ld=0_1000&rs-ac=2_23&rs-dcfc=0_400&rs-ub=10_200&rs-tw=0_3000&rs-ef=100_350&rs-sa=-1_5&rs-w=1000_3500&rs-c=0_5000&rs-y=2010_2030&s=1&p=16-50
Volvo EX90 Twin Motor Performance (MY26),https://ev-database.org/car/3325/Volvo-EX90-Twin-Motor-Performance,465.0,547.0,219.0,102.0,200.0,4.2,2200.0,703.0,2725.0,"Volvo EX90 Twin Motor Performance (MY26) Available to order since September 2025 F 7 5 V2 L H G Range* 465 km Efficiency* 219 Wh/km Weight 2,725 kg 0-100 4.2 sec 1-Stop Range 547 km Battery 102.0 kWh Fastcharge 200 kW Towing 2,200 kg Cargo Vol. 703 L Price/range* €226 /km €101,290 €99,495 £99,960",https://ev-database.org/#group=vehicle-group&rs-pr=10000_100000&rs-er=0_1000&rs-ld=0_1000&rs-ac=2_23&rs-dcfc=0_400&rs-ub=10_200&rs-tw=0_3000&rs-ef=100_350&rs-sa=-1_5&rs-w=1000_3500&rs-c=0_5000&rs-y=2010_2030&s=1&p=16-50
Kia e-Soul 64 kWh Discontinued (January,https://ev-database.org/car/1154/Kia-e-Soul-64-kWh,370.0,343.0,173.0,64.0,61.0,7.9,0.0,315.0,1757.0,"Kia e-Soul 64 kWh Discontinued (January 2020 - September 2021) B 5 V2 L H G Range 370 km Efficiency 173 Wh/km Weight 1,757 kg 0-100 7.9 sec 1-Stop Range 343 km Battery 64.0 kWh Fastcharge 61 kW Towing 0 kg Cargo Vol. 315 L Price/range €113 /km €36,837 €44,985 £37,545",https://ev-database.org/#group=vehicle-group&rs-pr=10000_100000&rs-er=0_1000&rs-ld=0_1000&rs-ac=2_23&rs-dcfc=0_400&rs-ub=10_200&rs-tw=0_3000&rs-ef=100_350&rs-sa=-1_5&rs-w=1000_3500&rs-c=0_5000&rs-y=2010_2030&s=1&p=16-50
Porsche Taycan Turbo GT Weissach Available,https://ev-database.org/car/2145/Porsche-Taycan-Turbo-GT-Weissach,475.0,610.0,204.0,97.0,267.0,2.2,0.0,451.0,2295.0,"Porsche Taycan Turbo GT Weissach Available to order since March 2024 F 2 V2 L H G Range* 475 km Efficiency* 204 Wh/km Weight 2,295 kg 0-100 2.2 sec 1-Stop Range 610 km Battery 97.0 kWh Fastcharge 267 kW Towing 0 kg Cargo Vol. 451 L Price/range* €496 /km €240,000 €249,900 £189,200",https://ev-database.org/#group=vehicle-group&rs-pr=10000_100000&rs-er=0_1000&rs-ld=0_1000&rs-ac=2_23&rs-dcfc=0_400&rs-ub=10_200&rs-tw=0_3000&rs-ef=100_350&rs-sa=-1_5&rs-w=1000_3500&rs-c=0_5000&rs-y=2010_2030&s=1&p=16-50
Volkswagen ID. Buzz NWB Pure Available,https://ev-database.org/car/3119/Volkswagen-ID-Buzz-NWB-Pure,265.0,301.0,223.0,59.0,110.0,10.7,1000.0,1121.0,2367.0,"Volkswagen ID. Buzz NWB Pure Available to order since August 2024 N 6 V2 L H G Range* 265 km Efficiency* 223 Wh/km Weight 2,367 kg 0-100 10.7 sec 1-Stop Range 301 km Battery 59.0 kWh Fastcharge 110 kW Towing 1,000 kg Cargo Vol. 1,121 L Price/range* €189 /km €49,998 €49,990 N/A",https://ev-database.org/#group=vehicle-group&rs-pr=10000_100000&rs-er=0_1000&rs-ld=0_1000&rs-ac=2_23&rs-dcfc=0_400&rs-ub=10_200&rs-tw=0_3000&rs-ef=100_350&rs-sa=-1_5&rs-w=1000_3500&rs-c=0_5000&rs-y=2010_2030&s=1&p=16-50
Opel Grandland Electric 73 kWh AWD,https://ev-database.org/car/3201/Opel-Grandland-Electric-73-kWh-AWD,355.0,374.0,206.0,73.0,90.0,6.1,1350.0,485.0,2290.0,"Opel Grandland Electric 73 kWh AWD Available to order since July 2025 C 5 5 V2 L H G Range* 355 km Efficiency* 206 Wh/km Weight 2,290 kg 0-100 6.1 sec 1-Stop Range 374 km Battery 73.0 kWh Fastcharge 90 kW Towing 1,350 kg Cargo Vol. 485 L Price/range* €139 /km €51,750 €55,999 £35,495",https://ev-database.org/#group=vehicle-group&rs-pr=10000_100000&rs-er=0_1000&rs-ld=0_1000&rs-ac=2_23&rs-dcfc=0_400&rs-ub=10_200&rs-tw=0_3000&rs-ef=100_350&rs-sa=-1_5&rs-w=1000_3500&rs-c=0_5000&rs-y=2010_2030&s=1&p=16-50
Smart #1 Pulse (MY23) Available to,https://ev-database.org/car/1920/Smart-1-Pulse,325.0,350.0,191.0,62.0,90.0,4.5,1600.0,328.0,1975.0,"Smart #1 Pulse (MY23) Available to order since June 2023 B 5 5 V2 L H G Range* 325 km Efficiency* 191 Wh/km Weight 1,975 kg 0-100 4.5 sec 1-Stop Range 350 km Battery 62.0 kWh Fastcharge 90 kW Towing 1,600 kg Cargo Vol. 328 L Price/range* €137 /km €46,490 €42,500 N/A",https://ev-database.org/#group=vehicle-group&rs-pr=10000_100000&rs-er=0_1000&rs-ld=0_1000&rs-ac=2_23&rs-dcfc=0_400&rs-ub=10_200&rs-tw=0_3000&rs-ef=100_350&rs-sa=-1_5&rs-w=1000_3500&rs-c=0_5000&rs-y=2010_2030&s=1&p=16-50
Mercedes-Benz EQE SUV 350 4MATIC (MY23-24),https://ev-database.org/car/2047/Mercedes-Benz-EQE-SUV-350-4MATIC,435.0,468.0,208.0,90.6,141.0,6.6,1800.0,520.0,2560.0,"Mercedes-Benz EQE SUV 350 4MATIC (MY23-24) Discontinued (October 2023 - April 2025) E 5 5 V2 L H G Range* 435 km Efficiency* 208 Wh/km Weight 2,560 kg 0-100 6.6 sec 1-Stop Range 468 km Battery 90.6 kWh Fastcharge 141 kW Towing 1,800 kg Cargo Vol. 520 L Price/range* €215 /km €89,548 €99,089 £79,940",https://ev-database.org/#group=vehicle-group&rs-pr=10000_100000&rs-er=0_1000&rs-ld=0_1000&rs-ac=2_23&rs-dcfc=0_400&rs-ub=10_200&rs-tw=0_3000&rs-ef=100_350&rs-sa=-1_5&rs-w=1000_3500&rs-c=0_5000&rs-y=2010_2030&s=1&p=16-50
Porsche Taycan 4 Cross Turismo Available,https://ev-database.org/car/2110/Porsche-Taycan-4-Cross-Turismo,510.0,655.0,190.0,97.0,267.0,4.7,0.0,530.0,2355.0,"Porsche Taycan 4 Cross Turismo Available to order since February 2024 F 5 V2 L H G Range* 510 km Efficiency* 190 Wh/km Weight 2,355 kg 0-100 4.7 sec 1-Stop Range 655 km Battery 97.0 kWh Fastcharge 267 kW Towing 0 kg Cargo Vol. 530 L Price/range* €225 /km €113,100 €119,400 £96,800",https://ev-database.org/#group=vehicle-group&rs-pr=10000_100000&rs-er=0_1000&rs-ld=0_1000&rs-ac=2_23&rs-dcfc=0_400&rs-ub=10_200&rs-tw=0_3000&rs-ef=100_350&rs-sa=-1_5&rs-w=1000_3500&rs-c=0_5000&rs-y=2010_2030&s=1&p=16-50
Tesla Model S 60 Discontinued (June,https://ev-database.org/car/1072/Tesla-Model-S-60,345.0,370.0,180.0,62.0,95.0,5.8,,895.0,2102.0,"Tesla Model S 60 Discontinued (June 2016 - April 2017) F 5 V2 L H G Range 345 km Efficiency 180 Wh/km Weight 2,102 kg 0-100 5.8 sec 1-Stop Range 370 km Battery* 62.0 kWh Fastcharge 95 kW Towing unknown Cargo Vol. 895 L Price/range €221 /km €69,019 €83,585 N/A",https://ev-database.org/#group=vehicle-group&rs-pr=10000_100000&rs-er=0_1000&rs-ld=0_1000&rs-ac=2_23&rs-dcfc=0_400&rs-ub=10_200&rs-tw=0_3000&rs-ef=100_350&rs-sa=-1_5&rs-w=1000_3500&rs-c=0_5000&rs-y=2010_2030&s=1&p=16-50
Smart #1 Pro (MY24) Available to,https://ev-database.org/car/2041/Smart-1-Pro,250.0,280.0,188.0,47.0,65.0,6.7,0.0,338.0,1855.0,"Smart #1 Pro (MY24) Available to order since November 2023 B 5 5 V2 L H G Range* 250 km Efficiency* 188 Wh/km Weight 1,855 kg 0-100 6.7 sec 1-Stop Range 280 km Battery 47.0 kWh Fastcharge 65 kW Towing 0 kg Cargo Vol. 338 L Price/range* €147 /km €37,490 €34,500 £32,960",https://ev-database.org/#group=vehicle-group&rs-pr=10000_100000&rs-er=0_1000&rs-ld=0_1000&rs-ac=2_23&rs-dcfc=0_400&rs-ub=10_200&rs-tw=0_3000&rs-ef=100_350&rs-sa=-1_5&rs-w=1000_3500&rs-c=0_5000&rs-y=2010_2030&s=1&p=16-50
Škoda Enyaq RS (MY25) Discontinued (May,https://ev-database.org/car/3184/Skoda-Enyaq-RS,460.0,520.0,172.0,79.0,135.0,5.4,1200.0,585.0,2236.0,"Škoda Enyaq RS (MY25) Discontinued (May 2025 - October 2025) C 5 5 V2 L H G Range* 460 km Efficiency* 172 Wh/km Weight 2,236 kg 0-100 5.4 sec 1-Stop Range 520 km Battery 79.0 kWh Fastcharge 135 kW Towing 1,200 kg Cargo Vol. 585 L Price/range* €127 /km €58,600 €56,490 £51,960",https://ev-database.org/#group=vehicle-group&rs-pr=10000_100000&rs-er=0_1000&rs-ld=0_1000&rs-ac=2_23&rs-dcfc=0_400&rs-ub=10_200&rs-tw=0_3000&rs-ef=100_350&rs-sa=-1_5&rs-w=1000_3500&rs-c=0_5000&rs-y=2010_2030&s=1&p=16-50
Cadillac OPTIQ 500 E4 (MY26) Available,https://ev-database.org/car/3371/Cadillac-OPTIQ-500-E4,365.0,359.0,205.0,75.0,90.0,6.7,680.0,443.0,2376.0,"Cadillac OPTIQ 500 E4 (MY26) Available to order since October 2025 D 5 5 V2 L H G Range* 365 km Efficiency* 205 Wh/km Weight 2,376 kg 0-100 6.7 sec 1-Stop Range 359 km Battery 75.0 kWh Fastcharge 90 kW Towing 680 kg Cargo Vol. 443 L Price/range* €178 /km €65,000 N/A N/A",https://ev-database.org/#group=vehicle-group&rs-pr=10000_100000&rs-er=0_1000&rs-ld=0_1000&rs-ac=2_23&rs-dcfc=0_400&rs-ub=10_200&rs-tw=0_3000&rs-ef=100_350&rs-sa=-1_5&rs-w=1000_3500&rs-c=0_5000&rs-y=2010_2030&s=1&p=16-50
Ford Mustang Mach-E ER AWD (MY21),https://ev-database.org/car/1245/Ford-Mustang-Mach-E-ER-AWD,430.0,401.0,205.0,88.0,84.0,5.8,750.0,619.0,2257.0,"Ford Mustang Mach-E ER AWD (MY21) Discontinued (April 2021 - April 2022) D 5 5 V2 L H G Range 430 km Efficiency 205 Wh/km Weight 2,257 kg 0-100 5.8 sec 1-Stop Range 401 km Battery 88.0 kWh Fastcharge 84 kW Towing 750 kg Cargo Vol. 619 L Price/range €154 /km €63,700 €67,640 £58,230",https://ev-database.org/#group=vehicle-group&rs-pr=10000_100000&rs-er=0_1000&rs-ld=0_1000&rs-ac=2_23&rs-dcfc=0_400&rs-ub=10_200&rs-tw=0_3000&rs-ef=100_350&rs-sa=-1_5&rs-w=1000_3500&rs-c=0_5000&rs-y=2010_2030&s=1&p=16-50
Volvo XC40 Recharge Twin Pure Electric,https://ev-database.org/car/1593/Volvo-XC40-Recharge-Twin-Pure-Electric,350.0,362.0,214.0,75.0,97.0,4.9,1800.0,450.0,2188.0,"Volvo XC40 Recharge Twin Pure Electric (MY23) Discontinued (February 2022 - April 2023) C 5 5 V2 L H G Range* 350 km Efficiency* 214 Wh/km Weight 2,188 kg 0-100 4.9 sec 1-Stop Range 362 km Battery 75.0 kWh Fastcharge 97 kW Towing 1,800 kg Cargo Vol. 450 L Price/range* €171 /km €56,150 €57,495 £57,000",https://ev-database.org/#group=vehicle-group&rs-pr=10000_100000&rs-er=0_1000&rs-ld=0_1000&rs-ac=2_23&rs-dcfc=0_400&rs-ub=10_200&rs-tw=0_3000&rs-ef=100_350&rs-sa=-1_5&rs-w=1000_3500&rs-c=0_5000&rs-y=2010_2030&s=1&p=17-50
Mercedes-Benz EQA 250+ Discontinued (June 2022,https://ev-database.org/car/1698/Mercedes-Benz-EQA-250plus,420.0,414.0,168.0,70.5,90.0,8.6,750.0,340.0,2045.0,"Mercedes-Benz EQA 250+ Discontinued (June 2022 - November 2023) C 5 5 V2 L H G Range 420 km Efficiency 168 Wh/km Weight 2,045 kg 0-100 8.6 sec 1-Stop Range 414 km Battery 70.5 kWh Fastcharge 90 kW Towing 750 kg Cargo Vol. 340 L Price/range €129 /km €52,205 €52,546 £49,750",https://ev-database.org/#group=vehicle-group&rs-pr=10000_100000&rs-er=0_1000&rs-ld=0_1000&rs-ac=2_23&rs-dcfc=0_400&rs-ub=10_200&rs-tw=0_3000&rs-ef=100_350&rs-sa=-1_5&rs-w=1000_3500&rs-c=0_5000&rs-y=2010_2030&s=1&p=17-50
Zeekr 001 Privilege AWD (MY24) Available,https://ev-database.org/car/1935/Zeekr-001-Privilege-AWD,480.0,521.0,196.0,94.0,135.0,3.8,2000.0,569.0,2410.0,"Zeekr 001 Privilege AWD (MY24) Available to order since September 2023 E 5 5 V2 L H G Range 480 km Efficiency 196 Wh/km Weight 2,410 kg 0-100 3.8 sec 1-Stop Range 521 km Battery 94.0 kWh Fastcharge 135 kW Towing 2,000 kg Cargo Vol. 569 L Price/range €150 /km €71,950 €71,990 N/A",https://ev-database.org/#group=vehicle-group&rs-pr=10000_100000&rs-er=0_1000&rs-ld=0_1000&rs-ac=2_23&rs-dcfc=0_400&rs-ub=10_200&rs-tw=0_3000&rs-ef=100_350&rs-sa=-1_5&rs-w=1000_3500&rs-c=0_5000&rs-y=2010_2030&s=1&p=17-50
Abarth 600e Scorpionissima (MY24-25) Discontinued (October,https://ev-database.org/car/3057/Abarth-600e-Scorpionissima,280.0,297.0,181.0,50.8,79.0,5.9,0.0,360.0,1700.0,"Abarth 600e Scorpionissima (MY24-25) Discontinued (October 2024 - April 2026) B 5 V2 L H G Range* 280 km Efficiency* 181 Wh/km Weight 1,700 kg 0-100 5.9 sec 1-Stop Range 297 km Battery 50.8 kWh Fastcharge 79 kW Towing 0 kg Cargo Vol. 360 L Price/range* €170 /km €48,990 €49,990 £37,995",https://ev-database.org/#group=vehicle-group&rs-pr=10000_100000&rs-er=0_1000&rs-ld=0_1000&rs-ac=2_23&rs-dcfc=0_400&rs-ub=10_200&rs-tw=0_3000&rs-ef=100_350&rs-sa=-1_5&rs-w=1000_3500&rs-c=0_5000&rs-y=2010_2030&s=1&p=17-50
Volvo ES90 Twin Motor Performance (MY26),https://ev-database.org/car/3130/Volvo-ES90-Twin-Motor-Performance,535.0,642.0,191.0,102.0,200.0,4.0,2000.0,468.0,2610.0,"Volvo ES90 Twin Motor Performance (MY26) Available to order since March 2025 F 5 V2 L H G Range* 535 km Efficiency* 191 Wh/km Weight 2,610 kg 0-100 4.0 sec 1-Stop Range 642 km Battery 102.0 kWh Fastcharge 200 kW Towing 2,000 kg Cargo Vol. 468 L Price/range* €178 /km €94,490 €91,495 £87,350",https://ev-database.org/#group=vehicle-group&rs-pr=10000_100000&rs-er=0_1000&rs-ld=0_1000&rs-ac=2_23&rs-dcfc=0_400&rs-ub=10_200&rs-tw=0_3000&rs-ef=100_350&rs-sa=-1_5&rs-w=1000_3500&rs-c=0_5000&rs-y=2010_2030&s=1&p=17-50
Škoda Enyaq Coupe RS (MY26) Discontinued,https://ev-database.org/car/3377/Skoda-Enyaq-Coupe-RS,470.0,534.0,168.0,79.0,135.0,5.4,1800.0,570.0,2239.0,"Škoda Enyaq Coupe RS (MY26) Discontinued (October 2025 - April 2026) C 5 5 V2 L H G Range* 470 km Efficiency* 168 Wh/km Weight 2,239 kg 0-100 5.4 sec 1-Stop Range 534 km Battery 79.0 kWh Fastcharge 135 kW Towing 1,800 kg Cargo Vol. 570 L Price/range* €127 /km €60,850 €55,490 £54,370",https://ev-database.org/#group=vehicle-group&rs-pr=10000_100000&rs-er=0_1000&rs-ld=0_1000&rs-ac=2_23&rs-dcfc=0_400&rs-ub=10_200&rs-tw=0_3000&rs-ef=100_350&rs-sa=-1_5&rs-w=1000_3500&rs-c=0_5000&rs-y=2010_2030&s=1&p=17-50
Mercedes-Benz EQS 350 Discontinued (December 2021,https://ev-database.org/car/1562/Mercedes-Benz-EQS-350,540.0,601.0,168.0,90.6,141.0,6.6,750.0,610.0,2390.0,"Mercedes-Benz EQS 350 Discontinued (December 2021 - June 2022) F 5 5 V2 L H G Range* 540 km Efficiency* 168 Wh/km Weight 2,390 kg 0-100 6.6 sec 1-Stop Range 601 km Battery 90.6 kWh Fastcharge 141 kW Towing 750 kg Cargo Vol. 610 L Price/range* €175 /km €97,806 €91,303 N/A",https://ev-database.org/#group=vehicle-group&rs-pr=10000_100000&rs-er=0_1000&rs-ld=0_1000&rs-ac=2_23&rs-dcfc=0_400&rs-ub=10_200&rs-tw=0_3000&rs-ef=100_350&rs-sa=-1_5&rs-w=1000_3500&rs-c=0_5000&rs-y=2010_2030&s=1&p=17-50
Peugeot e-308 SW 58 kWh (MY26),https://ev-database.org/car/3322/Peugeot-e-308-SW-58-kWh,340.0,354.0,163.0,55.4,75.0,9.5,0.0,505.0,1783.0,"Peugeot e-308 SW 58 kWh (MY26) Available to order since October 2025 C 5 V2 L H G Range* 340 km Efficiency* 163 Wh/km Weight 1,783 kg 0-100 9.5 sec 1-Stop Range 354 km Battery 55.4 kWh Fastcharge 75 kW Towing 0 kg Cargo Vol. 505 L Price/range* €115 /km €43,435 €38,250 £30,695",https://ev-database.org/#group=vehicle-group&rs-pr=10000_100000&rs-er=0_1000&rs-ld=0_1000&rs-ac=2_23&rs-dcfc=0_400&rs-ub=10_200&rs-tw=0_3000&rs-ef=100_350&rs-sa=-1_5&rs-w=1000_3500&rs-c=0_5000&rs-y=2010_2030&s=1&p=17-50
Mercedes-Benz eVito Tourer Long 90 kWh,https://ev-database.org/car/1615/Mercedes-Benz-eVito-Tourer-Long-90-kWh,310.0,283.0,290.0,90.0,95.0,,0.0,990.0,2530.0,"Mercedes-Benz eVito Tourer Long 90 kWh Discontinued (October 2020 - December 2023) N 9 V2 L H G Range* 310 km Efficiency* 290 Wh/km Weight 2,530 kg 0-100* 12.0 sec 1-Stop Range 283 km Battery 90.0 kWh Fastcharge 95 kW Towing 0 kg Cargo Vol. 990 L Price/range* €249 /km €64,248 €79,061 £76,368",https://ev-database.org/#group=vehicle-group&rs-pr=10000_100000&rs-er=0_1000&rs-ld=0_1000&rs-ac=2_23&rs-dcfc=0_400&rs-ub=10_200&rs-tw=0_3000&rs-ef=100_350&rs-sa=-1_5&rs-w=1000_3500&rs-c=0_5000&rs-y=2010_2030&s=1&p=17-50
XPENG P7 Wing Edition Discontinued (February,https://ev-database.org/car/1823/XPENG-P7-Wing-Edition,455.0,512.0,182.0,82.7,135.0,4.1,0.0,440.0,2255.0,"XPENG P7 Wing Edition Discontinued (February 2023 - April 2025) E 5 5 V2 L H G Range* 455 km Efficiency* 182 Wh/km Weight 2,255 kg 0-100 4.1 sec 1-Stop Range 512 km Battery 82.7 kWh Fastcharge 135 kW Towing 0 kg Cargo Vol. 440 L Price/range* €155 /km €69,600 €71,188 N/A",https://ev-database.org/#group=vehicle-group&rs-pr=10000_100000&rs-er=0_1000&rs-ld=0_1000&rs-ac=2_23&rs-dcfc=0_400&rs-ub=10_200&rs-tw=0_3000&rs-ef=100_350&rs-sa=-1_5&rs-w=1000_3500&rs-c=0_5000&rs-y=2010_2030&s=1&p=17-50
Genesis GV60 Pure (MY25) Available to,https://ev-database.org/car/3234/Genesis-GV60-Pure,425.0,522.0,188.0,80.0,205.0,7.8,1600.0,432.0,2050.0,"Genesis GV60 Pure (MY25) Available to order since July 2025 C 5 5 V2 L H G Range* 425 km Efficiency* 188 Wh/km Weight 2,050 kg 0-100 7.8 sec 1-Stop Range 522 km Battery* 80.0 kWh Fastcharge 205 kW Towing 1,600 kg Cargo Vol. 432 L Price/range* €131 /km €54,680 €49,990 £54,115",https://ev-database.org/#group=vehicle-group&rs-pr=10000_100000&rs-er=0_1000&rs-ld=0_1000&rs-ac=2_23&rs-dcfc=0_400&rs-ub=10_200&rs-tw=0_3000&rs-ef=100_350&rs-sa=-1_5&rs-w=1000_3500&rs-c=0_5000&rs-y=2010_2030&s=1&p=17-50
Mercedes-Benz EQE AMG 53 4MATIC+ (MY25),https://ev-database.org/car/3243/Mercedes-Benz-EQE-AMG-53-4MATICplus,450.0,491.0,201.0,90.6,141.0,3.5,1700.0,430.0,2540.0,"Mercedes-Benz EQE AMG 53 4MATIC+ (MY25) Available to order since April 2025 E 5 5 V2 L H G Range* 450 km Efficiency* 201 Wh/km Weight 2,540 kg 0-100 3.5 sec 1-Stop Range 491 km Battery 90.6 kWh Fastcharge 141 kW Towing 1,700 kg Cargo Vol. 430 L Price/range* €268 /km €110,706 €129,380 £105,995",https://ev-database.org/#group=vehicle-group&rs-pr=10000_100000&rs-er=0_1000&rs-ld=0_1000&rs-ac=2_23&rs-dcfc=0_400&rs-ub=10_200&rs-tw=0_3000&rs-ef=100_350&rs-sa=-1_5&rs-w=1000_3500&rs-c=0_5000&rs-y=2010_2030&s=1&p=17-50
Volvo EX30 P8 AWD (MY27) Available,https://ev-database.org/car/3481/Volvo-EX30-P8-AWD,340.0,376.0,191.0,65.0,101.0,3.6,1600.0,325.0,1960.0,"Volvo EX30 P8 AWD (MY27) Available to order since February 2026 B 5 5 V2 L H G Range* 340 km Efficiency* 191 Wh/km Weight 1,960 kg 0-100 3.6 sec 1-Stop Range 376 km Battery 65.0 kWh Fastcharge 101 kW Towing 1,600 kg Cargo Vol. 325 L Price/range* €141 /km N/A €47,795 N/A",https://ev-database.org/#group=vehicle-group&rs-pr=10000_100000&rs-er=0_1000&rs-ld=0_1000&rs-ac=2_23&rs-dcfc=0_400&rs-ub=10_200&rs-tw=0_3000&rs-ef=100_350&rs-sa=-1_5&rs-w=1000_3500&rs-c=0_5000&rs-y=2010_2030&s=1&p=17-50
Genesis G80 Electrified Luxury (MY22-24) Discontinued,https://ev-database.org/car/1703/Genesis-G80-Electrified-Luxury,440.0,507.0,188.0,82.5,160.0,4.9,,354.0,2325.0,"Genesis G80 Electrified Luxury (MY22-24) Discontinued (June 2022 - June 2025) F 5 V2 L H G Range* 440 km Efficiency* 188 Wh/km Weight 2,325 kg 0-100 4.9 sec 1-Stop Range 507 km Battery* 82.5 kWh Fastcharge 160 kW Towing unknown Cargo Vol. 354 L Price/range* €170 /km €69,200 N/A £69,805",https://ev-database.org/#group=vehicle-group&rs-pr=10000_100000&rs-er=0_1000&rs-ld=0_1000&rs-ac=2_23&rs-dcfc=0_400&rs-ub=10_200&rs-tw=0_3000&rs-ef=100_350&rs-sa=-1_5&rs-w=1000_3500&rs-c=0_5000&rs-y=2010_2030&s=1&p=17-50
Peugeot e-Rifter XL 50 kWh Available,https://ev-database.org/car/2164/Peugeot-e-Rifter-XL-50-kWh,230.0,239.0,217.0,50.0,80.0,11.7,750.0,1050.0,1901.0,"Peugeot e-Rifter XL 50 kWh Available to order since March 2024 N 7 V2 L H G Range* 230 km Efficiency* 217 Wh/km Weight 1,901 kg 0-100 11.7 sec 1-Stop Range 239 km Battery 50.0 kWh Fastcharge 80 kW Towing 750 kg Cargo Vol. 1,050 L Price/range* €175 /km €39,440 €44,739 £31,750",https://ev-database.org/#group=vehicle-group&rs-pr=10000_100000&rs-er=0_1000&rs-ld=0_1000&rs-ac=2_23&rs-dcfc=0_400&rs-ub=10_200&rs-tw=0_3000&rs-ef=100_350&rs-sa=-1_5&rs-w=1000_3500&rs-c=0_5000&rs-y=2010_2030&s=1&p=17-50
Maserati Grecale Folgore (MY26) Available to,https://ev-database.org/car/3464/Maserati-Grecale-Folgore,450.0,450.0,219.0,98.6,110.0,4.1,1800.0,535.0,2555.0,"Maserati Grecale Folgore (MY26) Available to order since February 2026 E 5 V2 L H G Range* 450 km Efficiency* 219 Wh/km Weight 2,555 kg 0-100 4.1 sec 1-Stop Range 450 km Battery* 98.6 kWh Fastcharge 110 kW Towing 1,800 kg Cargo Vol. 535 L Price/range* €247 /km €109,230 €110,650 £99,150",https://ev-database.org/#group=vehicle-group&rs-pr=10000_100000&rs-er=0_1000&rs-ld=0_1000&rs-ac=2_23&rs-dcfc=0_400&rs-ub=10_200&rs-tw=0_3000&rs-ef=100_350&rs-sa=-1_5&rs-w=1000_3500&rs-c=0_5000&rs-y=2010_2030&s=1&p=17-50
Ford Mustang Mach-E ER AWD (MY23),https://ev-database.org/car/1756/Ford-Mustang-Mach-E-ER-AWD,440.0,410.0,207.0,91.0,84.0,5.8,1500.0,619.0,2257.0,"Ford Mustang Mach-E ER AWD (MY23) Discontinued (November 2022 - November 2023) D 5 5 V2 L H G Range 440 km Efficiency 207 Wh/km Weight 2,257 kg 0-100 5.8 sec 1-Stop Range 410 km Battery 91.0 kWh Fastcharge 84 kW Towing 1,500 kg Cargo Vol. 619 L Price/range €169 /km €77,200 €70,940 £65,405",https://ev-database.org/#group=vehicle-group&rs-pr=10000_100000&rs-er=0_1000&rs-ld=0_1000&rs-ac=2_23&rs-dcfc=0_400&rs-ub=10_200&rs-tw=0_3000&rs-ef=100_350&rs-sa=-1_5&rs-w=1000_3500&rs-c=0_5000&rs-y=2010_2030&s=1&p=17-50
GWM ORA 03 63 kWh Available,https://ev-database.org/car/2092/GWM-ORA-03-63-kWh,340.0,313.0,174.0,59.3,54.0,8.2,0.0,228.0,1615.0,"GWM ORA 03 63 kWh Available to order since January 2024 C 5 5 V2 L H G Range* 340 km Efficiency* 174 Wh/km Weight 1,615 kg 0-100 8.2 sec 1-Stop Range 313 km Battery 59.3 kWh Fastcharge 54 kW Towing 0 kg Cargo Vol. 228 L Price/range* €107 /km €32,490 N/A £34,995",https://ev-database.org/#group=vehicle-group&rs-pr=10000_100000&rs-er=0_1000&rs-ld=0_1000&rs-ac=2_23&rs-dcfc=0_400&rs-ub=10_200&rs-tw=0_3000&rs-ef=100_350&rs-sa=-1_5&rs-w=1000_3500&rs-c=0_5000&rs-y=2010_2030&s=1&p=17-50
Volvo EX40 Twin Motor (MY25) Discontinued,https://ev-database.org/car/2136/Volvo-EX40-Twin-Motor,385.0,414.0,205.0,79.0,110.0,4.8,1800.0,441.0,2170.0,"Volvo EX40 Twin Motor (MY25) Discontinued (February 2024 - April 2025) C 5 V2 L H G Range 385 km Efficiency 205 Wh/km Weight 2,170 kg 0-100 4.8 sec 1-Stop Range 414 km Battery 79.0 kWh Fastcharge 110 kW Towing 1,800 kg Cargo Vol. 441 L Price/range €164 /km €59,590 N/A £57,805",https://ev-database.org/#group=vehicle-group&rs-pr=10000_100000&rs-er=0_1000&rs-ld=0_1000&rs-ac=2_23&rs-dcfc=0_400&rs-ub=10_200&rs-tw=0_3000&rs-ef=100_350&rs-sa=-1_5&rs-w=1000_3500&rs-c=0_5000&rs-y=2010_2030&s=1&p=17-50
Peugeot e-408 58 kWh (MY26) Available,https://ev-database.org/car/3465/Peugeot-e-408-58-kWh,355.0,380.0,164.0,58.3,80.0,7.2,0.0,468.0,1856.0,"Peugeot e-408 58 kWh (MY26) Available to order since March 2026 C 5 V2 L H G Range* 355 km Efficiency* 164 Wh/km Weight 1,856 kg 0-100 7.2 sec 1-Stop Range 380 km Battery 58.3 kWh Fastcharge 80 kW Towing 0 kg Cargo Vol. 468 L Price/range* €115 /km N/A €40,990 N/A",https://ev-database.org/#group=vehicle-group&rs-pr=10000_100000&rs-er=0_1000&rs-ld=0_1000&rs-ac=2_23&rs-dcfc=0_400&rs-ub=10_200&rs-tw=0_3000&rs-ef=100_350&rs-sa=-1_5&rs-w=1000_3500&rs-c=0_5000&rs-y=2010_2030&s=1&p=17-50
Fiat 500e 3+1 42 kWh Available,https://ev-database.org/car/1328/Fiat-500e-3plus1-42-kWh,235.0,257.0,159.0,37.3,65.0,9.0,0.0,185.0,1400.0,"Fiat 500e 3+1 42 kWh Available to order since November 2020 B 4 4 V2 L H G Range* 235 km Efficiency* 159 Wh/km Weight 1,400 kg 0-100 9.0 sec 1-Stop Range 257 km Battery 37.3 kWh Fastcharge 65 kW Towing 0 kg Cargo Vol. 185 L Price/range* €146 /km €36,990 €31,499 N/A",https://ev-database.org/#group=vehicle-group&rs-pr=10000_100000&rs-er=0_1000&rs-ld=0_1000&rs-ac=2_23&rs-dcfc=0_400&rs-ub=10_200&rs-tw=0_3000&rs-ef=100_350&rs-sa=-1_5&rs-w=1000_3500&rs-c=0_5000&rs-y=2010_2030&s=1&p=17-50
Audi RS e-tron GT performance Available,https://ev-database.org/car/2221/Audi-RS-e-tron-GT-performance,525.0,682.0,185.0,97.0,267.0,2.5,0.0,427.0,2395.0,"Audi RS e-tron GT performance Available to order since June 2024 F 4 V2 L H G Range* 525 km Efficiency* 185 Wh/km Weight 2,395 kg 0-100 2.5 sec 1-Stop Range 682 km Battery 97.0 kWh Fastcharge 267 kW Towing 0 kg Cargo Vol. 427 L Price/range* €311 /km €160,500 €164,990 £142,925",https://ev-database.org/#group=vehicle-group&rs-pr=10000_100000&rs-er=0_1000&rs-ld=0_1000&rs-ac=2_23&rs-dcfc=0_400&rs-ub=10_200&rs-tw=0_3000&rs-ef=100_350&rs-sa=-1_5&rs-w=1000_3500&rs-c=0_5000&rs-y=2010_2030&s=1&p=17-50
DS Automobiles N°4 E-Tense (MY25) Available,https://ev-database.org/car/3200/DS-Automobiles-N4-E-Tense,350.0,372.0,167.0,58.3,80.0,7.1,0.0,390.0,1867.0,"DS Automobiles N°4 E-Tense (MY25) Available to order since June 2025 C 5 V2 L H G Range* 350 km Efficiency* 167 Wh/km Weight 1,867 kg 0-100 7.1 sec 1-Stop Range 372 km Battery 58.3 kWh Fastcharge 80 kW Towing 0 kg Cargo Vol. 390 L Price/range* €122 /km €45,900 €41,090 £35,495",https://ev-database.org/#group=vehicle-group&rs-pr=10000_100000&rs-er=0_1000&rs-ld=0_1000&rs-ac=2_23&rs-dcfc=0_400&rs-ub=10_200&rs-tw=0_3000&rs-ef=100_350&rs-sa=-1_5&rs-w=1000_3500&rs-c=0_5000&rs-y=2010_2030&s=1&p=17-50
Aiways U5 Discontinued (April 2022 -,https://ev-database.org/car/1678/Aiways-U5,315.0,313.0,190.0,60.0,75.0,7.5,,496.0,1795.0,"Aiways U5 Discontinued (April 2022 - October 2023) C 5 3 V2 L H G Range* 315 km Efficiency* 190 Wh/km Weight 1,795 kg 0-100 7.5 sec 1-Stop Range 313 km Battery* 60.0 kWh Fastcharge 75 kW Towing unknown Cargo Vol. 496 L Price/range* €128 /km €39,563 €40,950 N/A",https://ev-database.org/#group=vehicle-group&rs-pr=10000_100000&rs-er=0_1000&rs-ld=0_1000&rs-ac=2_23&rs-dcfc=0_400&rs-ub=10_200&rs-tw=0_3000&rs-ef=100_350&rs-sa=-1_5&rs-w=1000_3500&rs-c=0_5000&rs-y=2010_2030&s=1&p=17-50
Polestar 2 Standard Range Single Motor,https://ev-database.org/car/1817/Polestar-2-Standard-Range-Single-Motor,395.0,439.0,167.0,66.0,113.0,6.4,1500.0,446.0,2019.0,"Polestar 2 Standard Range Single Motor (MY24) Discontinued (January 2023 - September 2024) D 5 5 V2 L H G Range* 395 km Efficiency* 167 Wh/km Weight 2,019 kg 0-100 6.4 sec 1-Stop Range 439 km Battery 66.0 kWh Fastcharge 113 kW Towing 1,500 kg Cargo Vol. 446 L Price/range* €121 /km €46,275 €44,950 £44,950",https://ev-database.org/#group=vehicle-group&rs-pr=10000_100000&rs-er=0_1000&rs-ld=0_1000&rs-ac=2_23&rs-dcfc=0_400&rs-ub=10_200&rs-tw=0_3000&rs-ef=100_350&rs-sa=-1_5&rs-w=1000_3500&rs-c=0_5000&rs-y=2010_2030&s=1&p=17-50
Mercedes-Benz EQS 450+ Discontinued (June 2023,https://ev-database.org/car/2008/Mercedes-Benz-EQS-450plus,635.0,702.0,171.0,108.4,169.0,6.1,750.0,620.0,2515.0,"Mercedes-Benz EQS 450+ Discontinued (June 2023 - April 2024) F 5 5 V2 L H G Range* 635 km Efficiency* 171 Wh/km Weight 2,515 kg 0-100 6.1 sec 1-Stop Range 702 km Battery 108.4 kWh Fastcharge 169 kW Towing 750 kg Cargo Vol. 620 L Price/range* €180 /km €109,551 €112,720 £105,610",https://ev-database.org/#group=vehicle-group&rs-pr=10000_100000&rs-er=0_1000&rs-ld=0_1000&rs-ac=2_23&rs-dcfc=0_400&rs-ub=10_200&rs-tw=0_3000&rs-ef=100_350&rs-sa=-1_5&rs-w=1000_3500&rs-c=0_5000&rs-y=2010_2030&s=1&p=17-50
Škoda Enyaq 50 (MY24) Discontinued (June,https://ev-database.org/car/2250/Skoda-Enyaq-50,310.0,351.0,168.0,52.0,90.0,9.1,1000.0,585.0,1976.0,"Škoda Enyaq 50 (MY24) Discontinued (June 2024 - January 2025) C 5 5 V2 L H G Range* 310 km Efficiency* 168 Wh/km Weight 1,976 kg 0-100 9.1 sec 1-Stop Range 351 km Battery 52.0 kWh Fastcharge 90 kW Towing 1,000 kg Cargo Vol. 585 L Price/range* €138 /km N/A €42,990 £36,970",https://ev-database.org/#group=vehicle-group&rs-pr=10000_100000&rs-er=0_1000&rs-ld=0_1000&rs-ac=2_23&rs-dcfc=0_400&rs-ub=10_200&rs-tw=0_3000&rs-ef=100_350&rs-sa=-1_5&rs-w=1000_3500&rs-c=0_5000&rs-y=2010_2030&s=1&p=17-50
Audi Q4 Sportback e-tron 40 (MY25),https://ev-database.org/car/3149/Audi-Q4-Sportback-e-tron-40,340.0,395.0,174.0,59.0,110.0,8.1,1000.0,520.0,2035.0,"Audi Q4 Sportback e-tron 40 (MY25) Available to order since April 2025 C 5 5 V2 L H G Range* 340 km Efficiency* 174 Wh/km Weight 2,035 kg 0-100 8.1 sec 1-Stop Range 395 km Battery 59.0 kWh Fastcharge 110 kW Towing 1,000 kg Cargo Vol. 520 L Price/range* €148 /km €48,150 €46,990 £48,160",https://ev-database.org/#group=vehicle-group&rs-pr=10000_100000&rs-er=0_1000&rs-ld=0_1000&rs-ac=2_23&rs-dcfc=0_400&rs-ub=10_200&rs-tw=0_3000&rs-ef=100_350&rs-sa=-1_5&rs-w=1000_3500&rs-c=0_5000&rs-y=2010_2030&s=1&p=17-50
Volvo EX30 P5 (MY27) Available to,https://ev-database.org/car/3478/Volvo-EX30-P5,275.0,306.0,178.0,49.0,80.0,5.7,1400.0,325.0,1840.0,"Volvo EX30 P5 (MY27) Available to order since February 2026 B 5 5 V2 L H G Range* 275 km Efficiency* 178 Wh/km Weight 1,840 kg 0-100 5.7 sec 1-Stop Range 306 km Battery 49.0 kWh Fastcharge 80 kW Towing 1,400 kg Cargo Vol. 325 L Price/range* €134 /km N/A €36,795 N/A",https://ev-database.org/#group=vehicle-group&rs-pr=10000_100000&rs-er=0_1000&rs-ld=0_1000&rs-ac=2_23&rs-dcfc=0_400&rs-ub=10_200&rs-tw=0_3000&rs-ef=100_350&rs-sa=-1_5&rs-w=1000_3500&rs-c=0_5000&rs-y=2010_2030&s=1&p=17-50
Tesla Model S 70 Discontinued (April,https://ev-database.org/car/1030/Tesla-Model-S-70,340.0,360.0,196.0,66.5,95.0,5.8,,895.0,2074.0,"Tesla Model S 70 Discontinued (April 2015 - April 2016) F 5 5 V2 L H G Range* 340 km Efficiency* 196 Wh/km Weight 2,074 kg 0-100 5.8 sec 1-Stop Range 360 km Battery* 66.5 kWh Fastcharge 95 kW Towing unknown Cargo Vol. 895 L Price/range* €231 /km €78,000 €79,200 N/A",https://ev-database.org/#group=vehicle-group&rs-pr=10000_100000&rs-er=0_1000&rs-ld=0_1000&rs-ac=2_23&rs-dcfc=0_400&rs-ub=10_200&rs-tw=0_3000&rs-ef=100_350&rs-sa=-1_5&rs-w=1000_3500&rs-c=0_5000&rs-y=2010_2030&s=1&p=17-50
Mercedes-Benz eVito Tourer Extra-Long 90 kWh,https://ev-database.org/car/1616/Mercedes-Benz-eVito-Tourer-Extra-Long-90-kWh,305.0,279.0,295.0,90.0,95.0,,0.0,1390.0,2555.0,"Mercedes-Benz eVito Tourer Extra-Long 90 kWh Discontinued (October 2020 - December 2023) N 9 V2 L H G Range* 305 km Efficiency* 295 Wh/km Weight 2,555 kg 0-100* 12.0 sec 1-Stop Range 279 km Battery 90.0 kWh Fastcharge 95 kW Towing 0 kg Cargo Vol. 1,390 L Price/range* €264 /km €65,140 €80,253 £83,850",https://ev-database.org/#group=vehicle-group&rs-pr=10000_100000&rs-er=0_1000&rs-ld=0_1000&rs-ac=2_23&rs-dcfc=0_400&rs-ub=10_200&rs-tw=0_3000&rs-ef=100_350&rs-sa=-1_5&rs-w=1000_3500&rs-c=0_5000&rs-y=2010_2030&s=1&p=17-50
Ford Mustang Mach-E SR RWD (MY23.75),https://ev-database.org/car/2034/Ford-Mustang-Mach-E-SR-RWD,380.0,404.0,191.0,72.6,100.0,7.3,750.0,619.0,2179.0,"Ford Mustang Mach-E SR RWD (MY23.75) Discontinued (October 2023 - August 2024) D 5 5 V2 L H G Range* 380 km Efficiency* 191 Wh/km Weight 2,179 kg 0-100 7.3 sec 1-Stop Range 404 km Battery 72.6 kWh Fastcharge 100 kW Towing 750 kg Cargo Vol. 619 L Price/range* €141 /km €55,800 €46,300 £50,830",https://ev-database.org/#group=vehicle-group&rs-pr=10000_100000&rs-er=0_1000&rs-ld=0_1000&rs-ac=2_23&rs-dcfc=0_400&rs-ub=10_200&rs-tw=0_3000&rs-ef=100_350&rs-sa=-1_5&rs-w=1000_3500&rs-c=0_5000&rs-y=2010_2030&s=1&p=17-50
Opel Mokka-e 54 kWh Discontinued (October,https://ev-database.org/car/2051/Opel-Mokka-e-54-kWh,290.0,306.0,175.0,50.8,79.0,9.0,0.0,310.0,1598.0,"Opel Mokka-e 54 kWh Discontinued (October 2023 - October 2024) B 5 4 V2 L H G Range* 290 km Efficiency* 175 Wh/km Weight 1,598 kg 0-100 9.0 sec 1-Stop Range 306 km Battery 50.8 kWh Fastcharge 79 kW Towing 0 kg Cargo Vol. 310 L Price/range* €144 /km €44,720 €37,999 £37,260",https://ev-database.org/#group=vehicle-group&rs-pr=10000_100000&rs-er=0_1000&rs-ld=0_1000&rs-ac=2_23&rs-dcfc=0_400&rs-ub=10_200&rs-tw=0_3000&rs-ef=100_350&rs-sa=-1_5&rs-w=1000_3500&rs-c=0_5000&rs-y=2010_2030&s=1&p=17-50
Polestar 2 Long Range Dual Motor,https://ev-database.org/car/1819/Polestar-2-Long-Range-Dual-Motor,450.0,501.0,176.0,79.0,110.0,4.5,1500.0,446.0,2183.0,"Polestar 2 Long Range Dual Motor (MY24) Discontinued (January 2023 - September 2024) D 5 5 V2 L H G Range 450 km Efficiency 176 Wh/km Weight 2,183 kg 0-100 4.5 sec 1-Stop Range 501 km Battery 79.0 kWh Fastcharge 110 kW Towing 1,500 kg Cargo Vol. 446 L Price/range €125 /km €52,275 €55,200 £52,950",https://ev-database.org/#group=vehicle-group&rs-pr=10000_100000&rs-er=0_1000&rs-ld=0_1000&rs-ac=2_23&rs-dcfc=0_400&rs-ub=10_200&rs-tw=0_3000&rs-ef=100_350&rs-sa=-1_5&rs-w=1000_3500&rs-c=0_5000&rs-y=2010_2030&s=1&p=17-50
Kia EV9 76.1 kWh RWD Available,https://ev-database.org/car/1833/Kia-EV9-761-kWh-RWD,350.0,414.0,209.0,73.0,160.0,8.5,900.0,423.0,2387.0,"Kia EV9 76.1 kWh RWD Available to order since October 2024 F 7 5 V2 L H G Range* 350 km Efficiency* 209 Wh/km Weight 2,387 kg 0-100 8.5 sec 1-Stop Range 414 km Battery* 73.0 kWh Fastcharge 160 kW Towing 900 kg Cargo Vol. 423 L Price/range* €174 /km €61,990 €59,995 N/A",https://ev-database.org/#group=vehicle-group&rs-pr=10000_100000&rs-er=0_1000&rs-ld=0_1000&rs-ac=2_23&rs-dcfc=0_400&rs-ub=10_200&rs-tw=0_3000&rs-ef=100_350&rs-sa=-1_5&rs-w=1000_3500&rs-c=0_5000&rs-y=2010_2030&s=1&p=17-50
Smart #3 Pro+ (MY24) Available to,https://ev-database.org/car/1999/Smart-3-Proplus,355.0,383.0,175.0,62.0,90.0,5.8,1600.0,385.0,1855.0,"Smart #3 Pro+ (MY24) Available to order since January 2024 B 5 5 V2 L H G Range* 355 km Efficiency* 175 Wh/km Weight 1,855 kg 0-100 5.8 sec 1-Stop Range 383 km Battery 62.0 kWh Fastcharge 90 kW Towing 1,600 kg Cargo Vol. 385 L Price/range* €120 /km €43,490 €40,495 £37,960",https://ev-database.org/#group=vehicle-group&rs-pr=10000_100000&rs-er=0_1000&rs-ld=0_1000&rs-ac=2_23&rs-dcfc=0_400&rs-ub=10_200&rs-tw=0_3000&rs-ef=100_350&rs-sa=-1_5&rs-w=1000_3500&rs-c=0_5000&rs-y=2010_2030&s=1&p=17-50
Renault Scenic E-Tech EV60 170hp Discontinued,https://ev-database.org/car/2068/Renault-Scenic-E-Tech-EV60-170hp,340.0,357.0,176.0,60.0,80.0,8.6,1100.0,545.0,1822.0,"Renault Scenic E-Tech EV60 170hp Discontinued (December 2023 - June 2025) C 5 V2 L H G Range* 340 km Efficiency* 176 Wh/km Weight 1,822 kg 0-100 8.6 sec 1-Stop Range 357 km Battery 60.0 kWh Fastcharge 80 kW Towing 1,100 kg Cargo Vol. 545 L Price/range* €124 /km €41,400 €42,470 £37,495",https://ev-database.org/#group=vehicle-group&rs-pr=10000_100000&rs-er=0_1000&rs-ld=0_1000&rs-ac=2_23&rs-dcfc=0_400&rs-ub=10_200&rs-tw=0_3000&rs-ef=100_350&rs-sa=-1_5&rs-w=1000_3500&rs-c=0_5000&rs-y=2010_2030&s=1&p=17-50
Volkswagen ID. Buzz NWB GTX Available,https://ev-database.org/car/2156/Volkswagen-ID-Buzz-NWB-GTX,360.0,395.0,219.0,79.0,135.0,6.5,1800.0,1121.0,2629.0,"Volkswagen ID. Buzz NWB GTX Available to order since August 2024 N 6 V2 L H G Range 360 km Efficiency 219 Wh/km Weight 2,629 kg 0-100 6.5 sec 1-Stop Range 395 km Battery 79.0 kWh Fastcharge 135 kW Towing 1,800 kg Cargo Vol. 1,121 L Price/range €204 /km €73,102 €69,990 £67,435",https://ev-database.org/#group=vehicle-group&rs-pr=10000_100000&rs-er=0_1000&rs-ld=0_1000&rs-ac=2_23&rs-dcfc=0_400&rs-ub=10_200&rs-tw=0_3000&rs-ef=100_350&rs-sa=-1_5&rs-w=1000_3500&rs-c=0_5000&rs-y=2010_2030&s=1&p=17-50
Ford Capri Standard Range RWD (MY26),https://ev-database.org/car/3445/Ford-Capri-Standard-Range-RWD,350.0,377.0,166.0,58.0,,8.0,1000.0,572.0,2001.0,"Ford Capri Standard Range RWD (MY26) Available to order since January 2026 D 5 V2 L H G Range* 350 km Efficiency* 166 Wh/km Weight 2,001 kg 0-100 8.0 sec 1-Stop Range 377 km Battery 58.0 kWh Fastcharge* 85 kW Towing 1,000 kg Cargo Vol. 572 L Price/range* €120 /km €42,400 €40,850 £36,985",https://ev-database.org/#group=vehicle-group&rs-pr=10000_100000&rs-er=0_1000&rs-ld=0_1000&rs-ac=2_23&rs-dcfc=0_400&rs-ub=10_200&rs-tw=0_3000&rs-ef=100_350&rs-sa=-1_5&rs-w=1000_3500&rs-c=0_5000&rs-y=2010_2030&s=1&p=17-50
Peugeot iOn Discontinued (January 2011 -,https://ev-database.org/car/1028/Peugeot-iOn,85.0,101.0,171.0,14.5,30.0,15.9,0.0,166.0,1140.0,"Peugeot iOn Discontinued (January 2011 - April 2016) A 4 4 V2 L H G Range 85 km Efficiency 171 Wh/km Weight 1,140 kg 0-100 15.9 sec 1-Stop Range 101 km Battery 14.5 kWh Fastcharge 30 kW Towing 0 kg Cargo Vol. 166 L Price/range €328 /km €29,393 €29,950 £21,216",https://ev-database.org/#group=vehicle-group&rs-pr=10000_100000&rs-er=0_1000&rs-ld=0_1000&rs-ac=2_23&rs-dcfc=0_400&rs-ub=10_200&rs-tw=0_3000&rs-ef=100_350&rs-sa=-1_5&rs-w=1000_3500&rs-c=0_5000&rs-y=2010_2030&s=1&p=17-50
Volvo C40 Recharge Twin Pure Electric,https://ev-database.org/car/1421/Volvo-C40-Recharge-Twin-Pure-Electric,360.0,373.0,208.0,75.0,97.0,4.7,1800.0,450.0,2185.0,"Volvo C40 Recharge Twin Pure Electric (MY22-23) Discontinued (April 2021 - April 2023) C 5 5 V2 L H G Range* 360 km Efficiency* 208 Wh/km Weight 2,185 kg 0-100 4.7 sec 1-Stop Range 373 km Battery 75.0 kWh Fastcharge 97 kW Towing 1,800 kg Cargo Vol. 450 L Price/range* €170 /km €57,650 €58,995 £58,350",https://ev-database.org/#group=vehicle-group&rs-pr=10000_100000&rs-er=0_1000&rs-ld=0_1000&rs-ac=2_23&rs-dcfc=0_400&rs-ub=10_200&rs-tw=0_3000&rs-ef=100_350&rs-sa=-1_5&rs-w=1000_3500&rs-c=0_5000&rs-y=2010_2030&s=1&p=17-50
MG MG5 EV Long Range Discontinued,https://ev-database.org/car/1526/MG-MG5-EV-Long-Range,340.0,309.0,169.0,57.4,53.0,7.7,0.0,464.0,1625.0,"MG MG5 EV Long Range Discontinued (July 2020 - June 2022) C 5 V2 L H G Range 340 km Efficiency 169 Wh/km Weight 1,625 kg 0-100 7.7 sec 1-Stop Range 309 km Battery* 57.4 kWh Fastcharge 53 kW Towing 0 kg Cargo Vol. 464 L Price/range €98 /km N/A N/A £28,995",https://ev-database.org/#group=vehicle-group&rs-pr=10000_100000&rs-er=0_1000&rs-ld=0_1000&rs-ac=2_23&rs-dcfc=0_400&rs-ub=10_200&rs-tw=0_3000&rs-ef=100_350&rs-sa=-1_5&rs-w=1000_3500&rs-c=0_5000&rs-y=2010_2030&s=1&p=17-50
Peugeot e-Expert Combi Long 75 kWh,https://ev-database.org/car/1608/Peugeot-e-Expert-Combi-Long-75-kWh,265.0,252.0,260.0,69.0,77.0,14.3,1000.0,989.0,2161.0,"Peugeot e-Expert Combi Long 75 kWh Discontinued (February 2021 - January 2024) N 9 V2 L H G Range* 265 km Efficiency* 260 Wh/km Weight 2,161 kg 0-100 14.3 sec 1-Stop Range 252 km Battery 69.0 kWh Fastcharge 77 kW Towing 1,000 kg Cargo Vol. 989 L Price/range* €223 /km €58,730 €59,303 N/A",https://ev-database.org/#group=vehicle-group&rs-pr=10000_100000&rs-er=0_1000&rs-ld=0_1000&rs-ac=2_23&rs-dcfc=0_400&rs-ub=10_200&rs-tw=0_3000&rs-ef=100_350&rs-sa=-1_5&rs-w=1000_3500&rs-c=0_5000&rs-y=2010_2030&s=1&p=17-50
Volkswagen ID.3 Pro S - 4,https://ev-database.org/car/1832/Volkswagen-ID3-Pro-S---4-Seats,455.0,499.0,169.0,77.0,120.0,7.9,0.0,385.0,1933.0,"Volkswagen ID.3 Pro S - 4 Seats Discontinued (March 2023 - June 2024) C 4 5 V2 L H G Range* 455 km Efficiency* 169 Wh/km Weight 1,933 kg 0-100 7.9 sec 1-Stop Range 499 km Battery 77.0 kWh Fastcharge 120 kW Towing 0 kg Cargo Vol. 385 L Price/range* €108 /km €47,595 €43,990 £47,990",https://ev-database.org/#group=vehicle-group&rs-pr=10000_100000&rs-er=0_1000&rs-ld=0_1000&rs-ac=2_23&rs-dcfc=0_400&rs-ub=10_200&rs-tw=0_3000&rs-ef=100_350&rs-sa=-1_5&rs-w=1000_3500&rs-c=0_5000&rs-y=2010_2030&s=1&p=17-50
Abarth 500e Convertible Available to order,https://ev-database.org/car/1904/Abarth-500e-Convertible,225.0,243.0,166.0,37.3,65.0,7.0,0.0,185.0,1435.0,"Abarth 500e Convertible Available to order since May 2023 B 4 V2 L H G Range* 225 km Efficiency* 166 Wh/km Weight 1,435 kg 0-100 7.0 sec 1-Stop Range 243 km Battery 37.3 kWh Fastcharge 65 kW Towing 0 kg Cargo Vol. 185 L Price/range* €171 /km €40,990 €38,990 £30,995",https://ev-database.org/#group=vehicle-group&rs-pr=10000_100000&rs-er=0_1000&rs-ld=0_1000&rs-ac=2_23&rs-dcfc=0_400&rs-ub=10_200&rs-tw=0_3000&rs-ef=100_350&rs-sa=-1_5&rs-w=1000_3500&rs-c=0_5000&rs-y=2010_2030&s=1&p=17-50
Volkswagen ID.3 Pro S - 4,https://ev-database.org/car/1533/Volkswagen-ID3-Pro-S---4-Seats,450.0,479.0,171.0,77.0,103.0,7.9,0.0,385.0,1935.0,"Volkswagen ID.3 Pro S - 4 Seats Discontinued (August 2021 - March 2023) C 4 5 V2 L H G Range 450 km Efficiency 171 Wh/km Weight 1,935 kg 0-100 7.9 sec 1-Stop Range 479 km Battery 77.0 kWh Fastcharge 103 kW Towing 0 kg Cargo Vol. 385 L Price/range €123 /km €56,500 N/A £47,470",https://ev-database.org/#group=vehicle-group&rs-pr=10000_100000&rs-er=0_1000&rs-ld=0_1000&rs-ac=2_23&rs-dcfc=0_400&rs-ub=10_200&rs-tw=0_3000&rs-ef=100_350&rs-sa=-1_5&rs-w=1000_3500&rs-c=0_5000&rs-y=2010_2030&s=1&p=17-50
Zeekr X Long Range RWD (MY24),https://ev-database.org/car/1936/Zeekr-X-Long-Range-RWD,360.0,392.0,181.0,65.0,101.0,5.6,1600.0,383.0,1930.0,"Zeekr X Long Range RWD (MY24) Discontinued (October 2023 - May 2025) B 5 5 V2 L H G Range* 360 km Efficiency* 181 Wh/km Weight 1,930 kg 0-100 5.6 sec 1-Stop Range 392 km Battery 65.0 kWh Fastcharge 101 kW Towing 1,600 kg Cargo Vol. 383 L Price/range* €121 /km N/A €43,490 N/A",https://ev-database.org/#group=vehicle-group&rs-pr=10000_100000&rs-er=0_1000&rs-ld=0_1000&rs-ac=2_23&rs-dcfc=0_400&rs-ub=10_200&rs-tw=0_3000&rs-ef=100_350&rs-sa=-1_5&rs-w=1000_3500&rs-c=0_5000&rs-y=2010_2030&s=1&p=17-50
Citroën ë-C4 X 54 kWh Discontinued,https://ev-database.org/car/1939/Citroen-e-C4-X-54-kWh,330.0,359.0,154.0,50.8,79.0,9.3,0.0,510.0,1659.0,"Citroën ë-C4 X 54 kWh Discontinued (February 2023 - January 2025) C 5 4 V2 L H G Range 330 km Efficiency 154 Wh/km Weight 1,659 kg 0-100 9.3 sec 1-Stop Range 359 km Battery 50.8 kWh Fastcharge 79 kW Towing 0 kg Cargo Vol. 510 L Price/range €119 /km €36,325 €40,305 £35,800",https://ev-database.org/#group=vehicle-group&rs-pr=10000_100000&rs-er=0_1000&rs-ld=0_1000&rs-ac=2_23&rs-dcfc=0_400&rs-ub=10_200&rs-tw=0_3000&rs-ef=100_350&rs-sa=-1_5&rs-w=1000_3500&rs-c=0_5000&rs-y=2010_2030&s=1&p=17-50
Audi S6 Sportback e-tron (MY25) Available,https://ev-database.org/car/2271/Audi-S6-Sportback-e-tron,555.0,663.0,171.0,94.9,186.0,3.9,2100.0,529.0,2400.0,"Audi S6 Sportback e-tron (MY25) Available to order since September 2024 E 5 5 V2 L H G Range* 555 km Efficiency* 171 Wh/km Weight 2,400 kg 0-100 3.9 sec 1-Stop Range 663 km Battery 94.9 kWh Fastcharge 186 kW Towing 2,100 kg Cargo Vol. 529 L Price/range* €187 /km €99,500 €99,990 £97,540",https://ev-database.org/#group=vehicle-group&rs-pr=10000_100000&rs-er=0_1000&rs-ld=0_1000&rs-ac=2_23&rs-dcfc=0_400&rs-ub=10_200&rs-tw=0_3000&rs-ef=100_350&rs-sa=-1_5&rs-w=1000_3500&rs-c=0_5000&rs-y=2010_2030&s=1&p=17-50
Porsche Macan 4S Electric (MY26) Available,https://ev-database.org/car/3380/Porsche-Macan-4S-Electric,470.0,553.0,202.0,94.9,186.0,4.1,2500.0,624.0,2420.0,"Porsche Macan 4S Electric (MY26) Available to order since October 2025 D 5 5 V2 L H G Range* 470 km Efficiency* 202 Wh/km Weight 2,420 kg 0-100 4.1 sec 1-Stop Range 553 km Battery 94.9 kWh Fastcharge 186 kW Towing 2,500 kg Cargo Vol. 624 L Price/range* €196 /km €91,200 €96,700 £77,100",https://ev-database.org/#group=vehicle-group&rs-pr=10000_100000&rs-er=0_1000&rs-ld=0_1000&rs-ac=2_23&rs-dcfc=0_400&rs-ub=10_200&rs-tw=0_3000&rs-ef=100_350&rs-sa=-1_5&rs-w=1000_3500&rs-c=0_5000&rs-y=2010_2030&s=1&p=17-50
Tesla Model S 90D Discontinued (April,https://ev-database.org/car/1035/Tesla-Model-S-90D,445.0,443.0,192.0,85.5,90.0,4.4,,895.0,2184.0,"Tesla Model S 90D Discontinued (April 2015 - April 2016) F 5 5 V2 L H G Range* 445 km Efficiency* 192 Wh/km Weight 2,184 kg 0-100 4.4 sec 1-Stop Range 443 km Battery* 85.5 kWh Fastcharge 90 kW Towing unknown Cargo Vol. 895 L Price/range* €222 /km €98,000 €99,600 N/A",https://ev-database.org/#group=vehicle-group&rs-pr=10000_100000&rs-er=0_1000&rs-ld=0_1000&rs-ac=2_23&rs-dcfc=0_400&rs-ub=10_200&rs-tw=0_3000&rs-ef=100_350&rs-sa=-1_5&rs-w=1000_3500&rs-c=0_5000&rs-y=2010_2030&s=1&p=18-50
SsangYong Korando e-Motion Discontinued (February 2022,https://ev-database.org/car/1589/SsangYong-Korando-e-Motion,290.0,277.0,193.0,56.0,68.0,8.5,1500.0,551.0,1840.0,"SsangYong Korando e-Motion Discontinued (February 2022 - December 2024) C 5 V2 L H G Range* 290 km Efficiency* 193 Wh/km Weight 1,840 kg 0-100 8.5 sec 1-Stop Range 277 km Battery* 56.0 kWh Fastcharge 68 kW Towing 1,500 kg Cargo Vol. 551 L Price/range* €137 /km €42,490 €39,990 £31,995",https://ev-database.org/#group=vehicle-group&rs-pr=10000_100000&rs-er=0_1000&rs-ld=0_1000&rs-ac=2_23&rs-dcfc=0_400&rs-ub=10_200&rs-tw=0_3000&rs-ef=100_350&rs-sa=-1_5&rs-w=1000_3500&rs-c=0_5000&rs-y=2010_2030&s=1&p=18-50
Volkswagen ID.7 Tourer Pro S (MY24-25),https://ev-database.org/car/2119/Volkswagen-ID7-Tourer-Pro-S,520.0,589.0,165.0,86.0,145.0,6.7,1000.0,605.0,2235.0,"Volkswagen ID.7 Tourer Pro S (MY24-25) Discontinued (June 2024 - July 2025) E 5 5 V2 L H G Range* 520 km Efficiency* 165 Wh/km Weight 2,235 kg 0-100 6.7 sec 1-Stop Range 589 km Battery 86.0 kWh Fastcharge 145 kW Towing 1,000 kg Cargo Vol. 605 L Price/range* €117 /km €59,785 €57,990 £56,140",https://ev-database.org/#group=vehicle-group&rs-pr=10000_100000&rs-er=0_1000&rs-ld=0_1000&rs-ac=2_23&rs-dcfc=0_400&rs-ub=10_200&rs-tw=0_3000&rs-ef=100_350&rs-sa=-1_5&rs-w=1000_3500&rs-c=0_5000&rs-y=2010_2030&s=1&p=18-50
Volkswagen ID.7 GTX (MY24-25) Discontinued (June,https://ev-database.org/car/2216/Volkswagen-ID7-GTX,500.0,572.0,172.0,86.0,145.0,5.4,1200.0,532.0,2325.0,"Volkswagen ID.7 GTX (MY24-25) Discontinued (June 2024 - July 2025) E 5 5 V2 L H G Range* 500 km Efficiency* 172 Wh/km Weight 2,325 kg 0-100 5.4 sec 1-Stop Range 572 km Battery 86.0 kWh Fastcharge 145 kW Towing 1,200 kg Cargo Vol. 532 L Price/range* €137 /km €63,155 €70,490 £61,980",https://ev-database.org/#group=vehicle-group&rs-pr=10000_100000&rs-er=0_1000&rs-ld=0_1000&rs-ac=2_23&rs-dcfc=0_400&rs-ub=10_200&rs-tw=0_3000&rs-ef=100_350&rs-sa=-1_5&rs-w=1000_3500&rs-c=0_5000&rs-y=2010_2030&s=1&p=18-50
Citroën ë-C4 Discontinued (September 2020 -,https://ev-database.org/car/1286/Citroen-e-C4,280.0,308.0,165.0,46.3,74.0,9.7,0.0,380.0,1616.0,"Citroën ë-C4 Discontinued (September 2020 - December 2021) C 5 4 V2 L H G Range 280 km Efficiency 165 Wh/km Weight 1,616 kg 0-100 9.7 sec 1-Stop Range 308 km Battery 46.3 kWh Fastcharge 74 kW Towing 0 kg Cargo Vol. 380 L Price/range €124 /km €34,640 €33,990 £30,895",https://ev-database.org/#group=vehicle-group&rs-pr=10000_100000&rs-er=0_1000&rs-ld=0_1000&rs-ac=2_23&rs-dcfc=0_400&rs-ub=10_200&rs-tw=0_3000&rs-ef=100_350&rs-sa=-1_5&rs-w=1000_3500&rs-c=0_5000&rs-y=2010_2030&s=1&p=18-50
BMW i5 eDrive40 Touring (MY24) Discontinued,https://ev-database.org/car/2114/BMW-i5-eDrive40-Touring,455.0,512.0,178.0,81.2,123.0,6.1,1500.0,570.0,2255.0,"BMW i5 eDrive40 Touring (MY24) Discontinued (February 2024 - April 2025) E 5 5 V2 L H G Range* 455 km Efficiency* 178 Wh/km Weight 2,255 kg 0-100 6.1 sec 1-Stop Range 512 km Battery 81.2 kWh Fastcharge 123 kW Towing 1,500 kg Cargo Vol. 570 L Price/range* €171 /km €72,200 €80,665 £69,945",https://ev-database.org/#group=vehicle-group&rs-pr=10000_100000&rs-er=0_1000&rs-ld=0_1000&rs-ac=2_23&rs-dcfc=0_400&rs-ub=10_200&rs-tw=0_3000&rs-ef=100_350&rs-sa=-1_5&rs-w=1000_3500&rs-c=0_5000&rs-y=2010_2030&s=1&p=18-50
Alpine A290 Electric 180 hp Available,https://ev-database.org/car/2268/Alpine-A290-Electric-180-hp,310.0,326.0,168.0,52.0,75.0,7.4,500.0,326.0,1554.0,"Alpine A290 Electric 180 hp Available to order since July 2024 B 5 4 V2 L H G Range* 310 km Efficiency* 168 Wh/km Weight 1,554 kg 0-100 7.4 sec 1-Stop Range 326 km Battery 52.0 kWh Fastcharge 75 kW Towing 500 kg Cargo Vol. 326 L Price/range* €120 /km €38,700 €38,800 £29,750",https://ev-database.org/#group=vehicle-group&rs-pr=10000_100000&rs-er=0_1000&rs-ld=0_1000&rs-ac=2_23&rs-dcfc=0_400&rs-ub=10_200&rs-tw=0_3000&rs-ef=100_350&rs-sa=-1_5&rs-w=1000_3500&rs-c=0_5000&rs-y=2010_2030&s=1&p=18-50
Audi SQ6 Sportback e-tron (MY25) Available,https://ev-database.org/car/3044/Audi-SQ6-Sportback-e-tron,495.0,578.0,192.0,94.9,186.0,4.3,2400.0,575.0,2425.0,"Audi SQ6 Sportback e-tron (MY25) Available to order since November 2024 D 5 5 V2 L H G Range* 495 km Efficiency* 192 Wh/km Weight 2,425 kg 0-100 4.3 sec 1-Stop Range 578 km Battery 94.9 kWh Fastcharge 186 kW Towing 2,400 kg Cargo Vol. 575 L Price/range* €207 /km €96,200 €101,990 £95,450",https://ev-database.org/#group=vehicle-group&rs-pr=10000_100000&rs-er=0_1000&rs-ld=0_1000&rs-ac=2_23&rs-dcfc=0_400&rs-ub=10_200&rs-tw=0_3000&rs-ef=100_350&rs-sa=-1_5&rs-w=1000_3500&rs-c=0_5000&rs-y=2010_2030&s=1&p=18-50
Genesis GV60 Performance (MY25) Available to,https://ev-database.org/car/3236/Genesis-GV60-Performance,400.0,496.0,200.0,80.0,205.0,4.0,1600.0,432.0,2230.0,"Genesis GV60 Performance (MY25) Available to order since July 2025 C 5 5 V2 L H G Range* 400 km Efficiency* 200 Wh/km Weight 2,230 kg 0-100 4.0 sec 1-Stop Range 496 km Battery* 80.0 kWh Fastcharge 205 kW Towing 1,600 kg Cargo Vol. 432 L Price/range* €188 /km €74,480 €72,700 £67,715",https://ev-database.org/#group=vehicle-group&rs-pr=10000_100000&rs-er=0_1000&rs-ld=0_1000&rs-ac=2_23&rs-dcfc=0_400&rs-ub=10_200&rs-tw=0_3000&rs-ef=100_350&rs-sa=-1_5&rs-w=1000_3500&rs-c=0_5000&rs-y=2010_2030&s=1&p=18-50
Volkswagen e-Caravelle L2 210 kW 64,https://ev-database.org/car/3320/Volkswagen-e-Caravelle-L2-210-kW-64-kWh,245.0,247.0,260.0,63.8,75.0,7.4,2000.0,1000.0,2560.0,"Volkswagen e-Caravelle L2 210 kW 64 kWh Available to order since March 2025 N 9 V2 L H G Range* 245 km Efficiency* 260 Wh/km Weight 2,560 kg 0-100 7.4 sec 1-Stop Range 247 km Battery 63.8 kWh Fastcharge 75 kW Towing 2,000 kg Cargo Vol. 1,000 L Price/range* €304 /km €71,216 €74,940 £67,355",https://ev-database.org/#group=vehicle-group&rs-pr=10000_100000&rs-er=0_1000&rs-ld=0_1000&rs-ac=2_23&rs-dcfc=0_400&rs-ub=10_200&rs-tw=0_3000&rs-ef=100_350&rs-sa=-1_5&rs-w=1000_3500&rs-c=0_5000&rs-y=2010_2030&s=1&p=18-50
Volkswagen ID.4 GTX (MY27) Available to,https://ev-database.org/car/3498/Volkswagen-ID4-GTX,420.0,462.0,183.0,77.0,120.0,5.4,1800.0,533.0,2233.0,"Volkswagen ID.4 GTX (MY27) Available to order since March 2026 C 5 V2 L H G Range* 420 km Efficiency* 183 Wh/km Weight 2,233 kg 0-100 5.4 sec 1-Stop Range 462 km Battery 77.0 kWh Fastcharge 120 kW Towing 1,800 kg Cargo Vol. 533 L Price/range* €135 /km €53,825 €54,990 £52,900",https://ev-database.org/#group=vehicle-group&rs-pr=10000_100000&rs-er=0_1000&rs-ld=0_1000&rs-ac=2_23&rs-dcfc=0_400&rs-ub=10_200&rs-tw=0_3000&rs-ef=100_350&rs-sa=-1_5&rs-w=1000_3500&rs-c=0_5000&rs-y=2010_2030&s=1&p=18-50
Tesla Model S Standard Range Discontinued,https://ev-database.org/car/1193/Tesla-Model-S-Standard-Range,420.0,416.0,173.0,72.5,80.0,4.2,0.0,894.0,2183.0,"Tesla Model S Standard Range Discontinued (April 2019 - July 2019) F 5 V2 L H G Range 420 km Efficiency 173 Wh/km Weight 2,183 kg 0-100 4.2 sec 1-Stop Range 416 km Battery* 72.5 kWh Fastcharge 80 kW Towing 0 kg Cargo Vol. 894 L Price/range €201 /km €86,800 €83,420 £72,550",https://ev-database.org/#group=vehicle-group&rs-pr=10000_100000&rs-er=0_1000&rs-ld=0_1000&rs-ac=2_23&rs-dcfc=0_400&rs-ub=10_200&rs-tw=0_3000&rs-ef=100_350&rs-sa=-1_5&rs-w=1000_3500&rs-c=0_5000&rs-y=2010_2030&s=1&p=18-50
Mercedes-Benz EQA 300 4MATIC Discontinued (May,https://ev-database.org/car/1495/Mercedes-Benz-EQA-300-4MATIC,350.0,359.0,190.0,66.5,99.0,7.7,1800.0,340.0,2105.0,"Mercedes-Benz EQA 300 4MATIC Discontinued (May 2021 - November 2023) C 5 5 V2 L H G Range 350 km Efficiency 190 Wh/km Weight 2,105 kg 0-100 7.7 sec 1-Stop Range 359 km Battery 66.5 kWh Fastcharge 99 kW Towing 1,800 kg Cargo Vol. 340 L Price/range €170 /km €53,746 €64,031 £53,010",https://ev-database.org/#group=vehicle-group&rs-pr=10000_100000&rs-er=0_1000&rs-ld=0_1000&rs-ac=2_23&rs-dcfc=0_400&rs-ub=10_200&rs-tw=0_3000&rs-ef=100_350&rs-sa=-1_5&rs-w=1000_3500&rs-c=0_5000&rs-y=2010_2030&s=1&p=18-50
Dacia Spring Electric 65 Extreme Discontinued,https://ev-database.org/car/1813/Dacia-Spring-Electric-65-Extreme,160.0,149.0,156.0,25.0,29.0,13.7,0.0,300.0,1035.0,"Dacia Spring Electric 65 Extreme Discontinued (January 2023 - April 2024) A 4 1 V2 L H G Range* 160 km Efficiency* 156 Wh/km Weight 1,035 kg 0-100 13.7 sec 1-Stop Range 149 km Battery* 25.0 kWh Fastcharge 29 kW Towing 0 kg Cargo Vol. 300 L Price/range* €150 /km €24,550 €23,400 N/A",https://ev-database.org/#group=vehicle-group&rs-pr=10000_100000&rs-er=0_1000&rs-ld=0_1000&rs-ac=2_23&rs-dcfc=0_400&rs-ub=10_200&rs-tw=0_3000&rs-ef=100_350&rs-sa=-1_5&rs-w=1000_3500&rs-c=0_5000&rs-y=2010_2030&s=1&p=18-50
Porsche Taycan GTS Available to order,https://ev-database.org/car/3062/Porsche-Taycan-GTS,535.0,693.0,181.0,97.0,267.0,3.3,0.0,450.0,2360.0,"Porsche Taycan GTS Available to order since November 2024 F 5 V2 L H G Range* 535 km Efficiency* 181 Wh/km Weight 2,360 kg 0-100 3.3 sec 1-Stop Range 693 km Battery 97.0 kWh Fastcharge 267 kW Towing 0 kg Cargo Vol. 450 L Price/range* €273 /km €147,700 €154,233 £118,200",https://ev-database.org/#group=vehicle-group&rs-pr=10000_100000&rs-er=0_1000&rs-ld=0_1000&rs-ac=2_23&rs-dcfc=0_400&rs-ub=10_200&rs-tw=0_3000&rs-ef=100_350&rs-sa=-1_5&rs-w=1000_3500&rs-c=0_5000&rs-y=2010_2030&s=1&p=18-50
Smart #5 Pro (MY25) Available to,https://ev-database.org/car/3141/Smart-5-Pro,370.0,395.0,201.0,74.4,110.0,6.9,1600.0,702.0,2275.0,"Smart #5 Pro (MY25) Available to order since May 2025 D 5 5 V2 L H G Range* 370 km Efficiency* 201 Wh/km Weight 2,275 kg 0-100 6.9 sec 1-Stop Range 395 km Battery 74.4 kWh Fastcharge 110 kW Towing 1,600 kg Cargo Vol. 702 L Price/range* €126 /km €45,900 €48,440 £39,800",https://ev-database.org/#group=vehicle-group&rs-pr=10000_100000&rs-er=0_1000&rs-ld=0_1000&rs-ac=2_23&rs-dcfc=0_400&rs-ub=10_200&rs-tw=0_3000&rs-ef=100_350&rs-sa=-1_5&rs-w=1000_3500&rs-c=0_5000&rs-y=2010_2030&s=1&p=18-50
Volvo EC40 Twin Motor (MY26) Available,https://ev-database.org/car/3156/Volvo-EC40-Twin-Motor,400.0,438.0,198.0,79.0,110.0,4.8,1800.0,435.0,2185.0,"Volvo EC40 Twin Motor (MY26) Available to order since February 2025 C 5 V2 L H G Range* 400 km Efficiency* 198 Wh/km Weight 2,185 kg 0-100 4.8 sec 1-Stop Range 438 km Battery 79.0 kWh Fastcharge 110 kW Towing 1,800 kg Cargo Vol. 435 L Price/range* €150 /km €61,290 €52,495 £57,660",https://ev-database.org/#group=vehicle-group&rs-pr=10000_100000&rs-er=0_1000&rs-ld=0_1000&rs-ac=2_23&rs-dcfc=0_400&rs-ub=10_200&rs-tw=0_3000&rs-ef=100_350&rs-sa=-1_5&rs-w=1000_3500&rs-c=0_5000&rs-y=2010_2030&s=1&p=18-50
Mercedes-Benz EQE SUV 500 4MATIC (MY25),https://ev-database.org/car/3286/Mercedes-Benz-EQE-SUV-500-4MATIC,455.0,482.0,211.0,96.0,141.0,4.7,1800.0,520.0,2615.0,"Mercedes-Benz EQE SUV 500 4MATIC (MY25) Available to order since April 2025 E 5 5 V2 L H G Range* 455 km Efficiency* 211 Wh/km Weight 2,615 kg 0-100 4.7 sec 1-Stop Range 482 km Battery 96.0 kWh Fastcharge 141 kW Towing 1,800 kg Cargo Vol. 520 L Price/range* €222 /km €99,841 €99,372 £90,570",https://ev-database.org/#group=vehicle-group&rs-pr=10000_100000&rs-er=0_1000&rs-ld=0_1000&rs-ac=2_23&rs-dcfc=0_400&rs-ub=10_200&rs-tw=0_3000&rs-ef=100_350&rs-sa=-1_5&rs-w=1000_3500&rs-c=0_5000&rs-y=2010_2030&s=1&p=18-50
BMW iX2 xDrive30 (MY26) Available to,https://ev-database.org/car/3461/BMW-iX2-xDrive30,395.0,429.0,165.0,65.2,95.0,5.6,1200.0,525.0,2095.0,"BMW iX2 xDrive30 (MY26) Available to order since February 2026 C 5 V2 L H G Range* 395 km Efficiency* 165 Wh/km Weight 2,095 kg 0-100 5.6 sec 1-Stop Range 429 km Battery 65.2 kWh Fastcharge 95 kW Towing 1,200 kg Cargo Vol. 525 L Price/range* €158 /km €62,200 €61,374 £55,850",https://ev-database.org/#group=vehicle-group&rs-pr=10000_100000&rs-er=0_1000&rs-ld=0_1000&rs-ac=2_23&rs-dcfc=0_400&rs-ub=10_200&rs-tw=0_3000&rs-ef=100_350&rs-sa=-1_5&rs-w=1000_3500&rs-c=0_5000&rs-y=2010_2030&s=1&p=18-50
Renault Zoe Q90 Discontinued (February 2017,https://ev-database.org/car/1078/Renault-Zoe-Q90,245.0,224.0,167.0,41.0,33.0,13.5,0.0,338.0,1555.0,"Renault Zoe Q90 Discontinued (February 2017 - March 2018) B 5 5 V2 L H G Range 245 km Efficiency 167 Wh/km Weight 1,555 kg 0-100 13.5 sec 1-Stop Range 224 km Battery 41.0 kWh Fastcharge 33 kW Towing 0 kg Cargo Vol. 338 L Price/range €126 /km N/A €33,590 £24,520",https://ev-database.org/#group=vehicle-group&rs-pr=10000_100000&rs-er=0_1000&rs-ld=0_1000&rs-ac=2_23&rs-dcfc=0_400&rs-ub=10_200&rs-tw=0_3000&rs-ef=100_350&rs-sa=-1_5&rs-w=1000_3500&rs-c=0_5000&rs-y=2010_2030&s=1&p=18-50
Volvo EC40 Single Motor (MY25) Discontinued,https://ev-database.org/car/2123/Volvo-EC40-Single-Motor,360.0,394.0,186.0,67.0,100.0,7.3,1500.0,435.0,2057.0,"Volvo EC40 Single Motor (MY25) Discontinued (February 2024 - April 2025) C 5 V2 L H G Range* 360 km Efficiency* 186 Wh/km Weight 2,057 kg 0-100 7.3 sec 1-Stop Range 394 km Battery 67.0 kWh Fastcharge 100 kW Towing 1,500 kg Cargo Vol. 435 L Price/range* €152 /km €52,690 €50,495 £52,555",https://ev-database.org/#group=vehicle-group&rs-pr=10000_100000&rs-er=0_1000&rs-ld=0_1000&rs-ac=2_23&rs-dcfc=0_400&rs-ub=10_200&rs-tw=0_3000&rs-ef=100_350&rs-sa=-1_5&rs-w=1000_3500&rs-c=0_5000&rs-y=2010_2030&s=1&p=18-50
Peugeot e-5008 73 kWh Dual Motor,https://ev-database.org/car/2150/Peugeot-e-5008-73-kWh-Dual-Motor,355.0,374.0,206.0,73.0,90.0,6.5,1000.0,348.0,2406.0,"Peugeot e-5008 73 kWh Dual Motor Available to order since July 2025 D 7 4 V2 L H G Range* 355 km Efficiency* 206 Wh/km Weight 2,406 kg 0-100 6.5 sec 1-Stop Range 374 km Battery 73.0 kWh Fastcharge 90 kW Towing 1,000 kg Cargo Vol. 348 L Price/range* €178 /km €62,500 €59,515 £58,990",https://ev-database.org/#group=vehicle-group&rs-pr=10000_100000&rs-er=0_1000&rs-ld=0_1000&rs-ac=2_23&rs-dcfc=0_400&rs-ub=10_200&rs-tw=0_3000&rs-ef=100_350&rs-sa=-1_5&rs-w=1000_3500&rs-c=0_5000&rs-y=2010_2030&s=1&p=18-50
Peugeot iOn Discontinued (April 2016 -,https://ev-database.org/car/1095/Peugeot-iOn,85.0,101.0,171.0,14.5,30.0,15.9,0.0,166.0,1140.0,"Peugeot iOn Discontinued (April 2016 - April 2020) A 4 4 V2 L H G Range 85 km Efficiency 171 Wh/km Weight 1,140 kg 0-100 15.9 sec 1-Stop Range 101 km Battery 14.5 kWh Fastcharge 30 kW Towing 0 kg Cargo Vol. 166 L Price/range €250 /km €21,800 €22,360 £16,995",https://ev-database.org/#group=vehicle-group&rs-pr=10000_100000&rs-er=0_1000&rs-ld=0_1000&rs-ac=2_23&rs-dcfc=0_400&rs-ub=10_200&rs-tw=0_3000&rs-ef=100_350&rs-sa=-1_5&rs-w=1000_3500&rs-c=0_5000&rs-y=2010_2030&s=1&p=18-50
Tesla Model X Ludicrous Performance Discontinued,https://ev-database.org/car/1176/Tesla-Model-X-Ludicrous-Performance,420.0,413.0,226.0,95.0,100.0,3.0,2250.0,,2572.0,"Tesla Model X Ludicrous Performance Discontinued (March 2019 - May 2019) F 7 5 V2 L H G Range 420 km Efficiency 226 Wh/km Weight 2,572 kg 0-100 3.0 sec 1-Stop Range 413 km Battery* 95.0 kWh Fastcharge 100 kW Towing 2,250 kg Cargo Vol. unknown Price/range €274 /km €112,700 €115,920 £101,350",https://ev-database.org/#group=vehicle-group&rs-pr=10000_100000&rs-er=0_1000&rs-ld=0_1000&rs-ac=2_23&rs-dcfc=0_400&rs-ub=10_200&rs-tw=0_3000&rs-ef=100_350&rs-sa=-1_5&rs-w=1000_3500&rs-c=0_5000&rs-y=2010_2030&s=1&p=18-50
Ford Mustang Mach-E SR RWD (MY21),https://ev-database.org/car/1242/Ford-Mustang-Mach-E-SR-RWD,365.0,363.0,186.0,68.0,76.0,6.9,750.0,619.0,2044.0,"Ford Mustang Mach-E SR RWD (MY21) Discontinued (January 2021 - April 2022) D 5 5 V2 L H G Range* 365 km Efficiency* 186 Wh/km Weight 2,044 kg 0-100 6.9 sec 1-Stop Range 363 km Battery 68.0 kWh Fastcharge 76 kW Towing 750 kg Cargo Vol. 619 L Price/range* €134 /km €47,500 €50,425 £42,530",https://ev-database.org/#group=vehicle-group&rs-pr=10000_100000&rs-er=0_1000&rs-ld=0_1000&rs-ac=2_23&rs-dcfc=0_400&rs-ub=10_200&rs-tw=0_3000&rs-ef=100_350&rs-sa=-1_5&rs-w=1000_3500&rs-c=0_5000&rs-y=2010_2030&s=1&p=18-50
Volkswagen ID.5 Pro Performance Discontinued (January,https://ev-database.org/car/1557/Volkswagen-ID5-Pro-Performance,430.0,459.0,179.0,77.0,124.0,8.4,1000.0,549.0,2117.0,"Volkswagen ID.5 Pro Performance Discontinued (January 2022 - July 2022) C 5 5 V2 L H G Range* 430 km Efficiency* 179 Wh/km Weight 2,117 kg 0-100 8.4 sec 1-Stop Range 459 km Battery 77.0 kWh Fastcharge 124 kW Towing 1,000 kg Cargo Vol. 549 L Price/range* €122 /km €47,550 €50,090 £51,940",https://ev-database.org/#group=vehicle-group&rs-pr=10000_100000&rs-er=0_1000&rs-ld=0_1000&rs-ac=2_23&rs-dcfc=0_400&rs-ub=10_200&rs-tw=0_3000&rs-ef=100_350&rs-sa=-1_5&rs-w=1000_3500&rs-c=0_5000&rs-y=2010_2030&s=1&p=18-50
Polestar 3 Long Range Performance (MY23-25),https://ev-database.org/car/1759/Polestar-3-Long-Range-Performance,480.0,516.0,223.0,107.0,150.0,4.7,2200.0,516.0,2654.0,"Polestar 3 Long Range Performance (MY23-25) Available to order since November 2022 E 5 5 V2 L H G Range 480 km Efficiency 223 Wh/km Weight 2,654 kg 0-100 4.7 sec 1-Stop Range 516 km Battery 107.0 kWh Fastcharge 150 kW Towing 2,200 kg Cargo Vol. 516 L Price/range €191 /km €88,190 €93,550 £81,500",https://ev-database.org/#group=vehicle-group&rs-pr=10000_100000&rs-er=0_1000&rs-ld=0_1000&rs-ac=2_23&rs-dcfc=0_400&rs-ub=10_200&rs-tw=0_3000&rs-ef=100_350&rs-sa=-1_5&rs-w=1000_3500&rs-c=0_5000&rs-y=2010_2030&s=1&p=18-50
e.GO e.wave X Discontinued (December 2022,https://ev-database.org/car/1896/eGO-ewave-X,150.0,106.0,180.0,27.0,0.0,,0.0,116.0,1280.0,"e.GO e.wave X Discontinued (December 2022 - May 2024) B 4 V2 L H G Range* 150 km Efficiency* 180 Wh/km Weight 1,280 kg 0-100* 12.0 sec 1-Stop Range 106 km Battery* 27.0 kWh Fastcharge 0 kW Towing 0 kg Cargo Vol. 116 L Price/range* €167 /km €24,990 N/A N/A",https://ev-database.org/#group=vehicle-group&rs-pr=10000_100000&rs-er=0_1000&rs-ld=0_1000&rs-ac=2_23&rs-dcfc=0_400&rs-ub=10_200&rs-tw=0_3000&rs-ef=100_350&rs-sa=-1_5&rs-w=1000_3500&rs-c=0_5000&rs-y=2010_2030&s=1&p=18-50
Volkswagen ID.5 GTX (MY26) Discontinued (July,https://ev-database.org/car/3255/Volkswagen-ID5-GTX,445.0,500.0,178.0,79.0,135.0,5.4,1800.0,549.0,2233.0,"Volkswagen ID.5 GTX (MY26) Discontinued (July 2025 - April 2026) C 5 5 V2 L H G Range* 445 km Efficiency* 178 Wh/km Weight 2,233 kg 0-100 5.4 sec 1-Stop Range 500 km Battery 79.0 kWh Fastcharge 135 kW Towing 1,800 kg Cargo Vol. 549 L Price/range* €133 /km €58,755 €63,490 £47,900",https://ev-database.org/#group=vehicle-group&rs-pr=10000_100000&rs-er=0_1000&rs-ld=0_1000&rs-ac=2_23&rs-dcfc=0_400&rs-ub=10_200&rs-tw=0_3000&rs-ef=100_350&rs-sa=-1_5&rs-w=1000_3500&rs-c=0_5000&rs-y=2010_2030&s=1&p=18-50
Mitsubishi i-MiEV Discontinued (January 2011 -,https://ev-database.org/car/1029/Mitsubishi-i-MiEV,85.0,98.0,171.0,14.5,30.0,15.9,0.0,166.0,1185.0,"Mitsubishi i-MiEV Discontinued (January 2011 - November 2015) A 4 4 V2 L H G Range 85 km Efficiency 171 Wh/km Weight 1,185 kg 0-100 15.9 sec 1-Stop Range 98 km Battery* 14.5 kWh Fastcharge 30 kW Towing 0 kg Cargo Vol. 166 L Price/range €342 /km €29,393 €30,085 £24,054",https://ev-database.org/#group=vehicle-group&rs-pr=10000_100000&rs-er=0_1000&rs-ld=0_1000&rs-ac=2_23&rs-dcfc=0_400&rs-ub=10_200&rs-tw=0_3000&rs-ef=100_350&rs-sa=-1_5&rs-w=1000_3500&rs-c=0_5000&rs-y=2010_2030&s=1&p=18-50
Audi e-tron 55 quattro Discontinued (December,https://ev-database.org/car/1253/Audi-e-tron-55-quattro,365.0,384.0,237.0,86.5,147.0,5.7,1800.0,722.0,2595.0,"Audi e-tron 55 quattro Discontinued (December 2019 - March 2021) E 5 5 V2 L H G Range 365 km Efficiency 237 Wh/km Weight 2,595 kg 0-100 5.7 sec 1-Stop Range 384 km Battery 86.5 kWh Fastcharge 147 kW Towing 1,800 kg Cargo Vol. 722 L Price/range €213 /km €79,445 €71,500 £71,500",https://ev-database.org/#group=vehicle-group&rs-pr=10000_100000&rs-er=0_1000&rs-ld=0_1000&rs-ac=2_23&rs-dcfc=0_400&rs-ub=10_200&rs-tw=0_3000&rs-ef=100_350&rs-sa=-1_5&rs-w=1000_3500&rs-c=0_5000&rs-y=2010_2030&s=1&p=18-50
Škoda Enyaq RS (MY24) Discontinued (September,https://ev-database.org/car/2022/Skoda-Enyaq-RS,435.0,480.0,177.0,77.0,120.0,5.5,1200.0,585.0,2251.0,"Škoda Enyaq RS (MY24) Discontinued (September 2023 - January 2025) C 5 5 V2 L H G Range* 435 km Efficiency* 177 Wh/km Weight 2,251 kg 0-100 5.5 sec 1-Stop Range 480 km Battery 77.0 kWh Fastcharge 120 kW Towing 1,200 kg Cargo Vol. 585 L Price/range* €140 /km €61,050 N/A £53,120",https://ev-database.org/#group=vehicle-group&rs-pr=10000_100000&rs-er=0_1000&rs-ld=0_1000&rs-ac=2_23&rs-dcfc=0_400&rs-ub=10_200&rs-tw=0_3000&rs-ef=100_350&rs-sa=-1_5&rs-w=1000_3500&rs-c=0_5000&rs-y=2010_2030&s=1&p=18-50
Lotus Emeya 900 Available to order,https://ev-database.org/car/3215/Lotus-Emeya-900,465.0,611.0,213.0,98.9,328.0,2.8,1225.0,543.0,2650.0,"Lotus Emeya 900 Available to order since May 2025 F 5 V2 L H G Range* 465 km Efficiency* 213 Wh/km Weight 2,650 kg 0-100 2.8 sec 1-Stop Range 611 km Battery 98.9 kWh Fastcharge 328 kW Towing 1,225 kg Cargo Vol. 543 L Price/range* €320 /km €145,990 €150,595 £129,990",https://ev-database.org/#group=vehicle-group&rs-pr=10000_100000&rs-er=0_1000&rs-ld=0_1000&rs-ac=2_23&rs-dcfc=0_400&rs-ub=10_200&rs-tw=0_3000&rs-ef=100_350&rs-sa=-1_5&rs-w=1000_3500&rs-c=0_5000&rs-y=2010_2030&s=1&p=18-50
Lancia Ypsilon 54 kWh (MY25) Available,https://ev-database.org/car/3224/Lancia-Ypsilon-54-kWh,325.0,353.0,156.0,50.8,79.0,8.2,0.0,309.0,1561.0,"Lancia Ypsilon 54 kWh (MY25) Available to order since April 2025 B 5 V2 L H G Range* 325 km Efficiency* 156 Wh/km Weight 1,561 kg 0-100 8.2 sec 1-Stop Range 353 km Battery 50.8 kWh Fastcharge 79 kW Towing 0 kg Cargo Vol. 309 L Price/range* €104 /km N/A €33,700 N/A",https://ev-database.org/#group=vehicle-group&rs-pr=10000_100000&rs-er=0_1000&rs-ld=0_1000&rs-ac=2_23&rs-dcfc=0_400&rs-ub=10_200&rs-tw=0_3000&rs-ef=100_350&rs-sa=-1_5&rs-w=1000_3500&rs-c=0_5000&rs-y=2010_2030&s=1&p=18-50
Smart ForFour Electric Drive Discontinued (March,https://ev-database.org/car/1091/Smart-ForFour-Electric-Drive,95.0,66.0,176.0,16.7,0.0,12.7,0.0,185.0,1200.0,"Smart ForFour Electric Drive Discontinued (March 2017 - September 2018) A 4 4 V2 L H G Range 95 km Efficiency 176 Wh/km Weight 1,200 kg 0-100 12.7 sec 1-Stop Range 66 km Battery* 16.7 kWh Fastcharge 0 kW Towing 0 kg Cargo Vol. 185 L Price/range €232 /km €22,600 €24,050 £16,915",https://ev-database.org/#group=vehicle-group&rs-pr=10000_100000&rs-er=0_1000&rs-ld=0_1000&rs-ac=2_23&rs-dcfc=0_400&rs-ub=10_200&rs-tw=0_3000&rs-ef=100_350&rs-sa=-1_5&rs-w=1000_3500&rs-c=0_5000&rs-y=2010_2030&s=1&p=18-50
Volkswagen ID.4 Pure Performance Discontinued (January,https://ev-database.org/car/1411/Volkswagen-ID4-Pure-Performance,285.0,301.0,182.0,52.0,70.0,9.0,1000.0,543.0,1965.0,"Volkswagen ID.4 Pure Performance Discontinued (January 2021 - November 2023) C 5 5 V2 L H G Range 285 km Efficiency 182 Wh/km Weight 1,965 kg 0-100 9.0 sec 1-Stop Range 301 km Battery 52.0 kWh Fastcharge 70 kW Towing 1,000 kg Cargo Vol. 543 L Price/range €154 /km €39,955 €45,390 £40,275",https://ev-database.org/#group=vehicle-group&rs-pr=10000_100000&rs-er=0_1000&rs-ld=0_1000&rs-ac=2_23&rs-dcfc=0_400&rs-ub=10_200&rs-tw=0_3000&rs-ef=100_350&rs-sa=-1_5&rs-w=1000_3500&rs-c=0_5000&rs-y=2010_2030&s=1&p=18-50
Škoda Enyaq Coupe iV 80 (MY23),https://ev-database.org/car/1629/Skoda-Enyaq-Coupe-iV-80,445.0,473.0,173.0,77.0,124.0,8.7,1000.0,575.0,2119.0,"Škoda Enyaq Coupe iV 80 (MY23) Discontinued (July 2022 - October 2023) C 5 5 V2 L H G Range* 445 km Efficiency* 173 Wh/km Weight 2,119 kg 0-100 8.7 sec 1-Stop Range 473 km Battery 77.0 kWh Fastcharge 124 kW Towing 1,000 kg Cargo Vol. 575 L Price/range* €118 /km €54,400 €51,990 £44,825",https://ev-database.org/#group=vehicle-group&rs-pr=10000_100000&rs-er=0_1000&rs-ld=0_1000&rs-ac=2_23&rs-dcfc=0_400&rs-ub=10_200&rs-tw=0_3000&rs-ef=100_350&rs-sa=-1_5&rs-w=1000_3500&rs-c=0_5000&rs-y=2010_2030&s=1&p=18-50
Audi e-tron S Discontinued (October 2021,https://ev-database.org/car/1658/Audi-e-tron-S,320.0,332.0,270.0,86.5,147.0,4.5,1800.0,722.0,2730.0,"Audi e-tron S Discontinued (October 2021 - November 2022) E 5 5 V2 L H G Range 320 km Efficiency 270 Wh/km Weight 2,730 kg 0-100 4.5 sec 1-Stop Range 332 km Battery 86.5 kWh Fastcharge 147 kW Towing 1,800 kg Cargo Vol. 722 L Price/range €294 /km €93,800 €86,415 £88,435",https://ev-database.org/#group=vehicle-group&rs-pr=10000_100000&rs-er=0_1000&rs-ld=0_1000&rs-ac=2_23&rs-dcfc=0_400&rs-ub=10_200&rs-tw=0_3000&rs-ef=100_350&rs-sa=-1_5&rs-w=1000_3500&rs-c=0_5000&rs-y=2010_2030&s=1&p=18-50
Smart #1 Pure (MY24) Available to,https://ev-database.org/car/2217/Smart-1-Pure,250.0,280.0,188.0,47.0,65.0,6.7,0.0,338.0,1855.0,"Smart #1 Pure (MY24) Available to order since June 2024 B 5 5 V2 L H G Range* 250 km Efficiency* 188 Wh/km Weight 1,855 kg 0-100 6.7 sec 1-Stop Range 280 km Battery 47.0 kWh Fastcharge 65 kW Towing 0 kg Cargo Vol. 338 L Price/range* €135 /km €34,990 €32,000 £29,960",https://ev-database.org/#group=vehicle-group&rs-pr=10000_100000&rs-er=0_1000&rs-ld=0_1000&rs-ac=2_23&rs-dcfc=0_400&rs-ub=10_200&rs-tw=0_3000&rs-ef=100_350&rs-sa=-1_5&rs-w=1000_3500&rs-c=0_5000&rs-y=2010_2030&s=1&p=18-50
BMW i5 M60 xDrive Sedan (MY25),https://ev-database.org/car/3114/BMW-i5-M60-xDrive-Sedan,430.0,479.0,189.0,81.2,123.0,3.8,2000.0,490.0,2370.0,"BMW i5 M60 xDrive Sedan (MY25) Available to order since February 2025 E 5 5 V2 L H G Range* 430 km Efficiency* 189 Wh/km Weight 2,370 kg 0-100 3.8 sec 1-Stop Range 479 km Battery 81.2 kWh Fastcharge 123 kW Towing 2,000 kg Cargo Vol. 490 L Price/range* €249 /km €99,500 €109,463 £97,755",https://ev-database.org/#group=vehicle-group&rs-pr=10000_100000&rs-er=0_1000&rs-ld=0_1000&rs-ac=2_23&rs-dcfc=0_400&rs-ub=10_200&rs-tw=0_3000&rs-ef=100_350&rs-sa=-1_5&rs-w=1000_3500&rs-c=0_5000&rs-y=2010_2030&s=1&p=18-50
Volkswagen e-Transporter Kombi L2 100 kW,https://ev-database.org/car/3312/Volkswagen-e-Transporter-Kombi-L2-100-kW-64-kWh,250.0,250.0,255.0,63.8,75.0,12.8,2000.0,1000.0,2348.0,"Volkswagen e-Transporter Kombi L2 100 kW 64 kWh Available to order since March 2025 N 9 V2 L H G Range* 250 km Efficiency* 255 Wh/km Weight 2,348 kg 0-100 12.8 sec 1-Stop Range 250 km Battery 63.8 kWh Fastcharge 75 kW Towing 2,000 kg Cargo Vol. 1,000 L Price/range* €252 /km €63,725 €62,990 £54,424",https://ev-database.org/#group=vehicle-group&rs-pr=10000_100000&rs-er=0_1000&rs-ld=0_1000&rs-ac=2_23&rs-dcfc=0_400&rs-ub=10_200&rs-tw=0_3000&rs-ef=100_350&rs-sa=-1_5&rs-w=1000_3500&rs-c=0_5000&rs-y=2010_2030&s=1&p=18-50
Volkswagen ID.3 Pro S - 5,https://ev-database.org/car/1534/Volkswagen-ID3-Pro-S---5-Seats,450.0,479.0,171.0,77.0,103.0,7.9,0.0,385.0,1928.0,"Volkswagen ID.3 Pro S - 5 Seats Discontinued (July 2021 - December 2022) C 5 5 V2 L H G Range 450 km Efficiency 171 Wh/km Weight 1,928 kg 0-100 7.9 sec 1-Stop Range 479 km Battery 77.0 kWh Fastcharge 103 kW Towing 0 kg Cargo Vol. 385 L Price/range €98 /km €43,720 €44,490 N/A",https://ev-database.org/#group=vehicle-group&rs-pr=10000_100000&rs-er=0_1000&rs-ld=0_1000&rs-ac=2_23&rs-dcfc=0_400&rs-ub=10_200&rs-tw=0_3000&rs-ef=100_350&rs-sa=-1_5&rs-w=1000_3500&rs-c=0_5000&rs-y=2010_2030&s=1&p=18-50
Fisker Ocean Ultra Discontinued (March 2023,https://ev-database.org/car/1710/Fisker-Ocean-Ultra,500.0,541.0,213.0,106.5,,4.2,1820.0,476.0,2508.0,"Fisker Ocean Ultra Discontinued (March 2023 - June 2024) D 5 V2 L H G Range* 500 km Efficiency* 213 Wh/km Weight 2,508 kg 0-100 4.2 sec 1-Stop Range 541 km Battery 106.5 kWh Fastcharge* 135 kW Towing 1,820 kg Cargo Vol. 476 L Price/range* €118 /km €58,900 €58,990 £50,900",https://ev-database.org/#group=vehicle-group&rs-pr=10000_100000&rs-er=0_1000&rs-ld=0_1000&rs-ac=2_23&rs-dcfc=0_400&rs-ub=10_200&rs-tw=0_3000&rs-ef=100_350&rs-sa=-1_5&rs-w=1000_3500&rs-c=0_5000&rs-y=2010_2030&s=1&p=18-50
Mercedes-Benz EQE AMG 53 4MATIC+ (MY23),https://ev-database.org/car/1902/Mercedes-Benz-EQE-AMG-53-4MATICplus,450.0,490.0,201.0,90.6,136.0,3.5,750.0,430.0,2540.0,"Mercedes-Benz EQE AMG 53 4MATIC+ (MY23) Discontinued (September 2022 - April 2024) E 5 5 V2 L H G Range* 450 km Efficiency* 201 Wh/km Weight 2,540 kg 0-100 3.5 sec 1-Stop Range 490 km Battery 90.6 kWh Fastcharge 136 kW Towing 750 kg Cargo Vol. 430 L Price/range* €275 /km €110,706 €128,613 £114,750",https://ev-database.org/#group=vehicle-group&rs-pr=10000_100000&rs-er=0_1000&rs-ld=0_1000&rs-ac=2_23&rs-dcfc=0_400&rs-ub=10_200&rs-tw=0_3000&rs-ef=100_350&rs-sa=-1_5&rs-w=1000_3500&rs-c=0_5000&rs-y=2010_2030&s=1&p=18-50
Volkswagen ID.5 Pro Performance Discontinued (July,https://ev-database.org/car/1913/Volkswagen-ID5-Pro-Performance,430.0,454.0,179.0,77.0,124.0,8.4,1000.0,549.0,2118.0,"Volkswagen ID.5 Pro Performance Discontinued (July 2022 - November 2023) C 5 5 V2 L H G Range 430 km Efficiency 179 Wh/km Weight 2,118 kg 0-100 8.4 sec 1-Stop Range 454 km Battery 77.0 kWh Fastcharge 124 kW Towing 1,000 kg Cargo Vol. 549 L Price/range €128 /km €48,970 €55,690 £52,185",https://ev-database.org/#group=vehicle-group&rs-pr=10000_100000&rs-er=0_1000&rs-ld=0_1000&rs-ac=2_23&rs-dcfc=0_400&rs-ub=10_200&rs-tw=0_3000&rs-ef=100_350&rs-sa=-1_5&rs-w=1000_3500&rs-c=0_5000&rs-y=2010_2030&s=1&p=18-50
Mercedes-Benz EQE SUV 300 (MY25) Available,https://ev-database.org/car/3283/Mercedes-Benz-EQE-SUV-300,450.0,485.0,201.0,90.6,141.0,7.1,750.0,520.0,2445.0,"Mercedes-Benz EQE SUV 300 (MY25) Available to order since April 2025 E 5 5 V2 L H G Range* 450 km Efficiency* 201 Wh/km Weight 2,445 kg 0-100 7.1 sec 1-Stop Range 485 km Battery 90.6 kWh Fastcharge 141 kW Towing 750 kg Cargo Vol. 520 L Price/range* €184 /km €83,479 €81,827 N/A",https://ev-database.org/#group=vehicle-group&rs-pr=10000_100000&rs-er=0_1000&rs-ld=0_1000&rs-ac=2_23&rs-dcfc=0_400&rs-ub=10_200&rs-tw=0_3000&rs-ef=100_350&rs-sa=-1_5&rs-w=1000_3500&rs-c=0_5000&rs-y=2010_2030&s=1&p=18-50
Citroën C-Zero Discontinued (January 2011 -,https://ev-database.org/car/1027/Citroen-C-Zero,85.0,101.0,171.0,14.5,30.0,15.9,0.0,166.0,1140.0,"Citroën C-Zero Discontinued (January 2011 - April 2016) A 4 4 V2 L H G Range 85 km Efficiency 171 Wh/km Weight 1,140 kg 0-100 15.9 sec 1-Stop Range 101 km Battery 14.5 kWh Fastcharge 30 kW Towing 0 kg Cargo Vol. 166 L Price/range €328 /km €29,393 €29,950 £21,216",https://ev-database.org/#group=vehicle-group&rs-pr=10000_100000&rs-er=0_1000&rs-ld=0_1000&rs-ac=2_23&rs-dcfc=0_400&rs-ub=10_200&rs-tw=0_3000&rs-ef=100_350&rs-sa=-1_5&rs-w=1000_3500&rs-c=0_5000&rs-y=2010_2030&s=1&p=18-50
Peugeot Partner Tepee Electric Discontinued (August,https://ev-database.org/car/1103/Peugeot-Partner-Tepee-Electric,100.0,105.0,205.0,20.5,30.0,19.5,0.0,544.0,1679.0,"Peugeot Partner Tepee Electric Discontinued (August 2017 - March 2020) N 5 V2 L H G Range 100 km Efficiency 205 Wh/km Weight 1,679 kg 0-100 19.5 sec 1-Stop Range 105 km Battery* 20.5 kWh Fastcharge 30 kW Towing 0 kg Cargo Vol. 544 L Price/range €305 /km N/A €30,470 N/A",https://ev-database.org/#group=vehicle-group&rs-pr=10000_100000&rs-er=0_1000&rs-ld=0_1000&rs-ac=2_23&rs-dcfc=0_400&rs-ub=10_200&rs-tw=0_3000&rs-ef=100_350&rs-sa=-1_5&rs-w=1000_3500&rs-c=0_5000&rs-y=2010_2030&s=1&p=18-50
Mercedes-Benz EQE SUV 350 4MATIC (MY23),https://ev-database.org/car/1761/Mercedes-Benz-EQE-SUV-350-4MATIC,425.0,453.0,209.0,89.0,120.0,6.6,1800.0,520.0,2580.0,"Mercedes-Benz EQE SUV 350 4MATIC (MY23) Discontinued (December 2022 - January 2024) E 5 V2 L H G Range 425 km Efficiency 209 Wh/km Weight 2,580 kg 0-100 6.6 sec 1-Stop Range 453 km Battery 89.0 kWh Fastcharge 120 kW Towing 1,800 kg Cargo Vol. 520 L Price/range €230 /km €89,548 €99,089 £90,560",https://ev-database.org/#group=vehicle-group&rs-pr=10000_100000&rs-er=0_1000&rs-ld=0_1000&rs-ac=2_23&rs-dcfc=0_400&rs-ub=10_200&rs-tw=0_3000&rs-ef=100_350&rs-sa=-1_5&rs-w=1000_3500&rs-c=0_5000&rs-y=2010_2030&s=1&p=18-50
Mercedes-Benz EQT 200 Standard Available to,https://ev-database.org/car/1908/Mercedes-Benz-EQT-200-Standard,225.0,225.0,200.0,45.0,50.0,12.6,1500.0,551.0,1867.0,"Mercedes-Benz EQT 200 Standard Available to order since June 2023 N 5 V2 L H G Range* 225 km Efficiency* 200 Wh/km Weight 1,867 kg 0-100 12.6 sec 1-Stop Range 225 km Battery 45.0 kWh Fastcharge 50 kW Towing 1,500 kg Cargo Vol. 551 L Price/range* €200 /km €39,623 €50,227 N/A",https://ev-database.org/#group=vehicle-group&rs-pr=10000_100000&rs-er=0_1000&rs-ld=0_1000&rs-ac=2_23&rs-dcfc=0_400&rs-ub=10_200&rs-tw=0_3000&rs-ef=100_350&rs-sa=-1_5&rs-w=1000_3500&rs-c=0_5000&rs-y=2010_2030&s=1&p=18-50
Peugeot e-Rifter M 50 kWh Available,https://ev-database.org/car/2163/Peugeot-e-Rifter-M-50-kWh,235.0,246.0,213.0,50.0,80.0,11.7,750.0,775.0,1830.0,"Peugeot e-Rifter M 50 kWh Available to order since March 2024 N 5 V2 L H G Range* 235 km Efficiency* 213 Wh/km Weight 1,830 kg 0-100 11.7 sec 1-Stop Range 246 km Battery 50.0 kWh Fastcharge 80 kW Towing 750 kg Cargo Vol. 775 L Price/range* €166 /km €38,440 €42,918 £30,850",https://ev-database.org/#group=vehicle-group&rs-pr=10000_100000&rs-er=0_1000&rs-ld=0_1000&rs-ac=2_23&rs-dcfc=0_400&rs-ub=10_200&rs-tw=0_3000&rs-ef=100_350&rs-sa=-1_5&rs-w=1000_3500&rs-c=0_5000&rs-y=2010_2030&s=1&p=19-50
Ford Mustang Mach-E SR RWD (MY25),https://ev-database.org/car/3187/Ford-Mustang-Mach-E-SR-RWD,380.0,408.0,191.0,72.6,100.0,6.2,750.0,619.0,2175.0,"Ford Mustang Mach-E SR RWD (MY25) Available to order since April 2025 D 5 5 V2 L H G Range* 380 km Efficiency* 191 Wh/km Weight 2,175 kg 0-100 6.2 sec 1-Stop Range 408 km Battery 72.6 kWh Fastcharge 100 kW Towing 750 kg Cargo Vol. 619 L Price/range* €142 /km €56,500 €46,970 £50,840",https://ev-database.org/#group=vehicle-group&rs-pr=10000_100000&rs-er=0_1000&rs-ld=0_1000&rs-ac=2_23&rs-dcfc=0_400&rs-ub=10_200&rs-tw=0_3000&rs-ef=100_350&rs-sa=-1_5&rs-w=1000_3500&rs-c=0_5000&rs-y=2010_2030&s=1&p=19-50
Lotus Eletre 900 Available to order,https://ev-database.org/car/3217/Lotus-Eletre-900,455.0,553.0,240.0,109.0,246.0,2.9,2250.0,657.0,2725.0,"Lotus Eletre 900 Available to order since May 2025 F 5 V2 L H G Range* 455 km Efficiency* 240 Wh/km Weight 2,725 kg 0-100 2.9 sec 1-Stop Range 553 km Battery 109.0 kWh Fastcharge 246 kW Towing 2,250 kg Cargo Vol. 657 L Price/range* €327 /km €145,990 €150,595 £129,990",https://ev-database.org/#group=vehicle-group&rs-pr=10000_100000&rs-er=0_1000&rs-ld=0_1000&rs-ac=2_23&rs-dcfc=0_400&rs-ub=10_200&rs-tw=0_3000&rs-ef=100_350&rs-sa=-1_5&rs-w=1000_3500&rs-c=0_5000&rs-y=2010_2030&s=1&p=19-50
Porsche Taycan 4S Plus Discontinued (April,https://ev-database.org/car/1238/Porsche-Taycan-4S-Plus,460.0,575.0,182.0,83.7,200.0,4.0,0.0,491.0,2295.0,"Porsche Taycan 4S Plus Discontinued (April 2020 - January 2023) F 5 5 V2 L H G Range 460 km Efficiency 182 Wh/km Weight 2,295 kg 0-100 4.0 sec 1-Stop Range 575 km Battery 83.7 kWh Fastcharge 200 kW Towing 0 kg Cargo Vol. 491 L Price/range €245 /km €114,389 €120,031 £90,406",https://ev-database.org/#group=vehicle-group&rs-pr=10000_100000&rs-er=0_1000&rs-ld=0_1000&rs-ac=2_23&rs-dcfc=0_400&rs-ub=10_200&rs-tw=0_3000&rs-ef=100_350&rs-sa=-1_5&rs-w=1000_3500&rs-c=0_5000&rs-y=2010_2030&s=1&p=19-50
Fiat 500e Cabrio 24 kWh Available,https://ev-database.org/car/1727/Fiat-500e-Cabrio-24-kWh,135.0,150.0,158.0,21.3,40.0,9.0,0.0,185.0,1281.0,"Fiat 500e Cabrio 24 kWh Available to order since July 2022 B 4 4 V2 L H G Range* 135 km Efficiency* 158 Wh/km Weight 1,281 kg 0-100 9.0 sec 1-Stop Range 150 km Battery 21.3 kWh Fastcharge 40 kW Towing 0 kg Cargo Vol. 185 L Price/range* €248 /km €35,490 €31,490 N/A",https://ev-database.org/#group=vehicle-group&rs-pr=10000_100000&rs-er=0_1000&rs-ld=0_1000&rs-ac=2_23&rs-dcfc=0_400&rs-ub=10_200&rs-tw=0_3000&rs-ef=100_350&rs-sa=-1_5&rs-w=1000_3500&rs-c=0_5000&rs-y=2010_2030&s=1&p=19-50
Opel Zafira-e Life L 75 kWh,https://ev-database.org/car/1349/Opel-Zafira-e-Life-L-75-kWh,265.0,252.0,260.0,69.0,77.0,13.3,1000.0,,2161.0,"Opel Zafira-e Life L 75 kWh Discontinued (February 2021 - January 2024) N 9 V2 L H G Range* 265 km Efficiency* 260 Wh/km Weight 2,161 kg 0-100 13.3 sec 1-Stop Range 252 km Battery 69.0 kWh Fastcharge 77 kW Towing 1,000 kg Cargo Vol. unknown Price/range* €261 /km €70,075 €68,134 N/A",https://ev-database.org/#group=vehicle-group&rs-pr=10000_100000&rs-er=0_1000&rs-ld=0_1000&rs-ac=2_23&rs-dcfc=0_400&rs-ub=10_200&rs-tw=0_3000&rs-ef=100_350&rs-sa=-1_5&rs-w=1000_3500&rs-c=0_5000&rs-y=2010_2030&s=1&p=19-50
Škoda Enyaq Coupe RS (MY24) Discontinued,https://ev-database.org/car/2026/Skoda-Enyaq-Coupe-RS,450.0,493.0,171.0,77.0,120.0,5.5,1200.0,570.0,2258.0,"Škoda Enyaq Coupe RS (MY24) Discontinued (September 2023 - January 2025) C 5 5 V2 L H G Range 450 km Efficiency 171 Wh/km Weight 2,258 kg 0-100 5.5 sec 1-Stop Range 493 km Battery 77.0 kWh Fastcharge 120 kW Towing 1,200 kg Cargo Vol. 570 L Price/range €140 /km €63,300 €62,690 £54,820",https://ev-database.org/#group=vehicle-group&rs-pr=10000_100000&rs-er=0_1000&rs-ld=0_1000&rs-ac=2_23&rs-dcfc=0_400&rs-ub=10_200&rs-tw=0_3000&rs-ef=100_350&rs-sa=-1_5&rs-w=1000_3500&rs-c=0_5000&rs-y=2010_2030&s=1&p=19-50
Ford Mustang Mach-E ER AWD (MY23.75),https://ev-database.org/car/2037/Ford-Mustang-Mach-E-ER-AWD,440.0,447.0,207.0,91.0,115.0,5.8,1500.0,619.0,2257.0,"Ford Mustang Mach-E ER AWD (MY23.75) Discontinued (October 2023 - August 2024) D 5 5 V2 L H G Range* 440 km Efficiency* 207 Wh/km Weight 2,257 kg 0-100 5.8 sec 1-Stop Range 447 km Battery 91.0 kWh Fastcharge 115 kW Towing 1,500 kg Cargo Vol. 619 L Price/range* €158 /km €65,900 €66,940 £65,405",https://ev-database.org/#group=vehicle-group&rs-pr=10000_100000&rs-er=0_1000&rs-ld=0_1000&rs-ac=2_23&rs-dcfc=0_400&rs-ub=10_200&rs-tw=0_3000&rs-ef=100_350&rs-sa=-1_5&rs-w=1000_3500&rs-c=0_5000&rs-y=2010_2030&s=1&p=19-50
Audi Q6 Sportback e-tron quattro (MY25),https://ev-database.org/car/3043/Audi-Q6-Sportback-e-tron-quattro,500.0,585.0,190.0,94.9,186.0,5.9,2400.0,575.0,2400.0,"Audi Q6 Sportback e-tron quattro (MY25) Discontinued (November 2024 - December 2025) D 5 5 V2 L H G Range 500 km Efficiency 190 Wh/km Weight 2,400 kg 0-100 5.9 sec 1-Stop Range 585 km Battery 94.9 kWh Fastcharge 186 kW Towing 2,400 kg Cargo Vol. 575 L Price/range €160 /km €77,100 €79,990 £71,475",https://ev-database.org/#group=vehicle-group&rs-pr=10000_100000&rs-er=0_1000&rs-ld=0_1000&rs-ac=2_23&rs-dcfc=0_400&rs-ub=10_200&rs-tw=0_3000&rs-ef=100_350&rs-sa=-1_5&rs-w=1000_3500&rs-c=0_5000&rs-y=2010_2030&s=1&p=19-50
Mini Aceman JCW Available to order,https://ev-database.org/car/3059/Mini-Aceman-JCW,280.0,294.0,176.0,49.2,75.0,6.4,750.0,300.0,1825.0,"Mini Aceman JCW Available to order since October 2024 B 5 5 V2 L H G Range* 280 km Efficiency* 176 Wh/km Weight 1,825 kg 0-100 6.4 sec 1-Stop Range 294 km Battery 49.2 kWh Fastcharge 75 kW Towing 750 kg Cargo Vol. 300 L Price/range* €170 /km €43,150 €52,490 £40,800",https://ev-database.org/#group=vehicle-group&rs-pr=10000_100000&rs-er=0_1000&rs-ld=0_1000&rs-ac=2_23&rs-dcfc=0_400&rs-ub=10_200&rs-tw=0_3000&rs-ef=100_350&rs-sa=-1_5&rs-w=1000_3500&rs-c=0_5000&rs-y=2010_2030&s=1&p=19-50
Ford e-Tourneo Custom L2 210 kW,https://ev-database.org/car/3165/Ford-e-Tourneo-Custom-L2-210-kW,235.0,245.0,272.0,64.0,105.0,,2000.0,819.0,2602.0,"Ford e-Tourneo Custom L2 210 kW Discontinued (November 2023 - December 2025) N 8 5 V2 L H G Range* 235 km Efficiency* 272 Wh/km Weight 2,602 kg 0-100* 8.0 sec 1-Stop Range 245 km Battery 64.0 kWh Fastcharge 105 kW Towing 2,000 kg Cargo Vol. 819 L Price/range* €326 /km €76,517 N/A N/A",https://ev-database.org/#group=vehicle-group&rs-pr=10000_100000&rs-er=0_1000&rs-ld=0_1000&rs-ac=2_23&rs-dcfc=0_400&rs-ub=10_200&rs-tw=0_3000&rs-ef=100_350&rs-sa=-1_5&rs-w=1000_3500&rs-c=0_5000&rs-y=2010_2030&s=1&p=19-50
Audi Q4 Sportback e-tron 50 quattro,https://ev-database.org/car/1492/Audi-Q4-Sportback-e-tron-50-quattro,400.0,433.0,192.0,76.6,103.0,6.2,1200.0,535.0,2215.0,"Audi Q4 Sportback e-tron 50 quattro (MY21-23) Discontinued (August 2021 - January 2024) C 5 5 V2 L H G Range* 400 km Efficiency* 192 Wh/km Weight 2,215 kg 0-100 6.2 sec 1-Stop Range 433 km Battery 76.6 kWh Fastcharge 103 kW Towing 1,200 kg Cargo Vol. 535 L Price/range* €167 /km €59,900 €73,065 £58,510",https://ev-database.org/#group=vehicle-group&rs-pr=10000_100000&rs-er=0_1000&rs-ld=0_1000&rs-ac=2_23&rs-dcfc=0_400&rs-ub=10_200&rs-tw=0_3000&rs-ef=100_350&rs-sa=-1_5&rs-w=1000_3500&rs-c=0_5000&rs-y=2010_2030&s=1&p=19-50
Porsche Macan 4S Electric (MY25) Discontinued,https://ev-database.org/car/2244/Porsche-Macan-4S-Electric,470.0,553.0,202.0,94.9,186.0,4.1,2000.0,624.0,2420.0,"Porsche Macan 4S Electric (MY25) Discontinued (July 2024 - November 2025) D 5 5 V2 L H G Range* 470 km Efficiency* 202 Wh/km Weight 2,420 kg 0-100 4.1 sec 1-Stop Range 553 km Battery 94.9 kWh Fastcharge 186 kW Towing 2,000 kg Cargo Vol. 624 L Price/range* €196 /km €90,700 €96,700 £76,900",https://ev-database.org/#group=vehicle-group&rs-pr=10000_100000&rs-er=0_1000&rs-ld=0_1000&rs-ac=2_23&rs-dcfc=0_400&rs-ub=10_200&rs-tw=0_3000&rs-ef=100_350&rs-sa=-1_5&rs-w=1000_3500&rs-c=0_5000&rs-y=2010_2030&s=1&p=19-50
Tesla Model X P90D Discontinued (October,https://ev-database.org/car/1054/Tesla-Model-X-P90D,375.0,366.0,228.0,85.5,90.0,4.0,,,2514.0,"Tesla Model X P90D Discontinued (October 2016 - November 2016) F 7 V2 L H G Range* 375 km Efficiency* 228 Wh/km Weight 2,514 kg 0-100 4.0 sec 1-Stop Range 366 km Battery* 85.5 kWh Fastcharge 90 kW Towing unknown Cargo Vol. unknown Price/range* €353 /km €131,300 €133,500 N/A",https://ev-database.org/#group=vehicle-group&rs-pr=10000_100000&rs-er=0_1000&rs-ld=0_1000&rs-ac=2_23&rs-dcfc=0_400&rs-ub=10_200&rs-tw=0_3000&rs-ef=100_350&rs-sa=-1_5&rs-w=1000_3500&rs-c=0_5000&rs-y=2010_2030&s=1&p=19-50
Voyah Courage 80 kWh RWD Available,https://ev-database.org/car/3136/Voyah-Courage-80-kWh-RWD,395.0,434.0,196.0,77.3,110.0,6.8,1700.0,527.0,2174.0,"Voyah Courage 80 kWh RWD Available to order since July 2025 D 5 5 V2 L H G Range* 395 km Efficiency* 196 Wh/km Weight 2,174 kg 0-100 6.8 sec 1-Stop Range 434 km Battery 77.3 kWh Fastcharge 110 kW Towing 1,700 kg Cargo Vol. 527 L Price/range* €114 /km N/A €44,990 N/A",https://ev-database.org/#group=vehicle-group&rs-pr=10000_100000&rs-er=0_1000&rs-ld=0_1000&rs-ac=2_23&rs-dcfc=0_400&rs-ub=10_200&rs-tw=0_3000&rs-ef=100_350&rs-sa=-1_5&rs-w=1000_3500&rs-c=0_5000&rs-y=2010_2030&s=1&p=19-50
Lancia Ypsilon 54 kWh HF (MY25),https://ev-database.org/car/3225/Lancia-Ypsilon-54-kWh-HF,305.0,330.0,167.0,50.8,79.0,5.6,0.0,309.0,1631.0,"Lancia Ypsilon 54 kWh HF (MY25) Available to order since April 2025 B 5 V2 L H G Range* 305 km Efficiency* 167 Wh/km Weight 1,631 kg 0-100 5.6 sec 1-Stop Range 330 km Battery 50.8 kWh Fastcharge 79 kW Towing 0 kg Cargo Vol. 309 L Price/range* €134 /km N/A €40,950 N/A",https://ev-database.org/#group=vehicle-group&rs-pr=10000_100000&rs-er=0_1000&rs-ld=0_1000&rs-ac=2_23&rs-dcfc=0_400&rs-ub=10_200&rs-tw=0_3000&rs-ef=100_350&rs-sa=-1_5&rs-w=1000_3500&rs-c=0_5000&rs-y=2010_2030&s=1&p=19-50
Porsche Taycan Plus Discontinued (February 2021,https://ev-database.org/car/1394/Porsche-Taycan-Plus,475.0,592.0,176.0,83.7,200.0,5.4,0.0,491.0,2205.0,"Porsche Taycan Plus Discontinued (February 2021 - January 2023) F 5 5 V2 L H G Range 475 km Efficiency 176 Wh/km Weight 2,205 kg 0-100 5.4 sec 1-Stop Range 592 km Battery 83.7 kWh Fastcharge 200 kW Towing 0 kg Cargo Vol. 491 L Price/range €200 /km €94,123 €99,544 £79,549",https://ev-database.org/#group=vehicle-group&rs-pr=10000_100000&rs-er=0_1000&rs-ld=0_1000&rs-ac=2_23&rs-dcfc=0_400&rs-ub=10_200&rs-tw=0_3000&rs-ef=100_350&rs-sa=-1_5&rs-w=1000_3500&rs-c=0_5000&rs-y=2010_2030&s=1&p=19-50
Mercedes-Benz EQS AMG 53 4MATIC+ Discontinued,https://ev-database.org/car/1537/Mercedes-Benz-EQS-AMG-53-4MATICplus,540.0,591.0,200.0,107.8,169.0,3.4,750.0,610.0,2655.0,"Mercedes-Benz EQS AMG 53 4MATIC+ Discontinued (February 2022 - June 2023) F 5 5 V2 L H G Range 540 km Efficiency 200 Wh/km Weight 2,655 kg 0-100 3.4 sec 1-Stop Range 591 km Battery 107.8 kWh Fastcharge 169 kW Towing 750 kg Cargo Vol. 610 L Price/range €320 /km €155,009 €176,608 £161,860",https://ev-database.org/#group=vehicle-group&rs-pr=10000_100000&rs-er=0_1000&rs-ld=0_1000&rs-ac=2_23&rs-dcfc=0_400&rs-ub=10_200&rs-tw=0_3000&rs-ef=100_350&rs-sa=-1_5&rs-w=1000_3500&rs-c=0_5000&rs-y=2010_2030&s=1&p=19-50
Mercedes-Benz EQB 250+ Discontinued (November 2022,https://ev-database.org/car/1778/Mercedes-Benz-EQB-250plus,410.0,401.0,172.0,70.5,90.0,8.9,0.0,495.0,2115.0,"Mercedes-Benz EQB 250+ Discontinued (November 2022 - October 2023) C 7 5 V2 L H G Range 410 km Efficiency 172 Wh/km Weight 2,115 kg 0-100 8.9 sec 1-Stop Range 401 km Battery 70.5 kWh Fastcharge 90 kW Towing 0 kg Cargo Vol. 495 L Price/range €133 /km €53,978 €54,966 N/A",https://ev-database.org/#group=vehicle-group&rs-pr=10000_100000&rs-er=0_1000&rs-ld=0_1000&rs-ac=2_23&rs-dcfc=0_400&rs-ub=10_200&rs-tw=0_3000&rs-ef=100_350&rs-sa=-1_5&rs-w=1000_3500&rs-c=0_5000&rs-y=2010_2030&s=1&p=19-50
Mercedes-Benz EQE AMG 43 4MATIC (MY22-23),https://ev-database.org/car/1652/Mercedes-Benz-EQE-AMG-43-4MATIC,455.0,490.0,199.0,90.6,136.0,4.2,750.0,430.0,2525.0,"Mercedes-Benz EQE AMG 43 4MATIC (MY22-23) Discontinued (April 2022 - September 2023) E 5 5 V2 L H G Range 455 km Efficiency 199 Wh/km Weight 2,525 kg 0-100 4.2 sec 1-Stop Range 490 km Battery 90.6 kWh Fastcharge 136 kW Towing 750 kg Cargo Vol. 430 L Price/range €236 /km €103,827 €111,068 N/A",https://ev-database.org/#group=vehicle-group&rs-pr=10000_100000&rs-er=0_1000&rs-ld=0_1000&rs-ac=2_23&rs-dcfc=0_400&rs-ub=10_200&rs-tw=0_3000&rs-ef=100_350&rs-sa=-1_5&rs-w=1000_3500&rs-c=0_5000&rs-y=2010_2030&s=1&p=19-50
Mercedes-Benz EQB 250 Discontinued (March 2022,https://ev-database.org/car/1664/Mercedes-Benz-EQB-250,385.0,397.0,173.0,66.5,99.0,8.9,0.0,495.0,2110.0,"Mercedes-Benz EQB 250 Discontinued (March 2022 - October 2023) C 7 5 V2 L H G Range 385 km Efficiency 173 Wh/km Weight 2,110 kg 0-100 8.9 sec 1-Stop Range 397 km Battery 66.5 kWh Fastcharge 99 kW Towing 0 kg Cargo Vol. 495 L Price/range €146 /km €52,550 €59,917 N/A",https://ev-database.org/#group=vehicle-group&rs-pr=10000_100000&rs-er=0_1000&rs-ld=0_1000&rs-ac=2_23&rs-dcfc=0_400&rs-ub=10_200&rs-tw=0_3000&rs-ef=100_350&rs-sa=-1_5&rs-w=1000_3500&rs-c=0_5000&rs-y=2010_2030&s=1&p=19-50
Volkswagen ID.5 Pro Discontinued (July 2022,https://ev-database.org/car/1912/Volkswagen-ID5-Pro,430.0,454.0,179.0,77.0,124.0,10.4,1000.0,549.0,2118.0,"Volkswagen ID.5 Pro Discontinued (July 2022 - November 2023) C 5 5 V2 L H G Range 430 km Efficiency 179 Wh/km Weight 2,118 kg 0-100 10.4 sec 1-Stop Range 454 km Battery 77.0 kWh Fastcharge 124 kW Towing 1,000 kg Cargo Vol. 549 L Price/range €124 /km €47,935 €53,990 £50,710",https://ev-database.org/#group=vehicle-group&rs-pr=10000_100000&rs-er=0_1000&rs-ld=0_1000&rs-ac=2_23&rs-dcfc=0_400&rs-ub=10_200&rs-tw=0_3000&rs-ef=100_350&rs-sa=-1_5&rs-w=1000_3500&rs-c=0_5000&rs-y=2010_2030&s=1&p=19-50
NIO ET5 Touring Standard Range Available,https://ev-database.org/car/1915/NIO-ET5-Touring-Standard-Range,400.0,434.0,184.0,73.5,110.0,4.0,1400.0,450.0,2265.0,"NIO ET5 Touring Standard Range Available to order since July 2023 E 5 5 V2 L H G Range* 400 km Efficiency* 184 Wh/km Weight 2,265 kg 0-100 4.0 sec 1-Stop Range 434 km Battery 73.5 kWh Fastcharge 110 kW Towing 1,400 kg Cargo Vol. 450 L Price/range* €154 /km €59,500 €63,900 N/A",https://ev-database.org/#group=vehicle-group&rs-pr=10000_100000&rs-er=0_1000&rs-ld=0_1000&rs-ac=2_23&rs-dcfc=0_400&rs-ub=10_200&rs-tw=0_3000&rs-ef=100_350&rs-sa=-1_5&rs-w=1000_3500&rs-c=0_5000&rs-y=2010_2030&s=1&p=19-50
GWM ORA 03 GT Available to,https://ev-database.org/car/2093/GWM-ORA-03-GT,325.0,300.0,182.0,59.3,54.0,8.2,0.0,228.0,1655.0,"GWM ORA 03 GT Available to order since January 2024 C 5 5 V2 L H G Range 325 km Efficiency 182 Wh/km Weight 1,655 kg 0-100 8.2 sec 1-Stop Range 300 km Battery 59.3 kWh Fastcharge 54 kW Towing 0 kg Cargo Vol. 228 L Price/range €115 /km €37,490 N/A N/A",https://ev-database.org/#group=vehicle-group&rs-pr=10000_100000&rs-er=0_1000&rs-ld=0_1000&rs-ac=2_23&rs-dcfc=0_400&rs-ub=10_200&rs-tw=0_3000&rs-ef=100_350&rs-sa=-1_5&rs-w=1000_3500&rs-c=0_5000&rs-y=2010_2030&s=1&p=19-50
Škoda Enyaq Coupe 60 (MY25) Discontinued,https://ev-database.org/car/3099/Skoda-Enyaq-Coupe-60,370.0,429.0,159.0,59.0,110.0,8.1,1000.0,570.0,2003.0,"Škoda Enyaq Coupe 60 (MY25) Discontinued (January 2025 - April 2026) C 5 5 V2 L H G Range* 370 km Efficiency* 159 Wh/km Weight 2,003 kg 0-100 8.1 sec 1-Stop Range 429 km Battery 59.0 kWh Fastcharge 110 kW Towing 1,000 kg Cargo Vol. 570 L Price/range* €124 /km €46,850 €44,990 N/A",https://ev-database.org/#group=vehicle-group&rs-pr=10000_100000&rs-er=0_1000&rs-ld=0_1000&rs-ac=2_23&rs-dcfc=0_400&rs-ub=10_200&rs-tw=0_3000&rs-ef=100_350&rs-sa=-1_5&rs-w=1000_3500&rs-c=0_5000&rs-y=2010_2030&s=1&p=19-50
Mercedes-Benz EQS 580 4MATIC Discontinued (October,https://ev-database.org/car/1484/Mercedes-Benz-EQS-580-4MATIC,590.0,654.0,183.0,107.8,169.0,4.3,750.0,610.0,2620.0,"Mercedes-Benz EQS 580 4MATIC Discontinued (October 2021 - June 2023) F 5 5 V2 L H G Range 590 km Efficiency 183 Wh/km Weight 2,620 kg 0-100 4.3 sec 1-Stop Range 654 km Battery 107.8 kWh Fastcharge 169 kW Towing 750 kg Cargo Vol. 610 L Price/range €267 /km €141,705 €173,825 N/A",https://ev-database.org/#group=vehicle-group&rs-pr=10000_100000&rs-er=0_1000&rs-ld=0_1000&rs-ac=2_23&rs-dcfc=0_400&rs-ub=10_200&rs-tw=0_3000&rs-ef=100_350&rs-sa=-1_5&rs-w=1000_3500&rs-c=0_5000&rs-y=2010_2030&s=1&p=19-50
Volvo EX40 Twin Motor Performance (MY26),https://ev-database.org/car/3161/Volvo-EX40-Twin-Motor-Performance,385.0,414.0,205.0,79.0,110.0,4.6,1800.0,441.0,2170.0,"Volvo EX40 Twin Motor Performance (MY26) Available to order since February 2025 C 5 V2 L H G Range* 385 km Efficiency* 205 Wh/km Weight 2,170 kg 0-100 4.6 sec 1-Stop Range 414 km Battery 79.0 kWh Fastcharge 110 kW Towing 1,800 kg Cargo Vol. 441 L Price/range* €163 /km €62,890 €56,495 £59,610",https://ev-database.org/#group=vehicle-group&rs-pr=10000_100000&rs-er=0_1000&rs-ld=0_1000&rs-ac=2_23&rs-dcfc=0_400&rs-ub=10_200&rs-tw=0_3000&rs-ef=100_350&rs-sa=-1_5&rs-w=1000_3500&rs-c=0_5000&rs-y=2010_2030&s=1&p=19-50
Hongqi E-HS7 111 kWh Long Range,https://ev-database.org/car/3264/Hongqi-E-HS7-111-kWh-Long-Range,455.0,535.0,209.0,95.3,210.0,6.3,1500.0,705.0,2458.0,"Hongqi E-HS7 111 kWh Long Range Available to order since January 2025 E 5 5 V2 L H G Range* 455 km Efficiency* 209 Wh/km Weight 2,458 kg 0-100 6.3 sec 1-Stop Range 535 km Battery* 95.3 kWh Fastcharge 210 kW Towing 1,500 kg Cargo Vol. 705 L Price/range* €121 /km N/A €54,995 N/A",https://ev-database.org/#group=vehicle-group&rs-pr=10000_100000&rs-er=0_1000&rs-ld=0_1000&rs-ac=2_23&rs-dcfc=0_400&rs-ub=10_200&rs-tw=0_3000&rs-ef=100_350&rs-sa=-1_5&rs-w=1000_3500&rs-c=0_5000&rs-y=2010_2030&s=1&p=19-50
Cadillac LYRIQ-V (MY26) Available to order,https://ev-database.org/car/3266/Cadillac-LYRIQ-V,400.0,392.0,228.0,91.0,100.0,3.3,1587.0,588.0,2745.0,"Cadillac LYRIQ-V (MY26) Available to order since June 2025 E 5 V2 L H G Range* 400 km Efficiency* 228 Wh/km Weight 2,745 kg 0-100 3.3 sec 1-Stop Range 392 km Battery 91.0 kWh Fastcharge 100 kW Towing 1,587 kg Cargo Vol. 588 L Price/range* €249 /km €99,640 N/A N/A",https://ev-database.org/#group=vehicle-group&rs-pr=10000_100000&rs-er=0_1000&rs-ld=0_1000&rs-ac=2_23&rs-dcfc=0_400&rs-ub=10_200&rs-tw=0_3000&rs-ef=100_350&rs-sa=-1_5&rs-w=1000_3500&rs-c=0_5000&rs-y=2010_2030&s=1&p=19-50
Audi SQ8 Sportback e-tron Discontinued (May,https://ev-database.org/car/1774/Audi-SQ8-Sportback-e-tron,480.0,493.0,221.0,106.0,145.0,4.5,1800.0,590.0,2725.0,"Audi SQ8 Sportback e-tron Discontinued (May 2023 - November 2024) E 5 5 V2 L H G Range* 480 km Efficiency* 221 Wh/km Weight 2,725 kg 0-100 4.5 sec 1-Stop Range 493 km Battery 106.0 kWh Fastcharge 145 kW Towing 1,800 kg Cargo Vol. 590 L Price/range* €221 /km €100,350 €101,990 £101,315",https://ev-database.org/#group=vehicle-group&rs-pr=10000_100000&rs-er=0_1000&rs-ld=0_1000&rs-ac=2_23&rs-dcfc=0_400&rs-ub=10_200&rs-tw=0_3000&rs-ef=100_350&rs-sa=-1_5&rs-w=1000_3500&rs-c=0_5000&rs-y=2010_2030&s=1&p=19-50
Volvo C40 Recharge Single Motor (MY24),https://ev-database.org/car/1799/Volvo-C40-Recharge-Single-Motor,355.0,383.0,186.0,66.0,113.0,7.3,1500.0,450.0,2065.0,"Volvo C40 Recharge Single Motor (MY24) Discontinued (December 2022 - March 2024) C 5 V2 L H G Range* 355 km Efficiency* 186 Wh/km Weight 2,065 kg 0-100 7.3 sec 1-Stop Range 383 km Battery 66.0 kWh Fastcharge 113 kW Towing 1,500 kg Cargo Vol. 450 L Price/range* €145 /km €47,500 €50,995 £48,355",https://ev-database.org/#group=vehicle-group&rs-pr=10000_100000&rs-er=0_1000&rs-ld=0_1000&rs-ac=2_23&rs-dcfc=0_400&rs-ub=10_200&rs-tw=0_3000&rs-ef=100_350&rs-sa=-1_5&rs-w=1000_3500&rs-c=0_5000&rs-y=2010_2030&s=1&p=19-50
Mercedes-Benz EQE 350 4MATIC (MY24) Discontinued,https://ev-database.org/car/2206/Mercedes-Benz-EQE-350-4MATIC,515.0,570.0,176.0,90.6,141.0,6.3,1700.0,430.0,2475.0,"Mercedes-Benz EQE 350 4MATIC (MY24) Discontinued (April 2024 - April 2025) E 5 5 V2 L H G Range* 515 km Efficiency* 176 Wh/km Weight 2,475 kg 0-100 6.3 sec 1-Stop Range 570 km Battery 90.6 kWh Fastcharge 141 kW Towing 1,700 kg Cargo Vol. 430 L Price/range* €148 /km €74,149 €78,791 N/A",https://ev-database.org/#group=vehicle-group&rs-pr=10000_100000&rs-er=0_1000&rs-ld=0_1000&rs-ac=2_23&rs-dcfc=0_400&rs-ub=10_200&rs-tw=0_3000&rs-ef=100_350&rs-sa=-1_5&rs-w=1000_3500&rs-c=0_5000&rs-y=2010_2030&s=1&p=19-50
Volkswagen e-Transporter Kombi L1 160 kW,https://ev-database.org/car/3310/Volkswagen-e-Transporter-Kombi-L1-160-kW-64-kWh,255.0,254.0,250.0,63.8,75.0,8.6,2000.0,800.0,2302.0,"Volkswagen e-Transporter Kombi L1 160 kW 64 kWh Available to order since March 2025 N 9 V2 L H G Range* 255 km Efficiency* 250 Wh/km Weight 2,302 kg 0-100 8.6 sec 1-Stop Range 254 km Battery 63.8 kWh Fastcharge 75 kW Towing 2,000 kg Cargo Vol. 800 L Price/range* €253 /km €64,867 €64,240 N/A",https://ev-database.org/#group=vehicle-group&rs-pr=10000_100000&rs-er=0_1000&rs-ld=0_1000&rs-ac=2_23&rs-dcfc=0_400&rs-ub=10_200&rs-tw=0_3000&rs-ef=100_350&rs-sa=-1_5&rs-w=1000_3500&rs-c=0_5000&rs-y=2010_2030&s=1&p=19-50
Nissan LEAF 24 kWh (MY11-13) Discontinued,https://ev-database.org/car/1011/Nissan-LEAF-24-kWh,125.0,137.0,176.0,22.0,34.0,11.9,0.0,330.0,1600.0,"Nissan LEAF 24 kWh (MY11-13) Discontinued (March 2011 - July 2013) C 5 5 V2 L H G Range 125 km Efficiency 176 Wh/km Weight 1,600 kg 0-100 11.9 sec 1-Stop Range 137 km Battery* 22.0 kWh Fastcharge 34 kW Towing 0 kg Cargo Vol. 330 L Price/range €243 /km €33,990 €32,590 £21,490",https://ev-database.org/#group=vehicle-group&rs-pr=10000_100000&rs-er=0_1000&rs-ld=0_1000&rs-ac=2_23&rs-dcfc=0_400&rs-ub=10_200&rs-tw=0_3000&rs-ef=100_350&rs-sa=-1_5&rs-w=1000_3500&rs-c=0_5000&rs-y=2010_2030&s=1&p=19-50
Genesis GV70 Electrified Sport (MY22-24) Discontinued,https://ev-database.org/car/1725/Genesis-GV70-Electrified-Sport,350.0,432.0,211.0,74.0,190.0,4.2,1800.0,528.0,2310.0,"Genesis GV70 Electrified Sport (MY22-24) Discontinued (October 2022 - June 2025) D 5 V2 L H G Range* 350 km Efficiency* 211 Wh/km Weight 2,310 kg 0-100 4.2 sec 1-Stop Range 432 km Battery* 74.0 kWh Fastcharge 190 kW Towing 1,800 kg Cargo Vol. 528 L Price/range* €203 /km €67,300 N/A £65,105",https://ev-database.org/#group=vehicle-group&rs-pr=10000_100000&rs-er=0_1000&rs-ld=0_1000&rs-ac=2_23&rs-dcfc=0_400&rs-ub=10_200&rs-tw=0_3000&rs-ef=100_350&rs-sa=-1_5&rs-w=1000_3500&rs-c=0_5000&rs-y=2010_2030&s=1&p=19-50
Smart #3 Pro (MY24) Available to,https://ev-database.org/car/2052/Smart-3-Pro,265.0,297.0,177.0,47.0,65.0,5.9,0.0,385.0,1855.0,"Smart #3 Pro (MY24) Available to order since January 2024 B 5 5 V2 L H G Range* 265 km Efficiency* 177 Wh/km Weight 1,855 kg 0-100 5.9 sec 1-Stop Range 297 km Battery 47.0 kWh Fastcharge 65 kW Towing 0 kg Cargo Vol. 385 L Price/range* €142 /km €38,490 €35,495 £33,960",https://ev-database.org/#group=vehicle-group&rs-pr=10000_100000&rs-er=0_1000&rs-ld=0_1000&rs-ac=2_23&rs-dcfc=0_400&rs-ub=10_200&rs-tw=0_3000&rs-ef=100_350&rs-sa=-1_5&rs-w=1000_3500&rs-c=0_5000&rs-y=2010_2030&s=1&p=19-50
KGM Musso EV 2WD (MY26) Available,https://ev-database.org/car/3447/KGM-Musso-EV-2WD,365.0,357.0,221.0,80.6,100.0,9.2,1800.0,907.0,2265.0,"KGM Musso EV 2WD (MY26) Available to order since January 2026 N 5 V2 L H G Range* 365 km Efficiency* 221 Wh/km Weight 2,265 kg 0-100 9.2 sec 1-Stop Range 357 km Battery 80.6 kWh Fastcharge 100 kW Towing 1,800 kg Cargo Vol. 907 L Price/range* €118 /km €41,990 €44,059 N/A",https://ev-database.org/#group=vehicle-group&rs-pr=10000_100000&rs-er=0_1000&rs-ld=0_1000&rs-ac=2_23&rs-dcfc=0_400&rs-ub=10_200&rs-tw=0_3000&rs-ef=100_350&rs-sa=-1_5&rs-w=1000_3500&rs-c=0_5000&rs-y=2010_2030&s=1&p=19-50
Opel Mokka-e Discontinued (February 2021 -,https://ev-database.org/car/1278/Opel-Mokka-e,255.0,273.0,182.0,46.3,74.0,9.0,0.0,310.0,1598.0,"Opel Mokka-e Discontinued (February 2021 - December 2021) B 5 4 V2 L H G Range* 255 km Efficiency* 182 Wh/km Weight 1,598 kg 0-100 9.0 sec 1-Stop Range 273 km Battery 46.3 kWh Fastcharge 74 kW Towing 0 kg Cargo Vol. 310 L Price/range* €135 /km €34,110 €34,399 £30,540",https://ev-database.org/#group=vehicle-group&rs-pr=10000_100000&rs-er=0_1000&rs-ld=0_1000&rs-ac=2_23&rs-dcfc=0_400&rs-ub=10_200&rs-tw=0_3000&rs-ef=100_350&rs-sa=-1_5&rs-w=1000_3500&rs-c=0_5000&rs-y=2010_2030&s=1&p=19-50
Seres 3 Discontinued (December 2020 -,https://ev-database.org/car/1357/Seres-3,255.0,253.0,196.0,50.0,85.0,8.9,0.0,318.0,1765.0,"Seres 3 Discontinued (December 2020 - October 2021) C 5 V2 L H G Range* 255 km Efficiency* 196 Wh/km Weight 1,765 kg 0-100 8.9 sec 1-Stop Range 253 km Battery* 50.0 kWh Fastcharge 85 kW Towing 0 kg Cargo Vol. 318 L Price/range* €149 /km N/A €37,995 N/A",https://ev-database.org/#group=vehicle-group&rs-pr=10000_100000&rs-er=0_1000&rs-ld=0_1000&rs-ac=2_23&rs-dcfc=0_400&rs-ub=10_200&rs-tw=0_3000&rs-ef=100_350&rs-sa=-1_5&rs-w=1000_3500&rs-c=0_5000&rs-y=2010_2030&s=1&p=19-50
CUPRA Born 170 kW - 58,https://ev-database.org/car/1517/CUPRA-Born-170-kW---58-kWh,345.0,365.0,168.0,58.0,75.0,6.6,0.0,385.0,1824.0,"CUPRA Born 170 kW - 58 kWh (MY22-24) Discontinued (March 2022 - July 2024) C 5 5 V2 L H G Range* 345 km Efficiency* 168 Wh/km Weight 1,824 kg 0-100 6.6 sec 1-Stop Range 365 km Battery 58.0 kWh Fastcharge 75 kW Towing 0 kg Cargo Vol. 385 L Price/range* €116 /km €40,750 €38,989 £35,085",https://ev-database.org/#group=vehicle-group&rs-pr=10000_100000&rs-er=0_1000&rs-ld=0_1000&rs-ac=2_23&rs-dcfc=0_400&rs-ub=10_200&rs-tw=0_3000&rs-ef=100_350&rs-sa=-1_5&rs-w=1000_3500&rs-c=0_5000&rs-y=2010_2030&s=1&p=19-50
Opel Zafira Electric 75 kWh Available,https://ev-database.org/car/2262/Opel-Zafira-Electric-75-kWh,265.0,252.0,260.0,69.0,77.0,14.2,1000.0,603.0,2211.0,"Opel Zafira Electric 75 kWh Available to order since January 2024 N 9 V2 L H G Range* 265 km Efficiency* 260 Wh/km Weight 2,211 kg 0-100 14.2 sec 1-Stop Range 252 km Battery 69.0 kWh Fastcharge 77 kW Towing 1,000 kg Cargo Vol. 603 L Price/range* €210 /km €53,550 €57,753 £48,695",https://ev-database.org/#group=vehicle-group&rs-pr=10000_100000&rs-er=0_1000&rs-ld=0_1000&rs-ac=2_23&rs-dcfc=0_400&rs-ub=10_200&rs-tw=0_3000&rs-ef=100_350&rs-sa=-1_5&rs-w=1000_3500&rs-c=0_5000&rs-y=2010_2030&s=1&p=19-50
Tesla Model S 70 Discontinued (April,https://ev-database.org/car/1061/Tesla-Model-S-70,345.0,362.0,200.0,69.0,95.0,5.8,,895.0,2102.0,"Tesla Model S 70 Discontinued (April 2016 - June 2016) F 5 V2 L H G Range* 345 km Efficiency* 200 Wh/km Weight 2,102 kg 0-100 5.8 sec 1-Stop Range 362 km Battery* 69.0 kWh Fastcharge 95 kW Towing unknown Cargo Vol. 895 L Price/range* €242 /km €82,700 €84,100 N/A",https://ev-database.org/#group=vehicle-group&rs-pr=10000_100000&rs-er=0_1000&rs-ld=0_1000&rs-ac=2_23&rs-dcfc=0_400&rs-ub=10_200&rs-tw=0_3000&rs-ef=100_350&rs-sa=-1_5&rs-w=1000_3500&rs-c=0_5000&rs-y=2010_2030&s=1&p=19-50
Renault Kangoo Grand E-Tech Electric Discontinued,https://ev-database.org/car/2043/Renault-Kangoo-Grand-E-Tech-Electric,220.0,218.0,205.0,45.0,50.0,13.3,1500.0,500.0,1992.0,"Renault Kangoo Grand E-Tech Electric Discontinued (September 2024 - April 2025) N 7 V2 L H G Range* 220 km Efficiency* 205 Wh/km Weight 1,992 kg 0-100 13.3 sec 1-Stop Range 218 km Battery 45.0 kWh Fastcharge 50 kW Towing 1,500 kg Cargo Vol. 500 L Price/range* €183 /km €40,250 N/A N/A",https://ev-database.org/#group=vehicle-group&rs-pr=10000_100000&rs-er=0_1000&rs-ld=0_1000&rs-ac=2_23&rs-dcfc=0_400&rs-ub=10_200&rs-tw=0_3000&rs-ef=100_350&rs-sa=-1_5&rs-w=1000_3500&rs-c=0_5000&rs-y=2010_2030&s=1&p=19-50
Citroën ë-Berlingo XL 50 kWh Available,https://ev-database.org/car/2160/Citroen-e-Berlingo-XL-50-kWh,230.0,242.0,217.0,50.0,80.0,11.7,750.0,1050.0,1881.0,"Citroën ë-Berlingo XL 50 kWh Available to order since March 2024 N 7 V2 L H G Range* 230 km Efficiency* 217 Wh/km Weight 1,881 kg 0-100 11.7 sec 1-Stop Range 242 km Battery 50.0 kWh Fastcharge 80 kW Towing 750 kg Cargo Vol. 1,050 L Price/range* €169 /km €37,940 €43,178 £30,640",https://ev-database.org/#group=vehicle-group&rs-pr=10000_100000&rs-er=0_1000&rs-ld=0_1000&rs-ac=2_23&rs-dcfc=0_400&rs-ub=10_200&rs-tw=0_3000&rs-ef=100_350&rs-sa=-1_5&rs-w=1000_3500&rs-c=0_5000&rs-y=2010_2030&s=1&p=19-50
NIO EL8 Standard Range Available to,https://ev-database.org/car/2222/NIO-EL8-Standard-Range,360.0,388.0,204.0,73.5,110.0,4.1,2000.0,265.0,2613.0,"NIO EL8 Standard Range Available to order since June 2024 F 6 V2 L H G Range 360 km Efficiency 204 Wh/km Weight 2,613 kg 0-100 4.1 sec 1-Stop Range 388 km Battery 73.5 kWh Fastcharge 110 kW Towing 2,000 kg Cargo Vol. 265 L Price/range €258 /km €94,900 €90,900 N/A",https://ev-database.org/#group=vehicle-group&rs-pr=10000_100000&rs-er=0_1000&rs-ld=0_1000&rs-ac=2_23&rs-dcfc=0_400&rs-ub=10_200&rs-tw=0_3000&rs-ef=100_350&rs-sa=-1_5&rs-w=1000_3500&rs-c=0_5000&rs-y=2010_2030&s=1&p=19-50
Ford Capri Standard Range RWD (MY25),https://ev-database.org/car/2240/Ford-Capri-Standard-Range-RWD,320.0,357.0,163.0,52.0,85.0,9.0,1000.0,572.0,1914.0,"Ford Capri Standard Range RWD (MY25) Discontinued (July 2024 - January 2026) D 5 V2 L H G Range* 320 km Efficiency* 163 Wh/km Weight 1,914 kg 0-100 9.0 sec 1-Stop Range 357 km Battery 52.0 kWh Fastcharge 85 kW Towing 1,000 kg Cargo Vol. 572 L Price/range* €141 /km €44,950 €42,250 £42,075",https://ev-database.org/#group=vehicle-group&rs-pr=10000_100000&rs-er=0_1000&rs-ld=0_1000&rs-ac=2_23&rs-dcfc=0_400&rs-ub=10_200&rs-tw=0_3000&rs-ef=100_350&rs-sa=-1_5&rs-w=1000_3500&rs-c=0_5000&rs-y=2010_2030&s=1&p=19-50
Tesla Model X Performance Discontinued (July,https://ev-database.org/car/1208/Tesla-Model-X-Performance,430.0,448.0,221.0,95.0,110.0,2.9,2250.0,,2552.0,"Tesla Model X Performance Discontinued (July 2019 - October 2020) F 7 5 V2 L H G Range 430 km Efficiency 221 Wh/km Weight 2,552 kg 0-100 2.9 sec 1-Stop Range 448 km Battery* 95.0 kWh Fastcharge 110 kW Towing 2,250 kg Cargo Vol. unknown Price/range €250 /km €102,990 €107,005 £97,980",https://ev-database.org/#group=vehicle-group&rs-pr=10000_100000&rs-er=0_1000&rs-ld=0_1000&rs-ac=2_23&rs-dcfc=0_400&rs-ub=10_200&rs-tw=0_3000&rs-ef=100_350&rs-sa=-1_5&rs-w=1000_3500&rs-c=0_5000&rs-y=2010_2030&s=1&p=19-50
Mercedes-Benz eVito Tourer Extra-Long 41 kWh,https://ev-database.org/car/1614/Mercedes-Benz-eVito-Tourer-Extra-Long-41-kWh,120.0,85.0,292.0,35.0,0.0,,0.0,1390.0,2285.0,"Mercedes-Benz eVito Tourer Extra-Long 41 kWh Discontinued (July 2019 - August 2020) N 9 V2 L H G Range* 120 km Efficiency* 292 Wh/km Weight 2,285 kg 0-100* 16.0 sec 1-Stop Range 85 km Battery 35.0 kWh Fastcharge 0 kW Towing 0 kg Cargo Vol. 1,390 L Price/range* €461 /km €55,275 €55,418 N/A",https://ev-database.org/#group=vehicle-group&rs-pr=10000_100000&rs-er=0_1000&rs-ld=0_1000&rs-ac=2_23&rs-dcfc=0_400&rs-ub=10_200&rs-tw=0_3000&rs-ef=100_350&rs-sa=-1_5&rs-w=1000_3500&rs-c=0_5000&rs-y=2010_2030&s=1&p=19-50
Peugeot e-308 SW (MY23-25) Discontinued (August,https://ev-database.org/car/1745/Peugeot-e-308-SW,300.0,322.0,169.0,50.8,79.0,10.0,0.0,548.0,1791.0,"Peugeot e-308 SW (MY23-25) Discontinued (August 2023 - November 2025) C 5 V2 L H G Range* 300 km Efficiency* 169 Wh/km Weight 1,791 kg 0-100 10.0 sec 1-Stop Range 322 km Battery 50.8 kWh Fastcharge 79 kW Towing 0 kg Cargo Vol. 548 L Price/range* €142 /km €45,765 €42,570 £34,660",https://ev-database.org/#group=vehicle-group&rs-pr=10000_100000&rs-er=0_1000&rs-ld=0_1000&rs-ac=2_23&rs-dcfc=0_400&rs-ub=10_200&rs-tw=0_3000&rs-ef=100_350&rs-sa=-1_5&rs-w=1000_3500&rs-c=0_5000&rs-y=2010_2030&s=1&p=19-50
ORA Funky Cat 48 kWh Discontinued,https://ev-database.org/car/1781/ORA-Funky-Cat-48-kWh,260.0,247.0,175.0,45.4,45.0,8.3,0.0,228.0,1615.0,"ORA Funky Cat 48 kWh Discontinued (November 2022 - December 2023) C 5 5 V2 L H G Range* 260 km Efficiency* 175 Wh/km Weight 1,615 kg 0-100 8.3 sec 1-Stop Range 247 km Battery 45.4 kWh Fastcharge 45 kW Towing 0 kg Cargo Vol. 228 L Price/range* €146 /km €38,990 N/A £31,995",https://ev-database.org/#group=vehicle-group&rs-pr=10000_100000&rs-er=0_1000&rs-ld=0_1000&rs-ac=2_23&rs-dcfc=0_400&rs-ub=10_200&rs-tw=0_3000&rs-ef=100_350&rs-sa=-1_5&rs-w=1000_3500&rs-c=0_5000&rs-y=2010_2030&s=1&p=19-50
Ford Mustang Mach-E GT (MY23.75) Discontinued,https://ev-database.org/car/2038/Ford-Mustang-Mach-E-GT,425.0,433.0,214.0,91.0,115.0,3.7,750.0,619.0,2348.0,"Ford Mustang Mach-E GT (MY23.75) Discontinued (October 2023 - August 2024) D 5 5 V2 L H G Range* 425 km Efficiency* 214 Wh/km Weight 2,348 kg 0-100 3.7 sec 1-Stop Range 433 km Battery 91.0 kWh Fastcharge 115 kW Towing 750 kg Cargo Vol. 619 L Price/range* €187 /km €77,300 €75,200 £74,540",https://ev-database.org/#group=vehicle-group&rs-pr=10000_100000&rs-er=0_1000&rs-ld=0_1000&rs-ac=2_23&rs-dcfc=0_400&rs-ub=10_200&rs-tw=0_3000&rs-ef=100_350&rs-sa=-1_5&rs-w=1000_3500&rs-c=0_5000&rs-y=2010_2030&s=1&p=20-50
Porsche Taycan 4S Cross Turismo Available,https://ev-database.org/car/2111/Porsche-Taycan-4S-Cross-Turismo,510.0,655.0,190.0,97.0,267.0,3.8,0.0,530.0,2355.0,"Porsche Taycan 4S Cross Turismo Available to order since February 2024 F 5 V2 L H G Range* 510 km Efficiency* 190 Wh/km Weight 2,355 kg 0-100 3.8 sec 1-Stop Range 655 km Battery 97.0 kWh Fastcharge 267 kW Towing 0 kg Cargo Vol. 530 L Price/range* €244 /km €126,400 €132,600 £99,200",https://ev-database.org/#group=vehicle-group&rs-pr=10000_100000&rs-er=0_1000&rs-ld=0_1000&rs-ac=2_23&rs-dcfc=0_400&rs-ub=10_200&rs-tw=0_3000&rs-ef=100_350&rs-sa=-1_5&rs-w=1000_3500&rs-c=0_5000&rs-y=2010_2030&s=1&p=20-50
TOGG T10F Standard Range RWD Available,https://ev-database.org/car/3304/TOGG-T10F-Standard-Range-RWD,295.0,372.0,169.0,50.0,70.0,7.2,0.0,505.0,1998.0,"TOGG T10F Standard Range RWD Available to order since September 2025 D 5 5 V2 L H G Range* 295 km Efficiency* 169 Wh/km Weight 1,998 kg 0-100 7.2 sec 1-Stop Range 372 km Battery* 50.0 kWh Fastcharge 70 kW Towing 0 kg Cargo Vol. 505 L Price/range* €116 /km €34,295 N/A N/A",https://ev-database.org/#group=vehicle-group&rs-pr=10000_100000&rs-er=0_1000&rs-ld=0_1000&rs-ac=2_23&rs-dcfc=0_400&rs-ub=10_200&rs-tw=0_3000&rs-ef=100_350&rs-sa=-1_5&rs-w=1000_3500&rs-c=0_5000&rs-y=2010_2030&s=1&p=20-50
Jaguar I-Pace EV320 Discontinued (August 2020,https://ev-database.org/car/1307/Jaguar-I-Pace-EV320,380.0,354.0,223.0,84.7,83.0,6.4,750.0,505.0,2244.0,"Jaguar I-Pace EV320 Discontinued (August 2020 - July 2021) D 5 5 V2 L H G Range 380 km Efficiency 223 Wh/km Weight 2,244 kg 0-100 6.4 sec 1-Stop Range 354 km Battery 84.7 kWh Fastcharge 83 kW Towing 750 kg Cargo Vol. 505 L Price/range €186 /km €75,351 €66,060 N/A",https://ev-database.org/#group=vehicle-group&rs-pr=10000_100000&rs-er=0_1000&rs-ld=0_1000&rs-ac=2_23&rs-dcfc=0_400&rs-ub=10_200&rs-tw=0_3000&rs-ef=100_350&rs-sa=-1_5&rs-w=1000_3500&rs-c=0_5000&rs-y=2010_2030&s=1&p=20-50
Audi Q4 Sportback e-tron 55 quattro,https://ev-database.org/car/2018/Audi-Q4-Sportback-e-tron-55-quattro,415.0,457.0,186.0,77.0,120.0,5.4,1200.0,535.0,2235.0,"Audi Q4 Sportback e-tron 55 quattro (MY24) Available to order since September 2023 C 5 5 V2 L H G Range* 415 km Efficiency* 186 Wh/km Weight 2,235 kg 0-100 5.4 sec 1-Stop Range 457 km Battery 77.0 kWh Fastcharge 120 kW Towing 1,200 kg Cargo Vol. 535 L Price/range* €157 /km €61,000 €66,675 £59,240",https://ev-database.org/#group=vehicle-group&rs-pr=10000_100000&rs-er=0_1000&rs-ld=0_1000&rs-ac=2_23&rs-dcfc=0_400&rs-ub=10_200&rs-tw=0_3000&rs-ef=100_350&rs-sa=-1_5&rs-w=1000_3500&rs-c=0_5000&rs-y=2010_2030&s=1&p=20-50
Ford e-Tourneo Custom L1 160 kW,https://ev-database.org/car/3162/Ford-e-Tourneo-Custom-L1-160-kW,235.0,245.0,272.0,64.0,105.0,,2000.0,672.0,2557.0,"Ford e-Tourneo Custom L1 160 kW Discontinued (November 2023 - December 2025) N 8 5 V2 L H G Range* 235 km Efficiency* 272 Wh/km Weight 2,557 kg 0-100* 9.0 sec 1-Stop Range 245 km Battery 64.0 kWh Fastcharge 105 kW Towing 2,000 kg Cargo Vol. 672 L Price/range* €291 /km €66,819 N/A £60,886",https://ev-database.org/#group=vehicle-group&rs-pr=10000_100000&rs-er=0_1000&rs-ld=0_1000&rs-ac=2_23&rs-dcfc=0_400&rs-ub=10_200&rs-tw=0_3000&rs-ef=100_350&rs-sa=-1_5&rs-w=1000_3500&rs-c=0_5000&rs-y=2010_2030&s=1&p=20-50
Volkswagen ID.4 Pro 4MOTION (MY26) Discontinued,https://ev-database.org/car/3251/Volkswagen-ID4-Pro-4MOTION,435.0,477.0,177.0,77.0,120.0,6.6,1200.0,543.0,2231.0,"Volkswagen ID.4 Pro 4MOTION (MY26) Discontinued (July 2025 - April 2026) C 5 5 V2 L H G Range* 435 km Efficiency* 177 Wh/km Weight 2,231 kg 0-100 6.6 sec 1-Stop Range 477 km Battery 77.0 kWh Fastcharge 120 kW Towing 1,200 kg Cargo Vol. 543 L Price/range* €117 /km €49,020 €49,990 £46,120",https://ev-database.org/#group=vehicle-group&rs-pr=10000_100000&rs-er=0_1000&rs-ld=0_1000&rs-ac=2_23&rs-dcfc=0_400&rs-ub=10_200&rs-tw=0_3000&rs-ef=100_350&rs-sa=-1_5&rs-w=1000_3500&rs-c=0_5000&rs-y=2010_2030&s=1&p=20-50
Porsche Macan Turbo Electric (MY26) Available,https://ev-database.org/car/3382/Porsche-Macan-Turbo-Electric,465.0,550.0,204.0,94.9,186.0,3.3,2500.0,564.0,2480.0,"Porsche Macan Turbo Electric (MY26) Available to order since October 2025 D 5 5 V2 L H G Range* 465 km Efficiency* 204 Wh/km Weight 2,480 kg 0-100 3.3 sec 1-Stop Range 550 km Battery 94.9 kWh Fastcharge 186 kW Towing 2,500 kg Cargo Vol. 564 L Price/range* €250 /km €115,500 €121,700 £97,500",https://ev-database.org/#group=vehicle-group&rs-pr=10000_100000&rs-er=0_1000&rs-ld=0_1000&rs-ac=2_23&rs-dcfc=0_400&rs-ub=10_200&rs-tw=0_3000&rs-ef=100_350&rs-sa=-1_5&rs-w=1000_3500&rs-c=0_5000&rs-y=2010_2030&s=1&p=20-50
Audi e-tron Sportback 55 quattro Discontinued,https://ev-database.org/car/1107/Audi-e-tron-Sportback-55-quattro,380.0,399.0,228.0,86.5,147.0,5.7,1800.0,677.0,2555.0,"Audi e-tron Sportback 55 quattro Discontinued (April 2020 - March 2021) E 5 5 V2 L H G Range 380 km Efficiency 228 Wh/km Weight 2,555 kg 0-100 5.7 sec 1-Stop Range 399 km Battery 86.5 kWh Fastcharge 147 kW Towing 1,800 kg Cargo Vol. 677 L Price/range €217 /km €81,639 €73,900 £79,900",https://ev-database.org/#group=vehicle-group&rs-pr=10000_100000&rs-er=0_1000&rs-ld=0_1000&rs-ac=2_23&rs-dcfc=0_400&rs-ub=10_200&rs-tw=0_3000&rs-ef=100_350&rs-sa=-1_5&rs-w=1000_3500&rs-c=0_5000&rs-y=2010_2030&s=1&p=20-50
Škoda Enyaq Coupe iV RS (MY22-23),https://ev-database.org/car/1631/Skoda-Enyaq-Coupe-iV-RS,430.0,462.0,179.0,77.0,103.0,6.5,1200.0,575.0,2253.0,"Škoda Enyaq Coupe iV RS (MY22-23) Discontinued (March 2022 - October 2023) C 5 5 V2 L H G Range 430 km Efficiency 179 Wh/km Weight 2,253 kg 0-100 6.5 sec 1-Stop Range 462 km Battery 77.0 kWh Fastcharge 103 kW Towing 1,200 kg Cargo Vol. 575 L Price/range €146 /km €63,300 €61,990 £54,370",https://ev-database.org/#group=vehicle-group&rs-pr=10000_100000&rs-er=0_1000&rs-ld=0_1000&rs-ac=2_23&rs-dcfc=0_400&rs-ub=10_200&rs-tw=0_3000&rs-ef=100_350&rs-sa=-1_5&rs-w=1000_3500&rs-c=0_5000&rs-y=2010_2030&s=1&p=20-50
Citroën ë-C4 54 kWh Discontinued (June,https://ev-database.org/car/1938/Citroen-e-C4-54-kWh,330.0,359.0,154.0,50.8,79.0,9.2,0.0,380.0,1636.0,"Citroën ë-C4 54 kWh Discontinued (June 2023 - December 2024) C 5 4 V2 L H G Range* 330 km Efficiency* 154 Wh/km Weight 1,636 kg 0-100 9.2 sec 1-Stop Range 359 km Battery 50.8 kWh Fastcharge 79 kW Towing 0 kg Cargo Vol. 380 L Price/range* €118 /km €35,925 €39,455 £35,800",https://ev-database.org/#group=vehicle-group&rs-pr=10000_100000&rs-er=0_1000&rs-ld=0_1000&rs-ac=2_23&rs-dcfc=0_400&rs-ub=10_200&rs-tw=0_3000&rs-ef=100_350&rs-sa=-1_5&rs-w=1000_3500&rs-c=0_5000&rs-y=2010_2030&s=1&p=20-50
Porsche Taycan Sport Turismo Available to,https://ev-database.org/car/2104/Porsche-Taycan-Sport-Turismo,460.0,568.0,179.0,82.3,195.0,4.8,0.0,530.0,2190.0,"Porsche Taycan Sport Turismo Available to order since February 2024 F 5 V2 L H G Range* 460 km Efficiency* 179 Wh/km Weight 2,190 kg 0-100 4.8 sec 1-Stop Range 568 km Battery 82.3 kWh Fastcharge 195 kW Towing 0 kg Cargo Vol. 530 L Price/range* €225 /km €102,400 €108,100 £87,300",https://ev-database.org/#group=vehicle-group&rs-pr=10000_100000&rs-er=0_1000&rs-ld=0_1000&rs-ac=2_23&rs-dcfc=0_400&rs-ub=10_200&rs-tw=0_3000&rs-ef=100_350&rs-sa=-1_5&rs-w=1000_3500&rs-c=0_5000&rs-y=2010_2030&s=1&p=20-50
Polestar 3 Performance (MY26) Available to,https://ev-database.org/car/3328/Polestar-3-Performance,460.0,539.0,222.0,102.0,200.0,3.9,2200.0,508.0,2600.0,"Polestar 3 Performance (MY26) Available to order since October 2025 E 5 V2 L H G Range* 460 km Efficiency* 222 Wh/km Weight 2,600 kg 0-100 3.9 sec 1-Stop Range 539 km Battery 102.0 kWh Fastcharge 200 kW Towing 2,200 kg Cargo Vol. 508 L Price/range* €230 /km N/A N/A £91,990",https://ev-database.org/#group=vehicle-group&rs-pr=10000_100000&rs-er=0_1000&rs-ld=0_1000&rs-ac=2_23&rs-dcfc=0_400&rs-ub=10_200&rs-tw=0_3000&rs-ef=100_350&rs-sa=-1_5&rs-w=1000_3500&rs-c=0_5000&rs-y=2010_2030&s=1&p=20-50
Renault Zoe Q90 Discontinued (March 2018,https://ev-database.org/car/1131/Renault-Zoe-Q90,245.0,224.0,167.0,41.0,33.0,13.5,0.0,338.0,1548.0,"Renault Zoe Q90 Discontinued (March 2018 - February 2019) B 5 5 V2 L H G Range 245 km Efficiency 167 Wh/km Weight 1,548 kg 0-100 13.5 sec 1-Stop Range 224 km Battery 41.0 kWh Fastcharge 33 kW Towing 0 kg Cargo Vol. 338 L Price/range €121 /km N/A N/A £25,770",https://ev-database.org/#group=vehicle-group&rs-pr=10000_100000&rs-er=0_1000&rs-ld=0_1000&rs-ac=2_23&rs-dcfc=0_400&rs-ub=10_200&rs-tw=0_3000&rs-ef=100_350&rs-sa=-1_5&rs-w=1000_3500&rs-c=0_5000&rs-y=2010_2030&s=1&p=20-50
Peugeot e-Expert Combi Standard 75 kWh,https://ev-database.org/car/1607/Peugeot-e-Expert-Combi-Standard-75-kWh,265.0,252.0,260.0,69.0,77.0,14.3,1000.0,603.0,2131.0,"Peugeot e-Expert Combi Standard 75 kWh Discontinued (February 2021 - January 2024) N 9 V2 L H G Range* 265 km Efficiency* 260 Wh/km Weight 2,131 kg 0-100 14.3 sec 1-Stop Range 252 km Battery 69.0 kWh Fastcharge 77 kW Towing 1,000 kg Cargo Vol. 603 L Price/range* €218 /km €57,940 €57,367 N/A",https://ev-database.org/#group=vehicle-group&rs-pr=10000_100000&rs-er=0_1000&rs-ld=0_1000&rs-ac=2_23&rs-dcfc=0_400&rs-ub=10_200&rs-tw=0_3000&rs-ef=100_350&rs-sa=-1_5&rs-w=1000_3500&rs-c=0_5000&rs-y=2010_2030&s=1&p=20-50
Mercedes-Benz EQE 300 (MY24) Discontinued (April,https://ev-database.org/car/2204/Mercedes-Benz-EQE-300,525.0,566.0,170.0,89.0,120.0,7.3,750.0,430.0,2405.0,"Mercedes-Benz EQE 300 (MY24) Discontinued (April 2024 - April 2025) E 5 5 V2 L H G Range* 525 km Efficiency* 170 Wh/km Weight 2,405 kg 0-100 7.3 sec 1-Stop Range 566 km Battery 89.0 kWh Fastcharge 120 kW Towing 750 kg Cargo Vol. 430 L Price/range* €131 /km €67,187 €69,928 N/A",https://ev-database.org/#group=vehicle-group&rs-pr=10000_100000&rs-er=0_1000&rs-ld=0_1000&rs-ac=2_23&rs-dcfc=0_400&rs-ub=10_200&rs-tw=0_3000&rs-ef=100_350&rs-sa=-1_5&rs-w=1000_3500&rs-c=0_5000&rs-y=2010_2030&s=1&p=20-50
Tesla Model S P90D Discontinued (April,https://ev-database.org/car/1064/Tesla-Model-S-P90D,405.0,401.0,211.0,85.5,90.0,3.3,,895.0,2271.0,"Tesla Model S P90D Discontinued (April 2016 - November 2016) F 5 V2 L H G Range* 405 km Efficiency* 211 Wh/km Weight 2,271 kg 0-100 3.3 sec 1-Stop Range 401 km Battery* 85.5 kWh Fastcharge 90 kW Towing unknown Cargo Vol. 895 L Price/range* €316 /km €124,200 €132,000 N/A",https://ev-database.org/#group=vehicle-group&rs-pr=10000_100000&rs-er=0_1000&rs-ld=0_1000&rs-ac=2_23&rs-dcfc=0_400&rs-ub=10_200&rs-tw=0_3000&rs-ef=100_350&rs-sa=-1_5&rs-w=1000_3500&rs-c=0_5000&rs-y=2010_2030&s=1&p=20-50
Mercedes-Benz EQA 250+ Discontinued (March 2022,https://ev-database.org/car/1665/Mercedes-Benz-EQA-250plus,420.0,414.0,168.0,70.5,90.0,9.1,0.0,340.0,2055.0,"Mercedes-Benz EQA 250+ Discontinued (March 2022 - June 2022) C 5 5 V2 L H G Range 420 km Efficiency 168 Wh/km Weight 2,055 kg 0-100 9.1 sec 1-Stop Range 414 km Battery 70.5 kWh Fastcharge 90 kW Towing 0 kg Cargo Vol. 340 L Price/range €136 /km €55,960 €58,080 N/A",https://ev-database.org/#group=vehicle-group&rs-pr=10000_100000&rs-er=0_1000&rs-ld=0_1000&rs-ac=2_23&rs-dcfc=0_400&rs-ub=10_200&rs-tw=0_3000&rs-ef=100_350&rs-sa=-1_5&rs-w=1000_3500&rs-c=0_5000&rs-y=2010_2030&s=1&p=20-50
Ford Mustang Mach-E ER RWD (MY23),https://ev-database.org/car/1754/Ford-Mustang-Mach-E-ER-RWD,480.0,448.0,190.0,91.0,84.0,7.0,1500.0,619.0,2160.0,"Ford Mustang Mach-E ER RWD (MY23) Discontinued (November 2022 - November 2023) D 5 5 V2 L H G Range 480 km Efficiency 190 Wh/km Weight 2,160 kg 0-100 7.0 sec 1-Stop Range 448 km Battery 91.0 kWh Fastcharge 84 kW Towing 1,500 kg Cargo Vol. 619 L Price/range €138 /km €71,200 €59,400 £59,380",https://ev-database.org/#group=vehicle-group&rs-pr=10000_100000&rs-er=0_1000&rs-ld=0_1000&rs-ac=2_23&rs-dcfc=0_400&rs-ub=10_200&rs-tw=0_3000&rs-ef=100_350&rs-sa=-1_5&rs-w=1000_3500&rs-c=0_5000&rs-y=2010_2030&s=1&p=20-50
VinFast VF 8 Plus Extended Range,https://ev-database.org/car/1809/VinFast-VF-8-Plus-Extended-Range,400.0,411.0,219.0,87.7,105.0,5.5,1800.0,376.0,2595.0,"VinFast VF 8 Plus Extended Range Available to order since November 2023 D 5 5 V2 L H G Range* 400 km Efficiency* 219 Wh/km Weight 2,595 kg 0-100 5.5 sec 1-Stop Range 411 km Battery 87.7 kWh Fastcharge 105 kW Towing 1,800 kg Cargo Vol. 376 L Price/range* €144 /km €58,890 €56,690 N/A",https://ev-database.org/#group=vehicle-group&rs-pr=10000_100000&rs-er=0_1000&rs-ld=0_1000&rs-ac=2_23&rs-dcfc=0_400&rs-ub=10_200&rs-tw=0_3000&rs-ef=100_350&rs-sa=-1_5&rs-w=1000_3500&rs-c=0_5000&rs-y=2010_2030&s=1&p=20-50
Ford Mustang Mach-E SR RWD (MY24),https://ev-database.org/car/2277/Ford-Mustang-Mach-E-SR-RWD,385.0,408.0,189.0,72.6,100.0,6.2,750.0,619.0,2166.0,"Ford Mustang Mach-E SR RWD (MY24) Discontinued (July 2024 - June 2025) D 5 5 V2 L H G Range* 385 km Efficiency* 189 Wh/km Weight 2,166 kg 0-100 6.2 sec 1-Stop Range 408 km Battery 72.6 kWh Fastcharge 100 kW Towing 750 kg Cargo Vol. 619 L Price/range* €132 /km €55,800 €46,300 £43,840",https://ev-database.org/#group=vehicle-group&rs-pr=10000_100000&rs-er=0_1000&rs-ld=0_1000&rs-ac=2_23&rs-dcfc=0_400&rs-ub=10_200&rs-tw=0_3000&rs-ef=100_350&rs-sa=-1_5&rs-w=1000_3500&rs-c=0_5000&rs-y=2010_2030&s=1&p=20-50
Volkswagen ID.5 GTX (MY27) Available to,https://ev-database.org/car/3502/Volkswagen-ID5-GTX,430.0,473.0,179.0,77.0,120.0,5.4,1800.0,539.0,2226.0,"Volkswagen ID.5 GTX (MY27) Available to order since March 2026 C 5 V2 L H G Range* 430 km Efficiency* 179 Wh/km Weight 2,226 kg 0-100 5.4 sec 1-Stop Range 473 km Battery 77.0 kWh Fastcharge 120 kW Towing 1,800 kg Cargo Vol. 539 L Price/range* €139 /km €57,020 N/A £54,400",https://ev-database.org/#group=vehicle-group&rs-pr=10000_100000&rs-er=0_1000&rs-ld=0_1000&rs-ac=2_23&rs-dcfc=0_400&rs-ub=10_200&rs-tw=0_3000&rs-ef=100_350&rs-sa=-1_5&rs-w=1000_3500&rs-c=0_5000&rs-y=2010_2030&s=1&p=20-50
Ford Mustang Mach-E SR AWD (MY21),https://ev-database.org/car/1244/Ford-Mustang-Mach-E-SR-AWD,335.0,336.0,203.0,68.0,76.0,6.3,750.0,619.0,2138.0,"Ford Mustang Mach-E SR AWD (MY21) Discontinued (April 2021 - April 2022) D 5 5 V2 L H G Range* 335 km Efficiency* 203 Wh/km Weight 2,138 kg 0-100 6.3 sec 1-Stop Range 336 km Battery 68.0 kWh Fastcharge 76 kW Towing 750 kg Cargo Vol. 619 L Price/range* €171 /km €54,750 €58,165 £50,850",https://ev-database.org/#group=vehicle-group&rs-pr=10000_100000&rs-er=0_1000&rs-ld=0_1000&rs-ac=2_23&rs-dcfc=0_400&rs-ub=10_200&rs-tw=0_3000&rs-ef=100_350&rs-sa=-1_5&rs-w=1000_3500&rs-c=0_5000&rs-y=2010_2030&s=1&p=20-50
Mini Cooper SE Convertible Discontinued (February,https://ev-database.org/car/1827/Mini-Cooper-SE-Convertible,165.0,167.0,175.0,28.9,44.0,8.2,0.0,160.0,1540.0,"Mini Cooper SE Convertible Discontinued (February 2023 - February 2024) B 4 V2 L H G Range* 165 km Efficiency* 175 Wh/km Weight 1,540 kg 0-100 8.2 sec 1-Stop Range 167 km Battery 28.9 kWh Fastcharge 44 kW Towing 0 kg Cargo Vol. 160 L Price/range* €370 /km €60,000 €62,990 £52,500",https://ev-database.org/#group=vehicle-group&rs-pr=10000_100000&rs-er=0_1000&rs-ld=0_1000&rs-ac=2_23&rs-dcfc=0_400&rs-ub=10_200&rs-tw=0_3000&rs-ef=100_350&rs-sa=-1_5&rs-w=1000_3500&rs-c=0_5000&rs-y=2010_2030&s=1&p=20-50
BMW i5 M60 xDrive Touring (MY25),https://ev-database.org/car/3117/BMW-i5-M60-xDrive-Touring,425.0,475.0,191.0,81.2,123.0,3.9,2000.0,570.0,2425.0,"BMW i5 M60 xDrive Touring (MY25) Available to order since February 2025 E 5 5 V2 L H G Range* 425 km Efficiency* 191 Wh/km Weight 2,425 kg 0-100 3.9 sec 1-Stop Range 475 km Battery 81.2 kWh Fastcharge 123 kW Towing 2,000 kg Cargo Vol. 570 L Price/range* €257 /km €101,500 €111,520 £100,005",https://ev-database.org/#group=vehicle-group&rs-pr=10000_100000&rs-er=0_1000&rs-ld=0_1000&rs-ac=2_23&rs-dcfc=0_400&rs-ub=10_200&rs-tw=0_3000&rs-ef=100_350&rs-sa=-1_5&rs-w=1000_3500&rs-c=0_5000&rs-y=2010_2030&s=1&p=20-50
JAC iEV7s Discontinued (February 2021 -,https://ev-database.org/car/1410/JAC-iEV7s,225.0,200.0,173.0,39.0,29.0,12.0,,250.0,1535.0,"JAC iEV7s Discontinued (February 2021 - April 2023) B 5 V2 L H G Range* 225 km Efficiency* 173 Wh/km Weight 1,535 kg 0-100 12.0 sec 1-Stop Range 200 km Battery 39.0 kWh Fastcharge 29 kW Towing unknown Cargo Vol. 250 L Price/range* €133 /km N/A €29,900 N/A",https://ev-database.org/#group=vehicle-group&rs-pr=10000_100000&rs-er=0_1000&rs-ld=0_1000&rs-ac=2_23&rs-dcfc=0_400&rs-ub=10_200&rs-tw=0_3000&rs-ef=100_350&rs-sa=-1_5&rs-w=1000_3500&rs-c=0_5000&rs-y=2010_2030&s=1&p=20-50
Mercedes-Benz EQE SUV AMG 53 4MATIC+,https://ev-database.org/car/1764/Mercedes-Benz-EQE-SUV-AMG-53-4MATICplus,420.0,453.0,216.0,90.6,141.0,3.5,1800.0,520.0,2690.0,"Mercedes-Benz EQE SUV AMG 53 4MATIC+ (MY23-24) Discontinued (May 2023 - April 2025) E 5 V2 L H G Range 420 km Efficiency 216 Wh/km Weight 2,690 kg 0-100 3.5 sec 1-Stop Range 453 km Battery 90.6 kWh Fastcharge 141 kW Towing 1,800 kg Cargo Vol. 520 L Price/range €335 /km €139,438 €149,788 £114,995",https://ev-database.org/#group=vehicle-group&rs-pr=10000_100000&rs-er=0_1000&rs-ld=0_1000&rs-ac=2_23&rs-dcfc=0_400&rs-ub=10_200&rs-tw=0_3000&rs-ef=100_350&rs-sa=-1_5&rs-w=1000_3500&rs-c=0_5000&rs-y=2010_2030&s=1&p=20-50
Toyota Proace Verso M 75 kWh,https://ev-database.org/car/2266/Toyota-Proace-Verso-M-75-kWh,265.0,252.0,260.0,69.0,77.0,13.3,1000.0,603.0,2211.0,"Toyota Proace Verso M 75 kWh Available to order since May 2024 N 9 V2 L H G Range* 265 km Efficiency* 260 Wh/km Weight 2,211 kg 0-100 13.3 sec 1-Stop Range 252 km Battery 69.0 kWh Fastcharge 77 kW Towing 1,000 kg Cargo Vol. 603 L Price/range* €215 /km N/A €61,100 £45,895",https://ev-database.org/#group=vehicle-group&rs-pr=10000_100000&rs-er=0_1000&rs-ld=0_1000&rs-ac=2_23&rs-dcfc=0_400&rs-ub=10_200&rs-tw=0_3000&rs-ef=100_350&rs-sa=-1_5&rs-w=1000_3500&rs-c=0_5000&rs-y=2010_2030&s=1&p=20-50
BMW i5 xDrive40 Touring (MY25) Available,https://ev-database.org/car/3116/BMW-i5-xDrive40-Touring,450.0,502.0,180.0,81.2,123.0,5.5,2000.0,570.0,2395.0,"BMW i5 xDrive40 Touring (MY25) Available to order since February 2025 E 5 5 V2 L H G Range* 450 km Efficiency* 180 Wh/km Weight 2,395 kg 0-100 5.5 sec 1-Stop Range 502 km Battery 81.2 kWh Fastcharge 123 kW Towing 2,000 kg Cargo Vol. 570 L Price/range* €179 /km €77,600 €83,327 N/A",https://ev-database.org/#group=vehicle-group&rs-pr=10000_100000&rs-er=0_1000&rs-ld=0_1000&rs-ac=2_23&rs-dcfc=0_400&rs-ub=10_200&rs-tw=0_3000&rs-ef=100_350&rs-sa=-1_5&rs-w=1000_3500&rs-c=0_5000&rs-y=2010_2030&s=1&p=20-50
Ford Mustang Mach-E Rally (MY25) Available,https://ev-database.org/car/3191/Ford-Mustang-Mach-E-Rally,415.0,420.0,219.0,91.0,115.0,3.9,750.0,619.0,2354.0,"Ford Mustang Mach-E Rally (MY25) Available to order since April 2025 D 5 5 V2 L H G Range* 415 km Efficiency* 219 Wh/km Weight 2,354 kg 0-100 3.9 sec 1-Stop Range 420 km Battery 91.0 kWh Fastcharge 115 kW Towing 750 kg Cargo Vol. 619 L Price/range* €193 /km €81,000 €71,400 £76,800",https://ev-database.org/#group=vehicle-group&rs-pr=10000_100000&rs-er=0_1000&rs-ld=0_1000&rs-ac=2_23&rs-dcfc=0_400&rs-ub=10_200&rs-tw=0_3000&rs-ef=100_350&rs-sa=-1_5&rs-w=1000_3500&rs-c=0_5000&rs-y=2010_2030&s=1&p=20-50
Citroën ë-Berlingo Multispace Discontinued (July 2017,https://ev-database.org/car/1102/Citroen-e-Berlingo-Multispace,100.0,105.0,205.0,20.5,30.0,19.5,,1350.0,1679.0,"Citroën ë-Berlingo Multispace Discontinued (July 2017 - January 2020) N 5 V2 L H G Range 100 km Efficiency 205 Wh/km Weight 1,679 kg 0-100 19.5 sec 1-Stop Range 105 km Battery* 20.5 kWh Fastcharge 30 kW Towing unknown Cargo Vol. 1,350 L Price/range €317 /km N/A €31,670 N/A",https://ev-database.org/#group=vehicle-group&rs-pr=10000_100000&rs-er=0_1000&rs-ld=0_1000&rs-ac=2_23&rs-dcfc=0_400&rs-ub=10_200&rs-tw=0_3000&rs-ef=100_350&rs-sa=-1_5&rs-w=1000_3500&rs-c=0_5000&rs-y=2010_2030&s=1&p=20-50
Ford Mustang Mach-E GT (MY23) Discontinued,https://ev-database.org/car/1757/Ford-Mustang-Mach-E-GT,425.0,397.0,214.0,91.0,84.0,4.4,750.0,619.0,2348.0,"Ford Mustang Mach-E GT (MY23) Discontinued (November 2022 - November 2023) D 5 5 V2 L H G Range 425 km Efficiency 214 Wh/km Weight 2,348 kg 0-100 4.4 sec 1-Stop Range 397 km Battery 91.0 kWh Fastcharge 84 kW Towing 750 kg Cargo Vol. 619 L Price/range €197 /km €86,200 €79,200 £74,540",https://ev-database.org/#group=vehicle-group&rs-pr=10000_100000&rs-er=0_1000&rs-ld=0_1000&rs-ac=2_23&rs-dcfc=0_400&rs-ub=10_200&rs-tw=0_3000&rs-ef=100_350&rs-sa=-1_5&rs-w=1000_3500&rs-c=0_5000&rs-y=2010_2030&s=1&p=20-50
Mercedes-Benz EQS SUV 500 4MATIC Discontinued,https://ev-database.org/car/1795/Mercedes-Benz-EQS-SUV-500-4MATIC,490.0,521.0,221.0,108.4,169.0,5.2,1800.0,645.0,2805.0,"Mercedes-Benz EQS SUV 500 4MATIC Discontinued (December 2022 - October 2023) F 7 V2 L H G Range* 490 km Efficiency* 221 Wh/km Weight 2,805 kg 0-100 5.2 sec 1-Stop Range 521 km Battery 108.4 kWh Fastcharge 169 kW Towing 1,800 kg Cargo Vol. 645 L Price/range* €278 /km €124,545 €148,173 N/A",https://ev-database.org/#group=vehicle-group&rs-pr=10000_100000&rs-er=0_1000&rs-ld=0_1000&rs-ac=2_23&rs-dcfc=0_400&rs-ub=10_200&rs-tw=0_3000&rs-ef=100_350&rs-sa=-1_5&rs-w=1000_3500&rs-c=0_5000&rs-y=2010_2030&s=1&p=20-50
Mercedes-Benz EQE 500 4MATIC (MY23) Discontinued,https://ev-database.org/car/1900/Mercedes-Benz-EQE-500-4MATIC,505.0,554.0,179.0,90.6,136.0,4.7,750.0,430.0,2485.0,"Mercedes-Benz EQE 500 4MATIC (MY23) Discontinued (June 2023 - April 2024) E 5 5 V2 L H G Range* 505 km Efficiency* 179 Wh/km Weight 2,485 kg 0-100 4.7 sec 1-Stop Range 554 km Battery 90.6 kWh Fastcharge 136 kW Towing 750 kg Cargo Vol. 430 L Price/range* €200 /km €88,215 €113,488 N/A",https://ev-database.org/#group=vehicle-group&rs-pr=10000_100000&rs-er=0_1000&rs-ld=0_1000&rs-ac=2_23&rs-dcfc=0_400&rs-ub=10_200&rs-tw=0_3000&rs-ef=100_350&rs-sa=-1_5&rs-w=1000_3500&rs-c=0_5000&rs-y=2010_2030&s=1&p=20-50
Opel Grandland Electric 82 kWh Discontinued,https://ev-database.org/car/3038/Opel-Grandland-Electric-82-kWh,420.0,433.0,196.0,82.2,100.0,9.0,1200.0,550.0,2195.0,"Opel Grandland Electric 82 kWh Discontinued (October 2024 - September 2025) C 5 5 V2 L H G Range* 420 km Efficiency* 196 Wh/km Weight 2,195 kg 0-100 9.0 sec 1-Stop Range 433 km Battery 82.2 kWh Fastcharge 100 kW Towing 1,200 kg Cargo Vol. 550 L Price/range* €122 /km €51,950 €50,499 N/A",https://ev-database.org/#group=vehicle-group&rs-pr=10000_100000&rs-er=0_1000&rs-ld=0_1000&rs-ac=2_23&rs-dcfc=0_400&rs-ub=10_200&rs-tw=0_3000&rs-ef=100_350&rs-sa=-1_5&rs-w=1000_3500&rs-c=0_5000&rs-y=2010_2030&s=1&p=20-50
Volkswagen ID.4 GTX Discontinued (June 2021,https://ev-database.org/car/1494/Volkswagen-ID4-GTX,400.0,425.0,193.0,77.0,103.0,6.2,1200.0,543.0,2224.0,"Volkswagen ID.4 GTX Discontinued (June 2021 - June 2022) C 5 5 V2 L H G Range 400 km Efficiency 193 Wh/km Weight 2,224 kg 0-100 6.2 sec 1-Stop Range 425 km Battery 77.0 kWh Fastcharge 103 kW Towing 1,200 kg Cargo Vol. 543 L Price/range €135 /km €50,415 €54,990 £49,025",https://ev-database.org/#group=vehicle-group&rs-pr=10000_100000&rs-er=0_1000&rs-ld=0_1000&rs-ac=2_23&rs-dcfc=0_400&rs-ub=10_200&rs-tw=0_3000&rs-ef=100_350&rs-sa=-1_5&rs-w=1000_3500&rs-c=0_5000&rs-y=2010_2030&s=1&p=20-50
Audi Q4 e-tron 45 quattro (MY21-23),https://ev-database.org/car/1527/Audi-Q4-e-tron-45-quattro,385.0,409.0,199.0,76.6,103.0,6.9,1200.0,520.0,2210.0,"Audi Q4 e-tron 45 quattro (MY21-23) Discontinued (August 2021 - September 2023) C 5 5 V2 L H G Range* 385 km Efficiency* 199 Wh/km Weight 2,210 kg 0-100 6.9 sec 1-Stop Range 409 km Battery 76.6 kWh Fastcharge 103 kW Towing 1,200 kg Cargo Vol. 520 L Price/range* €150 /km €53,990 €61,415 N/A",https://ev-database.org/#group=vehicle-group&rs-pr=10000_100000&rs-er=0_1000&rs-ld=0_1000&rs-ac=2_23&rs-dcfc=0_400&rs-ub=10_200&rs-tw=0_3000&rs-ef=100_350&rs-sa=-1_5&rs-w=1000_3500&rs-c=0_5000&rs-y=2010_2030&s=1&p=20-50
DS Automobiles DS 3 Crossback E-Tense,https://ev-database.org/car/1582/DS-Automobiles-DS-3-Crossback-E-Tense,265.0,285.0,175.0,46.3,74.0,8.7,0.0,350.0,1598.0,"DS Automobiles DS 3 Crossback E-Tense Discontinued (November 2021 - December 2022) B 5 V2 L H G Range* 265 km Efficiency* 175 Wh/km Weight 1,598 kg 0-100 8.7 sec 1-Stop Range 285 km Battery 46.3 kWh Fastcharge 74 kW Towing 0 kg Cargo Vol. 350 L Price/range* €149 /km €39,440 €38,990 £34,770",https://ev-database.org/#group=vehicle-group&rs-pr=10000_100000&rs-er=0_1000&rs-ld=0_1000&rs-ac=2_23&rs-dcfc=0_400&rs-ub=10_200&rs-tw=0_3000&rs-ef=100_350&rs-sa=-1_5&rs-w=1000_3500&rs-c=0_5000&rs-y=2010_2030&s=1&p=20-50
Citroën ë-Jumpy Combi M 75 kWh,https://ev-database.org/car/1597/Citroen-e-Jumpy-Combi-M-75-kWh,265.0,252.0,260.0,69.0,77.0,13.3,1000.0,507.0,2131.0,"Citroën ë-Jumpy Combi M 75 kWh Discontinued (November 2020 - January 2024) N 9 V2 L H G Range* 265 km Efficiency* 260 Wh/km Weight 2,131 kg 0-100 13.3 sec 1-Stop Range 252 km Battery 69.0 kWh Fastcharge 77 kW Towing 1,000 kg Cargo Vol. 507 L Price/range* €217 /km €57,940 €57,022 N/A",https://ev-database.org/#group=vehicle-group&rs-pr=10000_100000&rs-er=0_1000&rs-ld=0_1000&rs-ac=2_23&rs-dcfc=0_400&rs-ub=10_200&rs-tw=0_3000&rs-ef=100_350&rs-sa=-1_5&rs-w=1000_3500&rs-c=0_5000&rs-y=2010_2030&s=1&p=20-50
Mercedes-Benz eVito Tourer Long 60 kWh,https://ev-database.org/car/1617/Mercedes-Benz-eVito-Tourer-Long-60-kWh,210.0,211.0,286.0,60.0,96.0,,0.0,990.0,2380.0,"Mercedes-Benz eVito Tourer Long 60 kWh Discontinued (January 2022 - December 2023) N 9 V2 L H G Range* 210 km Efficiency* 286 Wh/km Weight 2,380 kg 0-100* 12.0 sec 1-Stop Range 211 km Battery 60.0 kWh Fastcharge 96 kW Towing 0 kg Cargo Vol. 990 L Price/range* €333 /km €60,678 €79,061 N/A",https://ev-database.org/#group=vehicle-group&rs-pr=10000_100000&rs-er=0_1000&rs-ld=0_1000&rs-ac=2_23&rs-dcfc=0_400&rs-ub=10_200&rs-tw=0_3000&rs-ef=100_350&rs-sa=-1_5&rs-w=1000_3500&rs-c=0_5000&rs-y=2010_2030&s=1&p=20-50
Ford Mustang Mach-E ER RWD (MY22),https://ev-database.org/car/1669/Ford-Mustang-Mach-E-ER-RWD,480.0,448.0,190.0,91.0,84.0,7.0,1000.0,619.0,2160.0,"Ford Mustang Mach-E ER RWD (MY22) Discontinued (April 2022 - November 2022) D 5 5 V2 L H G Range* 480 km Efficiency* 190 Wh/km Weight 2,160 kg 0-100 7.0 sec 1-Stop Range 448 km Battery 91.0 kWh Fastcharge 84 kW Towing 1,000 kg Cargo Vol. 619 L Price/range* €135 /km €62,950 €67,360 £56,080",https://ev-database.org/#group=vehicle-group&rs-pr=10000_100000&rs-er=0_1000&rs-ld=0_1000&rs-ac=2_23&rs-dcfc=0_400&rs-ub=10_200&rs-tw=0_3000&rs-ef=100_350&rs-sa=-1_5&rs-w=1000_3500&rs-c=0_5000&rs-y=2010_2030&s=1&p=20-50
Mercedes-Benz EQS SUV 450 4MATIC Discontinued,https://ev-database.org/car/1674/Mercedes-Benz-EQS-SUV-450-4MATIC,490.0,521.0,221.0,108.4,169.0,6.0,1800.0,645.0,2805.0,"Mercedes-Benz EQS SUV 450 4MATIC Discontinued (December 2022 - December 2023) F 7 V2 L H G Range* 490 km Efficiency* 221 Wh/km Weight 2,805 kg 0-100 6.0 sec 1-Stop Range 521 km Battery 108.4 kWh Fastcharge 169 kW Towing 1,800 kg Cargo Vol. 645 L Price/range* €267 /km €114,609 €129,660 £129,470",https://ev-database.org/#group=vehicle-group&rs-pr=10000_100000&rs-er=0_1000&rs-ld=0_1000&rs-ac=2_23&rs-dcfc=0_400&rs-ub=10_200&rs-tw=0_3000&rs-ef=100_350&rs-sa=-1_5&rs-w=1000_3500&rs-c=0_5000&rs-y=2010_2030&s=1&p=20-50
Zeekr X Privilege AWD (MY24) Discontinued,https://ev-database.org/car/1937/Zeekr-X-Privilege-AWD,350.0,386.0,186.0,65.0,101.0,3.8,1600.0,383.0,2035.0,"Zeekr X Privilege AWD (MY24) Discontinued (October 2023 - May 2025) B 5 5 V2 L H G Range 350 km Efficiency 186 Wh/km Weight 2,035 kg 0-100 3.8 sec 1-Stop Range 386 km Battery 65.0 kWh Fastcharge 101 kW Towing 1,600 kg Cargo Vol. 383 L Price/range €139 /km N/A €48,490 N/A",https://ev-database.org/#group=vehicle-group&rs-pr=10000_100000&rs-er=0_1000&rs-ld=0_1000&rs-ac=2_23&rs-dcfc=0_400&rs-ub=10_200&rs-tw=0_3000&rs-ef=100_350&rs-sa=-1_5&rs-w=1000_3500&rs-c=0_5000&rs-y=2010_2030&s=1&p=20-50
Volvo EX40 Twin Motor Performance (MY25),https://ev-database.org/car/2122/Volvo-EX40-Twin-Motor-Performance,385.0,414.0,205.0,79.0,110.0,4.6,1800.0,441.0,2170.0,"Volvo EX40 Twin Motor Performance (MY25) Discontinued (February 2024 - April 2025) C 5 V2 L H G Range* 385 km Efficiency* 205 Wh/km Weight 2,170 kg 0-100 4.6 sec 1-Stop Range 414 km Battery 79.0 kWh Fastcharge 110 kW Towing 1,800 kg Cargo Vol. 441 L Price/range* €165 /km €62,890 €59,495 £59,555",https://ev-database.org/#group=vehicle-group&rs-pr=10000_100000&rs-er=0_1000&rs-ld=0_1000&rs-ac=2_23&rs-dcfc=0_400&rs-ub=10_200&rs-tw=0_3000&rs-ef=100_350&rs-sa=-1_5&rs-w=1000_3500&rs-c=0_5000&rs-y=2010_2030&s=1&p=20-50
Citroën ë-SpaceTourer M 75 kWh Available,https://ev-database.org/car/2254/Citroen-e-SpaceTourer-M-75-kWh,265.0,252.0,260.0,69.0,77.0,14.2,1000.0,603.0,2211.0,"Citroën ë-SpaceTourer M 75 kWh Available to order since April 2024 N 9 V2 L H G Range* 265 km Efficiency* 260 Wh/km Weight 2,211 kg 0-100 14.2 sec 1-Stop Range 252 km Battery 69.0 kWh Fastcharge 77 kW Towing 1,000 kg Cargo Vol. 603 L Price/range* €213 /km €52,230 €68,571 £42,035",https://ev-database.org/#group=vehicle-group&rs-pr=10000_100000&rs-er=0_1000&rs-ld=0_1000&rs-ac=2_23&rs-dcfc=0_400&rs-ub=10_200&rs-tw=0_3000&rs-ef=100_350&rs-sa=-1_5&rs-w=1000_3500&rs-c=0_5000&rs-y=2010_2030&s=1&p=20-50
Skywell BE11 Long Range Available to,https://ev-database.org/car/3065/Skywell-BE11-Long-Range,385.0,336.0,210.0,81.0,50.0,9.6,,467.0,2005.0,"Skywell BE11 Long Range Available to order since July 2024 D 5 V2 L H G Range* 385 km Efficiency* 210 Wh/km Weight 2,005 kg 0-100 9.6 sec 1-Stop Range 336 km Battery* 81.0 kWh Fastcharge 50 kW Towing unknown Cargo Vol. 467 L Price/range* €119 /km N/A N/A £39,995",https://ev-database.org/#group=vehicle-group&rs-pr=10000_100000&rs-er=0_1000&rs-ld=0_1000&rs-ac=2_23&rs-dcfc=0_400&rs-ub=10_200&rs-tw=0_3000&rs-ef=100_350&rs-sa=-1_5&rs-w=1000_3500&rs-c=0_5000&rs-y=2010_2030&s=1&p=20-50
Kia e-Niro 39 kWh Discontinued (December,https://ev-database.org/car/1339/Kia-e-Niro-39-kWh,235.0,215.0,167.0,39.2,37.0,9.8,0.0,451.0,1667.0,"Kia e-Niro 39 kWh Discontinued (December 2020 - April 2022) C 5 4 V2 L H G Range 235 km Efficiency 167 Wh/km Weight 1,667 kg 0-100 9.8 sec 1-Stop Range 215 km Battery 39.2 kWh Fastcharge 37 kW Towing 0 kg Cargo Vol. 451 L Price/range €159 /km €38,290 €35,995 £32,895",https://ev-database.org/#group=vehicle-group&rs-pr=10000_100000&rs-er=0_1000&rs-ld=0_1000&rs-ac=2_23&rs-dcfc=0_400&rs-ub=10_200&rs-tw=0_3000&rs-ef=100_350&rs-sa=-1_5&rs-w=1000_3500&rs-c=0_5000&rs-y=2010_2030&s=1&p=20-50
Audi SQ8 SUV e-tron Discontinued (May,https://ev-database.org/car/1773/Audi-SQ8-SUV-e-tron,455.0,463.0,233.0,106.0,145.0,4.5,1800.0,631.0,2725.0,"Audi SQ8 SUV e-tron Discontinued (May 2023 - November 2024) E 5 5 V2 L H G Range* 455 km Efficiency* 233 Wh/km Weight 2,725 kg 0-100 4.5 sec 1-Stop Range 463 km Battery 106.0 kWh Fastcharge 145 kW Towing 1,800 kg Cargo Vol. 631 L Price/range* €228 /km €98,100 €99,990 £98,815",https://ev-database.org/#group=vehicle-group&rs-pr=10000_100000&rs-er=0_1000&rs-ld=0_1000&rs-ac=2_23&rs-dcfc=0_400&rs-ub=10_200&rs-tw=0_3000&rs-ef=100_350&rs-sa=-1_5&rs-w=1000_3500&rs-c=0_5000&rs-y=2010_2030&s=1&p=20-50
Porsche Taycan 4S Cross Turismo Discontinued,https://ev-database.org/car/1930/Porsche-Taycan-4S-Cross-Turismo,440.0,545.0,190.0,83.7,200.0,4.1,0.0,530.0,2320.0,"Porsche Taycan 4S Cross Turismo Discontinued (January 2023 - February 2024) F 5 V2 L H G Range* 440 km Efficiency* 190 Wh/km Weight 2,320 kg 0-100 4.1 sec 1-Stop Range 545 km Battery 83.7 kWh Fastcharge 200 kW Towing 0 kg Cargo Vol. 530 L Price/range* €269 /km €119,914 €126,064 £95,200",https://ev-database.org/#group=vehicle-group&rs-pr=10000_100000&rs-er=0_1000&rs-ld=0_1000&rs-ac=2_23&rs-dcfc=0_400&rs-ub=10_200&rs-tw=0_3000&rs-ef=100_350&rs-sa=-1_5&rs-w=1000_3500&rs-c=0_5000&rs-y=2010_2030&s=1&p=20-50
Tesla Model S 60D Discontinued (June,https://ev-database.org/car/1073/Tesla-Model-S-60D,345.0,376.0,180.0,62.0,95.0,5.4,,895.0,2183.0,"Tesla Model S 60D Discontinued (June 2016 - April 2017) F 5 V2 L H G Range* 345 km Efficiency* 180 Wh/km Weight 2,183 kg 0-100 5.4 sec 1-Stop Range 376 km Battery* 62.0 kWh Fastcharge 95 kW Towing unknown Cargo Vol. 895 L Price/range* €238 /km €74,719 €89,385 N/A",https://ev-database.org/#group=vehicle-group&rs-pr=10000_100000&rs-er=0_1000&rs-ld=0_1000&rs-ac=2_23&rs-dcfc=0_400&rs-ub=10_200&rs-tw=0_3000&rs-ef=100_350&rs-sa=-1_5&rs-w=1000_3500&rs-c=0_5000&rs-y=2010_2030&s=1&p=20-50
Citroën ë-SpaceTourer M 75 kWh Discontinued,https://ev-database.org/car/1343/Citroen-e-SpaceTourer-M-75-kWh,265.0,252.0,260.0,69.0,77.0,13.3,1000.0,507.0,2131.0,"Citroën ë-SpaceTourer M 75 kWh Discontinued (February 2021 - January 2024) N 9 V2 L H G Range* 265 km Efficiency* 260 Wh/km Weight 2,131 kg 0-100 13.3 sec 1-Stop Range 252 km Battery 69.0 kWh Fastcharge 77 kW Towing 1,000 kg Cargo Vol. 507 L Price/range* €237 /km €59,640 €66,097 N/A",https://ev-database.org/#group=vehicle-group&rs-pr=10000_100000&rs-er=0_1000&rs-ld=0_1000&rs-ac=2_23&rs-dcfc=0_400&rs-ub=10_200&rs-tw=0_3000&rs-ef=100_350&rs-sa=-1_5&rs-w=1000_3500&rs-c=0_5000&rs-y=2010_2030&s=1&p=21-50
Audi Q8 Sportback e-tron 50 quattro,https://ev-database.org/car/1771/Audi-Q8-Sportback-e-tron-50-quattro,445.0,472.0,200.0,89.0,147.0,6.0,1800.0,590.0,2585.0,"Audi Q8 Sportback e-tron 50 quattro Discontinued (December 2022 - November 2024) E 5 5 V2 L H G Range* 445 km Efficiency* 200 Wh/km Weight 2,585 kg 0-100 6.0 sec 1-Stop Range 472 km Battery 89.0 kWh Fastcharge 147 kW Towing 1,800 kg Cargo Vol. 590 L Price/range* €177 /km €78,150 €73,785 £73,215",https://ev-database.org/#group=vehicle-group&rs-pr=10000_100000&rs-er=0_1000&rs-ld=0_1000&rs-ac=2_23&rs-dcfc=0_400&rs-ub=10_200&rs-tw=0_3000&rs-ef=100_350&rs-sa=-1_5&rs-w=1000_3500&rs-c=0_5000&rs-y=2010_2030&s=1&p=21-50
Lucid Air Pure RWD (MY24-25) Discontinued,https://ev-database.org/car/2116/Lucid-Air-Pure-RWD,530.0,615.0,158.0,84.0,,4.7,0.0,910.0,2145.0,"Lucid Air Pure RWD (MY24-25) Discontinued (February 2024 - August 2025) F 5 5 V2 L H G Range* 530 km Efficiency* 158 Wh/km Weight 2,145 kg 0-100 4.7 sec 1-Stop Range 615 km Battery* 84.0 kWh Fastcharge* 140 kW Towing 0 kg Cargo Vol. 910 L Price/range* €163 /km €85,000 €88,000 N/A",https://ev-database.org/#group=vehicle-group&rs-pr=10000_100000&rs-er=0_1000&rs-ld=0_1000&rs-ac=2_23&rs-dcfc=0_400&rs-ub=10_200&rs-tw=0_3000&rs-ef=100_350&rs-sa=-1_5&rs-w=1000_3500&rs-c=0_5000&rs-y=2010_2030&s=1&p=21-50
Polestar 2 Long Range Dual Motor,https://ev-database.org/car/2227/Polestar-2-Long-Range-Dual-Motor,455.0,509.0,174.0,79.0,110.0,4.5,1500.0,448.0,2183.0,"Polestar 2 Long Range Dual Motor (MY25) Discontinued (June 2024 - April 2025) D 5 5 V2 L H G Range* 455 km Efficiency* 174 Wh/km Weight 2,183 kg 0-100 4.5 sec 1-Stop Range 509 km Battery 79.0 kWh Fastcharge 110 kW Towing 1,500 kg Cargo Vol. 448 L Price/range* €127 /km €56,990 €55,200 £52,950",https://ev-database.org/#group=vehicle-group&rs-pr=10000_100000&rs-er=0_1000&rs-ld=0_1000&rs-ac=2_23&rs-dcfc=0_400&rs-ub=10_200&rs-tw=0_3000&rs-ef=100_350&rs-sa=-1_5&rs-w=1000_3500&rs-c=0_5000&rs-y=2010_2030&s=1&p=21-50
Škoda Elroq RS (MY25) Discontinued (April,https://ev-database.org/car/3183/Skoda-Elroq-RS,450.0,508.0,176.0,79.0,135.0,5.4,1200.0,470.0,2229.0,"Škoda Elroq RS (MY25) Discontinued (April 2025 - December 2025) C 5 5 V2 L H G Range* 450 km Efficiency* 176 Wh/km Weight 2,229 kg 0-100 5.4 sec 1-Stop Range 508 km Battery 79.0 kWh Fastcharge 135 kW Towing 1,200 kg Cargo Vol. 470 L Price/range* €118 /km €53,050 €52,990 £46,560",https://ev-database.org/#group=vehicle-group&rs-pr=10000_100000&rs-er=0_1000&rs-ld=0_1000&rs-ac=2_23&rs-dcfc=0_400&rs-ub=10_200&rs-tw=0_3000&rs-ef=100_350&rs-sa=-1_5&rs-w=1000_3500&rs-c=0_5000&rs-y=2010_2030&s=1&p=21-50
Škoda Enyaq Coupe RS (MY25) Discontinued,https://ev-database.org/car/3185/Skoda-Enyaq-Coupe-RS,470.0,534.0,168.0,79.0,135.0,5.4,1200.0,570.0,2239.0,"Škoda Enyaq Coupe RS (MY25) Discontinued (May 2025 - October 2025) C 5 5 V2 L H G Range* 470 km Efficiency* 168 Wh/km Weight 2,239 kg 0-100 5.4 sec 1-Stop Range 534 km Battery 79.0 kWh Fastcharge 135 kW Towing 1,200 kg Cargo Vol. 570 L Price/range* €129 /km €60,850 €58,990 £53,860",https://ev-database.org/#group=vehicle-group&rs-pr=10000_100000&rs-er=0_1000&rs-ld=0_1000&rs-ac=2_23&rs-dcfc=0_400&rs-ub=10_200&rs-tw=0_3000&rs-ef=100_350&rs-sa=-1_5&rs-w=1000_3500&rs-c=0_5000&rs-y=2010_2030&s=1&p=21-50
Peugeot e-Rifter Standard 50 kWh Discontinued,https://ev-database.org/car/1522/Peugeot-e-Rifter-Standard-50-kWh,205.0,215.0,226.0,46.3,74.0,11.7,750.0,571.0,1765.0,"Peugeot e-Rifter Standard 50 kWh Discontinued (July 2021 - January 2024) N 7 V2 L H G Range* 205 km Efficiency* 226 Wh/km Weight 1,765 kg 0-100 11.7 sec 1-Stop Range 215 km Battery 46.3 kWh Fastcharge 74 kW Towing 750 kg Cargo Vol. 571 L Price/range* €193 /km €41,240 €39,620 £33,120",https://ev-database.org/#group=vehicle-group&rs-pr=10000_100000&rs-er=0_1000&rs-ld=0_1000&rs-ac=2_23&rs-dcfc=0_400&rs-ub=10_200&rs-tw=0_3000&rs-ef=100_350&rs-sa=-1_5&rs-w=1000_3500&rs-c=0_5000&rs-y=2010_2030&s=1&p=21-50
Mercedes-Benz EQE AMG 43 4MATIC (MY23),https://ev-database.org/car/1901/Mercedes-Benz-EQE-AMG-43-4MATIC,450.0,490.0,201.0,90.6,136.0,4.2,750.0,430.0,2535.0,"Mercedes-Benz EQE AMG 43 4MATIC (MY23) Discontinued (June 2023 - April 2024) E 5 5 V2 L H G Range 450 km Efficiency 201 Wh/km Weight 2,535 kg 0-100 4.2 sec 1-Stop Range 490 km Battery 90.6 kWh Fastcharge 136 kW Towing 750 kg Cargo Vol. 430 L Price/range €240 /km €104,756 €111,068 N/A",https://ev-database.org/#group=vehicle-group&rs-pr=10000_100000&rs-er=0_1000&rs-ld=0_1000&rs-ac=2_23&rs-dcfc=0_400&rs-ub=10_200&rs-tw=0_3000&rs-ef=100_350&rs-sa=-1_5&rs-w=1000_3500&rs-c=0_5000&rs-y=2010_2030&s=1&p=21-50
GWM ORA 07 Pure Available to,https://ev-database.org/car/2245/GWM-ORA-07-Pure,350.0,339.0,184.0,64.3,75.0,8.2,0.0,333.0,2065.0,"GWM ORA 07 Pure Available to order since July 2024 D 5 V2 L H G Range* 350 km Efficiency* 184 Wh/km Weight 2,065 kg 0-100 8.2 sec 1-Stop Range 339 km Battery 64.3 kWh Fastcharge 75 kW Towing 0 kg Cargo Vol. 333 L Price/range* €120 /km €41,990 N/A N/A",https://ev-database.org/#group=vehicle-group&rs-pr=10000_100000&rs-er=0_1000&rs-ld=0_1000&rs-ac=2_23&rs-dcfc=0_400&rs-ub=10_200&rs-tw=0_3000&rs-ef=100_350&rs-sa=-1_5&rs-w=1000_3500&rs-c=0_5000&rs-y=2010_2030&s=1&p=21-50
Nissan Ariya e-4ORCE 87kWh - 320,https://ev-database.org/car/3074/Nissan-Ariya-e-4ORCE-87kWh---320-kW-Nismo,385.0,373.0,226.0,87.0,80.0,5.0,0.0,415.0,2277.0,"Nissan Ariya e-4ORCE 87kWh - 320 kW Nismo Available to order since October 2024 C 5 5 V2 L H G Range* 385 km Efficiency* 226 Wh/km Weight 2,277 kg 0-100 5.0 sec 1-Stop Range 373 km Battery 87.0 kWh Fastcharge 80 kW Towing 0 kg Cargo Vol. 415 L Price/range* €165 /km €63,990 €61,190 £56,630",https://ev-database.org/#group=vehicle-group&rs-pr=10000_100000&rs-er=0_1000&rs-ld=0_1000&rs-ac=2_23&rs-dcfc=0_400&rs-ub=10_200&rs-tw=0_3000&rs-ef=100_350&rs-sa=-1_5&rs-w=1000_3500&rs-c=0_5000&rs-y=2010_2030&s=1&p=21-50
DS Automobiles N°8 FWD Available to,https://ev-database.org/car/3076/DS-Automobiles-N8-FWD,415.0,443.0,178.0,73.7,90.0,7.7,1260.0,620.0,2207.0,"DS Automobiles N°8 FWD Available to order since February 2024 D 5 4 V2 L H G Range* 415 km Efficiency* 178 Wh/km Weight 2,207 kg 0-100 7.7 sec 1-Stop Range 443 km Battery 73.7 kWh Fastcharge 90 kW Towing 1,260 kg Cargo Vol. 620 L Price/range* €139 /km €57,700 €57,000 £50,790",https://ev-database.org/#group=vehicle-group&rs-pr=10000_100000&rs-er=0_1000&rs-ld=0_1000&rs-ac=2_23&rs-dcfc=0_400&rs-ub=10_200&rs-tw=0_3000&rs-ef=100_350&rs-sa=-1_5&rs-w=1000_3500&rs-c=0_5000&rs-y=2010_2030&s=1&p=21-50
Ford Explorer Extended Range RWD (MY24),https://ev-database.org/car/3105/Ford-Explorer-Extended-Range-RWD,450.0,500.0,176.0,79.0,135.0,8.5,1200.0,536.0,2080.0,"Ford Explorer Extended Range RWD (MY24) Discontinued (September 2024 - February 2025) C 5 5 V2 L H G Range* 450 km Efficiency* 176 Wh/km Weight 2,080 kg 0-100 8.5 sec 1-Stop Range 500 km Battery 79.0 kWh Fastcharge 135 kW Towing 1,200 kg Cargo Vol. 536 L Price/range* €103 /km €48,500 €43,750 N/A",https://ev-database.org/#group=vehicle-group&rs-pr=10000_100000&rs-er=0_1000&rs-ld=0_1000&rs-ac=2_23&rs-dcfc=0_400&rs-ub=10_200&rs-tw=0_3000&rs-ef=100_350&rs-sa=-1_5&rs-w=1000_3500&rs-c=0_5000&rs-y=2010_2030&s=1&p=21-50
Ford Mustang Mach-E SR RWD (MY23),https://ev-database.org/car/1753/Ford-Mustang-Mach-E-SR-RWD,375.0,374.0,187.0,70.0,76.0,6.9,750.0,619.0,2044.0,"Ford Mustang Mach-E SR RWD (MY23) Discontinued (November 2022 - November 2023) D 5 5 V2 L H G Range 375 km Efficiency 187 Wh/km Weight 2,044 kg 0-100 6.9 sec 1-Stop Range 374 km Battery 70.0 kWh Fastcharge 76 kW Towing 750 kg Cargo Vol. 619 L Price/range €156 /km €62,900 €53,900 £50,830",https://ev-database.org/#group=vehicle-group&rs-pr=10000_100000&rs-er=0_1000&rs-ld=0_1000&rs-ac=2_23&rs-dcfc=0_400&rs-ub=10_200&rs-tw=0_3000&rs-ef=100_350&rs-sa=-1_5&rs-w=1000_3500&rs-c=0_5000&rs-y=2010_2030&s=1&p=21-50
NIO EL6 Standard Range Available to,https://ev-database.org/car/1921/NIO-EL6-Standard-Range,365.0,388.0,201.0,73.5,110.0,4.5,1200.0,579.0,2378.0,"NIO EL6 Standard Range Available to order since July 2023 E 5 5 V2 L H G Range* 365 km Efficiency* 201 Wh/km Weight 2,378 kg 0-100 4.5 sec 1-Stop Range 388 km Battery 73.5 kWh Fastcharge 110 kW Towing 1,200 kg Cargo Vol. 579 L Price/range* €183 /km €65,500 €67,900 N/A",https://ev-database.org/#group=vehicle-group&rs-pr=10000_100000&rs-er=0_1000&rs-ld=0_1000&rs-ac=2_23&rs-dcfc=0_400&rs-ub=10_200&rs-tw=0_3000&rs-ef=100_350&rs-sa=-1_5&rs-w=1000_3500&rs-c=0_5000&rs-y=2010_2030&s=1&p=21-50
BMW i5 xDrive40 Sedan (MY24) Discontinued,https://ev-database.org/car/2096/BMW-i5-xDrive40-Sedan,455.0,512.0,178.0,81.2,123.0,5.4,2000.0,490.0,2355.0,"BMW i5 xDrive40 Sedan (MY24) Discontinued (February 2024 - February 2025) E 5 5 V2 L H G Range* 455 km Efficiency* 178 Wh/km Weight 2,355 kg 0-100 5.4 sec 1-Stop Range 512 km Battery 81.2 kWh Fastcharge 123 kW Towing 2,000 kg Cargo Vol. 490 L Price/range* €172 /km €75,600 €81,270 N/A",https://ev-database.org/#group=vehicle-group&rs-pr=10000_100000&rs-er=0_1000&rs-ld=0_1000&rs-ac=2_23&rs-dcfc=0_400&rs-ub=10_200&rs-tw=0_3000&rs-ef=100_350&rs-sa=-1_5&rs-w=1000_3500&rs-c=0_5000&rs-y=2010_2030&s=1&p=21-50
Peugeot e-Traveller L3 75 kWh Available,https://ev-database.org/car/2259/Peugeot-e-Traveller-L3-75-kWh,265.0,252.0,260.0,69.0,77.0,14.2,1000.0,989.0,2240.0,"Peugeot e-Traveller L3 75 kWh Available to order since May 2024 N 9 V2 L H G Range* 265 km Efficiency* 260 Wh/km Weight 2,240 kg 0-100 14.2 sec 1-Stop Range 252 km Battery 69.0 kWh Fastcharge 77 kW Towing 1,000 kg Cargo Vol. 989 L Price/range* €225 /km €53,230 €69,781 £48,395",https://ev-database.org/#group=vehicle-group&rs-pr=10000_100000&rs-er=0_1000&rs-ld=0_1000&rs-ac=2_23&rs-dcfc=0_400&rs-ub=10_200&rs-tw=0_3000&rs-ef=100_350&rs-sa=-1_5&rs-w=1000_3500&rs-c=0_5000&rs-y=2010_2030&s=1&p=21-50
Porsche Taycan 4 Available to order,https://ev-database.org/car/3060/Porsche-Taycan-4,490.0,611.0,168.0,82.3,195.0,4.6,0.0,491.0,2245.0,"Porsche Taycan 4 Available to order since November 2024 F 5 V2 L H G Range* 490 km Efficiency* 168 Wh/km Weight 2,245 kg 0-100 4.6 sec 1-Stop Range 611 km Battery 82.3 kWh Fastcharge 195 kW Towing 0 kg Cargo Vol. 491 L Price/range* €221 /km €106,200 €110,433 N/A",https://ev-database.org/#group=vehicle-group&rs-pr=10000_100000&rs-er=0_1000&rs-ld=0_1000&rs-ac=2_23&rs-dcfc=0_400&rs-ub=10_200&rs-tw=0_3000&rs-ef=100_350&rs-sa=-1_5&rs-w=1000_3500&rs-c=0_5000&rs-y=2010_2030&s=1&p=21-50
Porsche Taycan GTS Sport Turismo Available,https://ev-database.org/car/3063/Porsche-Taycan-GTS-Sport-Turismo,505.0,655.0,192.0,97.0,267.0,3.3,0.0,489.0,2385.0,"Porsche Taycan GTS Sport Turismo Available to order since November 2024 F 5 V2 L H G Range* 505 km Efficiency* 192 Wh/km Weight 2,385 kg 0-100 3.3 sec 1-Stop Range 655 km Battery 97.0 kWh Fastcharge 267 kW Towing 0 kg Cargo Vol. 489 L Price/range* €291 /km €148,600 €155,233 £119,200",https://ev-database.org/#group=vehicle-group&rs-pr=10000_100000&rs-er=0_1000&rs-ld=0_1000&rs-ac=2_23&rs-dcfc=0_400&rs-ub=10_200&rs-tw=0_3000&rs-ef=100_350&rs-sa=-1_5&rs-w=1000_3500&rs-c=0_5000&rs-y=2010_2030&s=1&p=21-50
Mercedes-Benz EQS 450 4MATIC Discontinued (June,https://ev-database.org/car/2009/Mercedes-Benz-EQS-450-4MATIC,610.0,677.0,178.0,108.4,169.0,5.6,750.0,620.0,2630.0,"Mercedes-Benz EQS 450 4MATIC Discontinued (June 2023 - April 2024) F 5 5 V2 L H G Range* 610 km Efficiency* 178 Wh/km Weight 2,630 kg 0-100 5.6 sec 1-Stop Range 677 km Battery 108.4 kWh Fastcharge 169 kW Towing 750 kg Cargo Vol. 620 L Price/range* €189 /km €113,359 €116,955 N/A",https://ev-database.org/#group=vehicle-group&rs-pr=10000_100000&rs-er=0_1000&rs-ld=0_1000&rs-ac=2_23&rs-dcfc=0_400&rs-ub=10_200&rs-tw=0_3000&rs-ef=100_350&rs-sa=-1_5&rs-w=1000_3500&rs-c=0_5000&rs-y=2010_2030&s=1&p=21-50
Volkswagen ID.5 Pure (MY24-25) Discontinued (June,https://ev-database.org/car/3080/Volkswagen-ID5-Pure,320.0,359.0,163.0,52.0,87.0,8.9,1000.0,549.0,1966.0,"Volkswagen ID.5 Pure (MY24-25) Discontinued (June 2024 - July 2025) C 5 5 V2 L H G Range* 320 km Efficiency* 163 Wh/km Weight 1,966 kg 0-100 8.9 sec 1-Stop Range 359 km Battery 52.0 kWh Fastcharge 87 kW Towing 1,000 kg Cargo Vol. 549 L Price/range* €145 /km €45,270 €46,990 £41,080",https://ev-database.org/#group=vehicle-group&rs-pr=10000_100000&rs-er=0_1000&rs-ld=0_1000&rs-ac=2_23&rs-dcfc=0_400&rs-ub=10_200&rs-tw=0_3000&rs-ef=100_350&rs-sa=-1_5&rs-w=1000_3500&rs-c=0_5000&rs-y=2010_2030&s=1&p=21-50
Toyota Proace City Verso L1 50,https://ev-database.org/car/1779/Toyota-Proace-City-Verso-L1-50-kWh,210.0,222.0,220.0,46.3,74.0,11.2,750.0,597.0,1739.0,"Toyota Proace City Verso L1 50 kWh Discontinued (April 2022 - August 2024) N 5 V2 L H G Range* 210 km Efficiency* 220 Wh/km Weight 1,739 kg 0-100 11.2 sec 1-Stop Range 222 km Battery 46.3 kWh Fastcharge 74 kW Towing 750 kg Cargo Vol. 597 L Price/range* €194 /km €37,800 €45,495 £34,113",https://ev-database.org/#group=vehicle-group&rs-pr=10000_100000&rs-er=0_1000&rs-ld=0_1000&rs-ac=2_23&rs-dcfc=0_400&rs-ub=10_200&rs-tw=0_3000&rs-ef=100_350&rs-sa=-1_5&rs-w=1000_3500&rs-c=0_5000&rs-y=2010_2030&s=1&p=21-50
Volkswagen ID.5 GTX Discontinued (July 2022,https://ev-database.org/car/1914/Volkswagen-ID5-GTX,405.0,439.0,190.0,77.0,103.0,6.3,1200.0,549.0,2243.0,"Volkswagen ID.5 GTX Discontinued (July 2022 - November 2023) C 5 5 V2 L H G Range 405 km Efficiency 190 Wh/km Weight 2,243 kg 0-100 6.3 sec 1-Stop Range 439 km Battery 77.0 kWh Fastcharge 103 kW Towing 1,200 kg Cargo Vol. 549 L Price/range €152 /km €56,455 €63,790 £56,545",https://ev-database.org/#group=vehicle-group&rs-pr=10000_100000&rs-er=0_1000&rs-ld=0_1000&rs-ac=2_23&rs-dcfc=0_400&rs-ub=10_200&rs-tw=0_3000&rs-ef=100_350&rs-sa=-1_5&rs-w=1000_3500&rs-c=0_5000&rs-y=2010_2030&s=1&p=21-50
Mercedes-Benz EQS AMG 53 4MATIC+ Discontinued,https://ev-database.org/car/2012/Mercedes-Benz-EQS-AMG-53-4MATICplus,535.0,590.0,203.0,108.4,169.0,3.4,750.0,620.0,2700.0,"Mercedes-Benz EQS AMG 53 4MATIC+ Discontinued (June 2023 - April 2024) F 5 5 V2 L H G Range* 535 km Efficiency* 203 Wh/km Weight 2,700 kg 0-100 3.4 sec 1-Stop Range 590 km Battery 108.4 kWh Fastcharge 169 kW Towing 750 kg Cargo Vol. 620 L Price/range* €321 /km €155,009 €173,825 £161,860",https://ev-database.org/#group=vehicle-group&rs-pr=10000_100000&rs-er=0_1000&rs-ld=0_1000&rs-ac=2_23&rs-dcfc=0_400&rs-ub=10_200&rs-tw=0_3000&rs-ef=100_350&rs-sa=-1_5&rs-w=1000_3500&rs-c=0_5000&rs-y=2010_2030&s=1&p=21-50
Elaris BEO 86 kWh Available to,https://ev-database.org/car/1975/Elaris-BEO-86-kWh,390.0,357.0,208.0,81.0,65.0,,,467.0,1955.0,"Elaris BEO 86 kWh Available to order since February 2023 D 5 V2 L H G Range* 390 km Efficiency* 208 Wh/km Weight 1,955 kg 0-100* 9.5 sec 1-Stop Range 357 km Battery* 81.0 kWh Fastcharge 65 kW Towing unknown Cargo Vol. 467 L Price/range* €136 /km €53,090 N/A N/A",https://ev-database.org/#group=vehicle-group&rs-pr=10000_100000&rs-er=0_1000&rs-ld=0_1000&rs-ac=2_23&rs-dcfc=0_400&rs-ub=10_200&rs-tw=0_3000&rs-ef=100_350&rs-sa=-1_5&rs-w=1000_3500&rs-c=0_5000&rs-y=2010_2030&s=1&p=21-50
Genesis GV60 Sport (MY25) Available to,https://ev-database.org/car/3235/Genesis-GV60-Sport,410.0,513.0,195.0,80.0,205.0,5.5,1600.0,432.0,2200.0,"Genesis GV60 Sport (MY25) Available to order since July 2025 C 5 5 V2 L H G Range* 410 km Efficiency* 195 Wh/km Weight 2,200 kg 0-100 5.5 sec 1-Stop Range 513 km Battery* 80.0 kWh Fastcharge 205 kW Towing 1,600 kg Cargo Vol. 432 L Price/range* €158 /km €64,580 €62,700 £58,515",https://ev-database.org/#group=vehicle-group&rs-pr=10000_100000&rs-er=0_1000&rs-ld=0_1000&rs-ac=2_23&rs-dcfc=0_400&rs-ub=10_200&rs-tw=0_3000&rs-ef=100_350&rs-sa=-1_5&rs-w=1000_3500&rs-c=0_5000&rs-y=2010_2030&s=1&p=21-50
Ford e-Tourneo Custom L2 160 kW,https://ev-database.org/car/3425/Ford-e-Tourneo-Custom-L2-160-kW-AWD,260.0,266.0,273.0,71.0,105.0,,2000.0,819.0,2600.0,"Ford e-Tourneo Custom L2 160 kW AWD Available to order since December 2025 N 8 5 V2 L H G Range* 260 km Efficiency* 273 Wh/km Weight 2,600 kg 0-100* 9.0 sec 1-Stop Range 266 km Battery 71.0 kWh Fastcharge 105 kW Towing 2,000 kg Cargo Vol. 819 L Price/range* €279 /km €72,650 N/A N/A",https://ev-database.org/#group=vehicle-group&rs-pr=10000_100000&rs-er=0_1000&rs-ld=0_1000&rs-ac=2_23&rs-dcfc=0_400&rs-ub=10_200&rs-tw=0_3000&rs-ef=100_350&rs-sa=-1_5&rs-w=1000_3500&rs-c=0_5000&rs-y=2010_2030&s=1&p=21-50
Tesla Model X Performance Discontinued (June,https://ev-database.org/car/1199/Tesla-Model-X-Performance,440.0,438.0,216.0,95.0,100.0,3.6,2250.0,,2572.0,"Tesla Model X Performance Discontinued (June 2019 - July 2019) F 7 5 V2 L H G Range* 440 km Efficiency* 216 Wh/km Weight 2,572 kg 0-100 3.6 sec 1-Stop Range 438 km Battery* 95.0 kWh Fastcharge 100 kW Towing 2,250 kg Cargo Vol. unknown Price/range* €243 /km €107,600 €106,220 £93,150",https://ev-database.org/#group=vehicle-group&rs-pr=10000_100000&rs-er=0_1000&rs-ld=0_1000&rs-ac=2_23&rs-dcfc=0_400&rs-ub=10_200&rs-tw=0_3000&rs-ef=100_350&rs-sa=-1_5&rs-w=1000_3500&rs-c=0_5000&rs-y=2010_2030&s=1&p=21-50
Volvo XC40 Recharge Twin Pure Electric,https://ev-database.org/car/1520/Volvo-XC40-Recharge-Twin-Pure-Electric,335.0,342.0,224.0,75.0,97.0,4.9,1800.0,450.0,2188.0,"Volvo XC40 Recharge Twin Pure Electric (MY22) Discontinued (February 2021 - May 2022) C 5 5 V2 L H G Range 335 km Efficiency 224 Wh/km Weight 2,188 kg 0-100 4.9 sec 1-Stop Range 342 km Battery 75.0 kWh Fastcharge 97 kW Towing 1,800 kg Cargo Vol. 450 L Price/range €172 /km €59,250 €56,450 £49,950",https://ev-database.org/#group=vehicle-group&rs-pr=10000_100000&rs-er=0_1000&rs-ld=0_1000&rs-ac=2_23&rs-dcfc=0_400&rs-ub=10_200&rs-tw=0_3000&rs-ef=100_350&rs-sa=-1_5&rs-w=1000_3500&rs-c=0_5000&rs-y=2010_2030&s=1&p=21-50
Volvo EX90 Single Motor (MY26) Available,https://ev-database.org/car/3323/Volvo-EX90-Single-Motor,425.0,501.0,207.0,88.0,170.0,6.8,1500.0,703.0,2556.0,"Volvo EX90 Single Motor (MY26) Available to order since September 2025 F 7 5 V2 L H G Range* 425 km Efficiency* 207 Wh/km Weight 2,556 kg 0-100 6.8 sec 1-Stop Range 501 km Battery 88.0 kWh Fastcharge 170 kW Towing 1,500 kg Cargo Vol. 703 L Price/range* €208 /km €85,990 €84,495 £82,660",https://ev-database.org/#group=vehicle-group&rs-pr=10000_100000&rs-er=0_1000&rs-ld=0_1000&rs-ac=2_23&rs-dcfc=0_400&rs-ub=10_200&rs-tw=0_3000&rs-ef=100_350&rs-sa=-1_5&rs-w=1000_3500&rs-c=0_5000&rs-y=2010_2030&s=1&p=21-50
Kia e-Niro 39 kWh Discontinued (September,https://ev-database.org/car/1137/Kia-e-Niro-39-kWh,235.0,215.0,167.0,39.2,37.0,9.8,0.0,451.0,1667.0,"Kia e-Niro 39 kWh Discontinued (September 2019 - January 2020) C 5 4 V2 L H G Range 235 km Efficiency 167 Wh/km Weight 1,667 kg 0-100 9.8 sec 1-Stop Range 215 km Battery 39.2 kWh Fastcharge 37 kW Towing 0 kg Cargo Vol. 451 L Price/range €150 /km €35,290 N/A N/A",https://ev-database.org/#group=vehicle-group&rs-pr=10000_100000&rs-er=0_1000&rs-ld=0_1000&rs-ac=2_23&rs-dcfc=0_400&rs-ub=10_200&rs-tw=0_3000&rs-ef=100_350&rs-sa=-1_5&rs-w=1000_3500&rs-c=0_5000&rs-y=2010_2030&s=1&p=21-50
Porsche Taycan Turbo Available to order,https://ev-database.org/car/2102/Porsche-Taycan-Turbo,535.0,693.0,181.0,97.0,267.0,2.7,0.0,450.0,2365.0,"Porsche Taycan Turbo Available to order since February 2024 F 5 V2 L H G Range* 535 km Efficiency* 181 Wh/km Weight 2,365 kg 0-100 2.7 sec 1-Stop Range 693 km Battery 97.0 kWh Fastcharge 267 kW Towing 0 kg Cargo Vol. 450 L Price/range* €320 /km €175,600 €183,000 £135,200",https://ev-database.org/#group=vehicle-group&rs-pr=10000_100000&rs-er=0_1000&rs-ld=0_1000&rs-ac=2_23&rs-dcfc=0_400&rs-ub=10_200&rs-tw=0_3000&rs-ef=100_350&rs-sa=-1_5&rs-w=1000_3500&rs-c=0_5000&rs-y=2010_2030&s=1&p=21-50
Ford Mustang Mach-E Rally (MY24) Discontinued,https://ev-database.org/car/2275/Ford-Mustang-Mach-E-Rally,410.0,417.0,222.0,91.0,115.0,3.9,750.0,619.0,2343.0,"Ford Mustang Mach-E Rally (MY24) Discontinued (May 2024 - January 2026) D 5 5 V2 L H G Range* 410 km Efficiency* 222 Wh/km Weight 2,343 kg 0-100 3.9 sec 1-Stop Range 417 km Battery 91.0 kWh Fastcharge 115 kW Towing 750 kg Cargo Vol. 619 L Price/range* €189 /km €80,300 €71,400 £69,800",https://ev-database.org/#group=vehicle-group&rs-pr=10000_100000&rs-er=0_1000&rs-ld=0_1000&rs-ac=2_23&rs-dcfc=0_400&rs-ub=10_200&rs-tw=0_3000&rs-ef=100_350&rs-sa=-1_5&rs-w=1000_3500&rs-c=0_5000&rs-y=2010_2030&s=1&p=21-50
Volkswagen ID.5 Pro 4MOTION (MY27) Available,https://ev-database.org/car/3501/Volkswagen-ID5-Pro-4MOTION,440.0,480.0,175.0,77.0,115.0,6.1,1800.0,539.0,2204.0,"Volkswagen ID.5 Pro 4MOTION (MY27) Available to order since March 2026 C 5 V2 L H G Range* 440 km Efficiency* 175 Wh/km Weight 2,204 kg 0-100 6.1 sec 1-Stop Range 480 km Battery 77.0 kWh Fastcharge 115 kW Towing 1,800 kg Cargo Vol. 539 L Price/range* €119 /km €52,140 N/A N/A",https://ev-database.org/#group=vehicle-group&rs-pr=10000_100000&rs-er=0_1000&rs-ld=0_1000&rs-ac=2_23&rs-dcfc=0_400&rs-ub=10_200&rs-tw=0_3000&rs-ef=100_350&rs-sa=-1_5&rs-w=1000_3500&rs-c=0_5000&rs-y=2010_2030&s=1&p=21-50
Porsche Taycan 4S Cross Turismo Discontinued,https://ev-database.org/car/1437/Porsche-Taycan-4S-Cross-Turismo,420.0,520.0,199.0,83.7,200.0,4.1,0.0,530.0,2320.0,"Porsche Taycan 4S Cross Turismo Discontinued (July 2021 - January 2023) F 5 V2 L H G Range* 420 km Efficiency* 199 Wh/km Weight 2,320 kg 0-100 4.1 sec 1-Stop Range 520 km Battery 83.7 kWh Fastcharge 200 kW Towing 0 kg Cargo Vol. 530 L Price/range* €269 /km €114,222 €119,700 £91,000",https://ev-database.org/#group=vehicle-group&rs-pr=10000_100000&rs-er=0_1000&rs-ld=0_1000&rs-ac=2_23&rs-dcfc=0_400&rs-ub=10_200&rs-tw=0_3000&rs-ef=100_350&rs-sa=-1_5&rs-w=1000_3500&rs-c=0_5000&rs-y=2010_2030&s=1&p=21-50
Mercedes-Benz EQS 450 4MATIC Discontinued (June,https://ev-database.org/car/1699/Mercedes-Benz-EQS-450-4MATIC,605.0,671.0,178.0,107.8,169.0,5.6,750.0,610.0,2615.0,"Mercedes-Benz EQS 450 4MATIC Discontinued (June 2022 - June 2023) F 5 5 V2 L H G Range* 605 km Efficiency* 178 Wh/km Weight 2,615 kg 0-100 5.6 sec 1-Stop Range 671 km Battery 107.8 kWh Fastcharge 169 kW Towing 750 kg Cargo Vol. 610 L Price/range* €201 /km €113,359 €129,902 N/A",https://ev-database.org/#group=vehicle-group&rs-pr=10000_100000&rs-er=0_1000&rs-ld=0_1000&rs-ac=2_23&rs-dcfc=0_400&rs-ub=10_200&rs-tw=0_3000&rs-ef=100_350&rs-sa=-1_5&rs-w=1000_3500&rs-c=0_5000&rs-y=2010_2030&s=1&p=21-50
Fiat 500e 3+1 24 kWh Discontinued,https://ev-database.org/car/1726/Fiat-500e-3plus1-24-kWh,135.0,153.0,158.0,21.3,40.0,9.0,0.0,185.0,1290.0,"Fiat 500e 3+1 24 kWh Discontinued (July 2022 - January 2026) B 4 4 V2 L H G Range* 135 km Efficiency* 158 Wh/km Weight 1,290 kg 0-100 9.0 sec 1-Stop Range 153 km Battery 21.3 kWh Fastcharge 40 kW Towing 0 kg Cargo Vol. 185 L Price/range* €222 /km N/A €29,990 N/A",https://ev-database.org/#group=vehicle-group&rs-pr=10000_100000&rs-er=0_1000&rs-ld=0_1000&rs-ac=2_23&rs-dcfc=0_400&rs-ub=10_200&rs-tw=0_3000&rs-ef=100_350&rs-sa=-1_5&rs-w=1000_3500&rs-c=0_5000&rs-y=2010_2030&s=1&p=21-50
Abarth 600e Turismo Available to order,https://ev-database.org/car/3056/Abarth-600e-Turismo,280.0,297.0,181.0,50.8,79.0,6.2,0.0,360.0,1700.0,"Abarth 600e Turismo Available to order since October 2024 B 5 V2 L H G Range* 280 km Efficiency* 181 Wh/km Weight 1,700 kg 0-100 6.2 sec 1-Stop Range 297 km Battery 50.8 kWh Fastcharge 79 kW Towing 0 kg Cargo Vol. 360 L Price/range* €141 /km €41,990 €36,999 £33,995",https://ev-database.org/#group=vehicle-group&rs-pr=10000_100000&rs-er=0_1000&rs-ld=0_1000&rs-ac=2_23&rs-dcfc=0_400&rs-ub=10_200&rs-tw=0_3000&rs-ef=100_350&rs-sa=-1_5&rs-w=1000_3500&rs-c=0_5000&rs-y=2010_2030&s=1&p=21-50
BMW i5 xDrive40 Sedan (MY25) Available,https://ev-database.org/car/3113/BMW-i5-xDrive40-Sedan,465.0,525.0,175.0,81.2,123.0,5.4,2000.0,490.0,2345.0,"BMW i5 xDrive40 Sedan (MY25) Available to order since February 2025 E 5 5 V2 L H G Range* 465 km Efficiency* 175 Wh/km Weight 2,345 kg 0-100 5.4 sec 1-Stop Range 525 km Battery 81.2 kWh Fastcharge 123 kW Towing 2,000 kg Cargo Vol. 490 L Price/range* €169 /km €75,600 €81,270 N/A",https://ev-database.org/#group=vehicle-group&rs-pr=10000_100000&rs-er=0_1000&rs-ld=0_1000&rs-ac=2_23&rs-dcfc=0_400&rs-ub=10_200&rs-tw=0_3000&rs-ef=100_350&rs-sa=-1_5&rs-w=1000_3500&rs-c=0_5000&rs-y=2010_2030&s=1&p=21-50
Tesla Model X Standard Range Discontinued,https://ev-database.org/car/1197/Tesla-Model-X-Standard-Range,355.0,346.0,204.0,72.5,80.0,4.8,2250.0,,2427.0,"Tesla Model X Standard Range Discontinued (June 2019 - July 2019) F 7 5 V2 L H G Range* 355 km Efficiency* 204 Wh/km Weight 2,427 kg 0-100 4.8 sec 1-Stop Range 346 km Battery* 72.5 kWh Fastcharge 80 kW Towing 2,250 kg Cargo Vol. unknown Price/range* €252 /km €91,700 €88,120 £76,550",https://ev-database.org/#group=vehicle-group&rs-pr=10000_100000&rs-er=0_1000&rs-ld=0_1000&rs-ac=2_23&rs-dcfc=0_400&rs-ub=10_200&rs-tw=0_3000&rs-ef=100_350&rs-sa=-1_5&rs-w=1000_3500&rs-c=0_5000&rs-y=2010_2030&s=1&p=21-50
Hyundai IONIQ 5 Standard Range AWD,https://ev-database.org/car/1477/Hyundai-IONIQ-5-Standard-Range-AWD,290.0,359.0,186.0,54.0,140.0,6.1,,555.0,2015.0,"Hyundai IONIQ 5 Standard Range AWD (MY21) Discontinued (July 2021 - June 2022) C 5 5 V2 L H G Range* 290 km Efficiency* 186 Wh/km Weight 2,015 kg 0-100 6.1 sec 1-Stop Range 359 km Battery* 54.0 kWh Fastcharge 140 kW Towing unknown Cargo Vol. 555 L Price/range* €158 /km €45,900 N/A N/A",https://ev-database.org/#group=vehicle-group&rs-pr=10000_100000&rs-er=0_1000&rs-ld=0_1000&rs-ac=2_23&rs-dcfc=0_400&rs-ub=10_200&rs-tw=0_3000&rs-ef=100_350&rs-sa=-1_5&rs-w=1000_3500&rs-c=0_5000&rs-y=2010_2030&s=1&p=21-50
Mercedes-Benz eVito Tourer Long 41 kWh,https://ev-database.org/car/1613/Mercedes-Benz-eVito-Tourer-Long-41-kWh,120.0,85.0,292.0,35.0,0.0,,0.0,990.0,2260.0,"Mercedes-Benz eVito Tourer Long 41 kWh Discontinued (August 2019 - June 2020) N 9 V2 L H G Range* 120 km Efficiency* 292 Wh/km Weight 2,260 kg 0-100* 16.0 sec 1-Stop Range 85 km Battery 35.0 kWh Fastcharge 0 kW Towing 0 kg Cargo Vol. 990 L Price/range* €453 /km €54,395 €54,377 N/A",https://ev-database.org/#group=vehicle-group&rs-pr=10000_100000&rs-er=0_1000&rs-ld=0_1000&rs-ac=2_23&rs-dcfc=0_400&rs-ub=10_200&rs-tw=0_3000&rs-ef=100_350&rs-sa=-1_5&rs-w=1000_3500&rs-c=0_5000&rs-y=2010_2030&s=1&p=21-50
Porsche Taycan Discontinued (January 2023 -,https://ev-database.org/car/1923/Porsche-Taycan,420.0,525.0,169.0,71.0,171.0,5.4,0.0,491.0,2125.0,"Porsche Taycan Discontinued (January 2023 - February 2024) F 5 5 V2 L H G Range* 420 km Efficiency* 169 Wh/km Weight 2,125 kg 0-100 5.4 sec 1-Stop Range 525 km Battery 71.0 kWh Fastcharge 171 kW Towing 0 kg Cargo Vol. 491 L Price/range* €225 /km €93,139 €98,663 £79,200",https://ev-database.org/#group=vehicle-group&rs-pr=10000_100000&rs-er=0_1000&rs-ld=0_1000&rs-ac=2_23&rs-dcfc=0_400&rs-ub=10_200&rs-tw=0_3000&rs-ef=100_350&rs-sa=-1_5&rs-w=1000_3500&rs-c=0_5000&rs-y=2010_2030&s=1&p=21-50
Mercedes-Benz EQS 500 4MATIC Discontinued (June,https://ev-database.org/car/2010/Mercedes-Benz-EQS-500-4MATIC,590.0,654.0,184.0,108.4,169.0,4.8,750.0,620.0,2630.0,"Mercedes-Benz EQS 500 4MATIC Discontinued (June 2023 - April 2024) F 5 5 V2 L H G Range* 590 km Efficiency* 184 Wh/km Weight 2,630 kg 0-100 4.8 sec 1-Stop Range 654 km Battery 108.4 kWh Fastcharge 169 kW Towing 750 kg Cargo Vol. 620 L Price/range* €229 /km €125,378 €145,390 N/A",https://ev-database.org/#group=vehicle-group&rs-pr=10000_100000&rs-er=0_1000&rs-ld=0_1000&rs-ac=2_23&rs-dcfc=0_400&rs-ub=10_200&rs-tw=0_3000&rs-ef=100_350&rs-sa=-1_5&rs-w=1000_3500&rs-c=0_5000&rs-y=2010_2030&s=1&p=21-50
BYD DOLPHIN 44.9 kWh Boost (MY24),https://ev-database.org/car/1918/BYD-DOLPHIN-449-kWh-Boost,260.0,249.0,173.0,44.9,50.0,,0.0,345.0,1700.0,"BYD DOLPHIN 44.9 kWh Boost (MY24) Discontinued (July 2023 - June 2025) C 5 5 V2 L H G Range* 260 km Efficiency* 173 Wh/km Weight 1,700 kg 0-100* 8.0 sec 1-Stop Range 249 km Battery 44.9 kWh Fastcharge 50 kW Towing 0 kg Cargo Vol. 345 L Price/range* €124 /km N/A €32,990 £27,195",https://ev-database.org/#group=vehicle-group&rs-pr=10000_100000&rs-er=0_1000&rs-ld=0_1000&rs-ac=2_23&rs-dcfc=0_400&rs-ub=10_200&rs-tw=0_3000&rs-ef=100_350&rs-sa=-1_5&rs-w=1000_3500&rs-c=0_5000&rs-y=2010_2030&s=1&p=21-50
Porsche Taycan 4 Cross Turismo Discontinued,https://ev-database.org/car/1929/Porsche-Taycan-4-Cross-Turismo,440.0,545.0,190.0,83.7,200.0,5.1,0.0,530.0,2320.0,"Porsche Taycan 4 Cross Turismo Discontinued (January 2023 - February 2024) F 5 V2 L H G Range* 440 km Efficiency* 190 Wh/km Weight 2,320 kg 0-100 5.1 sec 1-Stop Range 545 km Battery 83.7 kWh Fastcharge 200 kW Towing 0 kg Cargo Vol. 530 L Price/range* €238 /km €103,254 €109,064 £88,200",https://ev-database.org/#group=vehicle-group&rs-pr=10000_100000&rs-er=0_1000&rs-ld=0_1000&rs-ac=2_23&rs-dcfc=0_400&rs-ub=10_200&rs-tw=0_3000&rs-ef=100_350&rs-sa=-1_5&rs-w=1000_3500&rs-c=0_5000&rs-y=2010_2030&s=1&p=21-50
Lotus Emeya R Discontinued (March 2024,https://ev-database.org/car/2143/Lotus-Emeya-R,465.0,611.0,213.0,98.9,328.0,2.8,1225.0,543.0,2650.0,"Lotus Emeya R Discontinued (March 2024 - April 2025) F 5 V2 L H G Range* 465 km Efficiency* 213 Wh/km Weight 2,650 kg 0-100 2.8 sec 1-Stop Range 611 km Battery 98.9 kWh Fastcharge 328 kW Towing 1,225 kg Cargo Vol. 543 L Price/range* €328 /km €150,990 €155,025 £131,255",https://ev-database.org/#group=vehicle-group&rs-pr=10000_100000&rs-er=0_1000&rs-ld=0_1000&rs-ac=2_23&rs-dcfc=0_400&rs-ub=10_200&rs-tw=0_3000&rs-ef=100_350&rs-sa=-1_5&rs-w=1000_3500&rs-c=0_5000&rs-y=2010_2030&s=1&p=21-50
Volvo EC40 Single Motor (MY26) Available,https://ev-database.org/car/3154/Volvo-EC40-Single-Motor,360.0,394.0,186.0,67.0,100.0,7.3,1500.0,435.0,2057.0,"Volvo EC40 Single Motor (MY26) Available to order since February 2025 C 5 V2 L H G Range* 360 km Efficiency* 186 Wh/km Weight 2,057 kg 0-100 7.3 sec 1-Stop Range 394 km Battery 67.0 kWh Fastcharge 100 kW Towing 1,500 kg Cargo Vol. 435 L Price/range* €150 /km €54,390 €47,495 £52,410",https://ev-database.org/#group=vehicle-group&rs-pr=10000_100000&rs-er=0_1000&rs-ld=0_1000&rs-ac=2_23&rs-dcfc=0_400&rs-ub=10_200&rs-tw=0_3000&rs-ef=100_350&rs-sa=-1_5&rs-w=1000_3500&rs-c=0_5000&rs-y=2010_2030&s=1&p=21-50
Audi Q4 Sportback e-tron 55 quattro,https://ev-database.org/car/3504/Audi-Q4-Sportback-e-tron-55-quattro,415.0,457.0,186.0,77.0,120.0,5.4,1800.0,535.0,2235.0,"Audi Q4 Sportback e-tron 55 quattro (MY26) Discontinued (October 2025 - March 2026) C 5 5 V2 L H G Range* 415 km Efficiency* 186 Wh/km Weight 2,235 kg 0-100 5.4 sec 1-Stop Range 457 km Battery 77.0 kWh Fastcharge 120 kW Towing 1,800 kg Cargo Vol. 535 L Price/range* €147 /km €61,000 N/A N/A",https://ev-database.org/#group=vehicle-group&rs-pr=10000_100000&rs-er=0_1000&rs-ld=0_1000&rs-ac=2_23&rs-dcfc=0_400&rs-ub=10_200&rs-tw=0_3000&rs-ef=100_350&rs-sa=-1_5&rs-w=1000_3500&rs-c=0_5000&rs-y=2010_2030&s=1&p=21-50
Sono Sion Discontinued (February 2023 -,https://ev-database.org/car/1152/Sono-Sion,260.0,261.0,181.0,47.0,60.0,9.0,750.0,650.0,1730.0,"Sono Sion Discontinued (February 2023 - February 2023) C 5 V2 L H G Range* 260 km Efficiency* 181 Wh/km Weight 1,730 kg 0-100 9.0 sec 1-Stop Range 261 km Battery* 47.0 kWh Fastcharge 60 kW Towing 750 kg Cargo Vol. 650 L Price/range* €116 /km €29,900 * €30,400 N/A",https://ev-database.org/#group=vehicle-group&rs-pr=10000_100000&rs-er=0_1000&rs-ld=0_1000&rs-ac=2_23&rs-dcfc=0_400&rs-ub=10_200&rs-tw=0_3000&rs-ef=100_350&rs-sa=-1_5&rs-w=1000_3500&rs-c=0_5000&rs-y=2010_2030&s=1&p=21-50
Audi Q4 Sportback e-tron 35 (MY21-23),https://ev-database.org/car/1290/Audi-Q4-Sportback-e-tron-35,295.0,314.0,176.0,52.0,70.0,9.0,1000.0,535.0,1970.0,"Audi Q4 Sportback e-tron 35 (MY21-23) Discontinued (August 2021 - September 2023) C 5 5 V2 L H G Range* 295 km Efficiency* 176 Wh/km Weight 1,970 kg 0-100 9.0 sec 1-Stop Range 314 km Battery 52.0 kWh Fastcharge 70 kW Towing 1,000 kg Cargo Vol. 535 L Price/range* €174 /km €46,700 €54,155 £46,190",https://ev-database.org/#group=vehicle-group&rs-pr=10000_100000&rs-er=0_1000&rs-ld=0_1000&rs-ac=2_23&rs-dcfc=0_400&rs-ub=10_200&rs-tw=0_3000&rs-ef=100_350&rs-sa=-1_5&rs-w=1000_3500&rs-c=0_5000&rs-y=2010_2030&s=1&p=21-50
Toyota Proace Verso M 75 kWh,https://ev-database.org/car/1514/Toyota-Proace-Verso-M-75-kWh,265.0,252.0,260.0,69.0,77.0,13.1,1000.0,603.0,2131.0,"Toyota Proace Verso M 75 kWh Discontinued (October 2021 - January 2024) N 8 V2 L H G Range* 265 km Efficiency* 260 Wh/km Weight 2,131 kg 0-100 13.1 sec 1-Stop Range 252 km Battery 69.0 kWh Fastcharge 77 kW Towing 1,000 kg Cargo Vol. 603 L Price/range* €244 /km €64,530 N/A N/A",https://ev-database.org/#group=vehicle-group&rs-pr=10000_100000&rs-er=0_1000&rs-ld=0_1000&rs-ac=2_23&rs-dcfc=0_400&rs-ub=10_200&rs-tw=0_3000&rs-ef=100_350&rs-sa=-1_5&rs-w=1000_3500&rs-c=0_5000&rs-y=2010_2030&s=1&p=22-50
Porsche Taycan Sport Turismo Discontinued (March,https://ev-database.org/car/1621/Porsche-Taycan-Sport-Turismo,380.0,474.0,187.0,71.0,171.0,5.4,0.0,530.0,2155.0,"Porsche Taycan Sport Turismo Discontinued (March 2022 - February 2024) F 5 5 V2 L H G Range* 380 km Efficiency* 187 Wh/km Weight 2,155 kg 0-100 5.4 sec 1-Stop Range 474 km Battery 71.0 kWh Fastcharge 171 kW Towing 0 kg Cargo Vol. 530 L Price/range* €251 /km €94,091 €99,563 £80,200",https://ev-database.org/#group=vehicle-group&rs-pr=10000_100000&rs-er=0_1000&rs-ld=0_1000&rs-ac=2_23&rs-dcfc=0_400&rs-ub=10_200&rs-tw=0_3000&rs-ef=100_350&rs-sa=-1_5&rs-w=1000_3500&rs-c=0_5000&rs-y=2010_2030&s=1&p=22-50
Smart #1 Pure+ (MY24) Available to,https://ev-database.org/car/2218/Smart-1-Pureplus,335.0,357.0,185.0,62.0,90.0,6.7,1600.0,338.0,1863.0,"Smart #1 Pure+ (MY24) Available to order since June 2024 B 5 5 V2 L H G Range* 335 km Efficiency* 185 Wh/km Weight 1,863 kg 0-100 6.7 sec 1-Stop Range 357 km Battery 62.0 kWh Fastcharge 90 kW Towing 1,600 kg Cargo Vol. 338 L Price/range* €115 /km €39,990 €37,000 N/A",https://ev-database.org/#group=vehicle-group&rs-pr=10000_100000&rs-er=0_1000&rs-ld=0_1000&rs-ac=2_23&rs-dcfc=0_400&rs-ub=10_200&rs-tw=0_3000&rs-ef=100_350&rs-sa=-1_5&rs-w=1000_3500&rs-c=0_5000&rs-y=2010_2030&s=1&p=22-50
Škoda Enyaq Coupe 85x (MY25) Discontinued,https://ev-database.org/car/3101/Skoda-Enyaq-Coupe-85x,460.0,511.0,167.0,77.0,120.0,6.7,1200.0,570.0,2234.0,"Škoda Enyaq Coupe 85x (MY25) Discontinued (January 2025 - March 2026) C 5 5 V2 L H G Range 460 km Efficiency 167 Wh/km Weight 2,234 kg 0-100 6.7 sec 1-Stop Range 511 km Battery 77.0 kWh Fastcharge 120 kW Towing 1,200 kg Cargo Vol. 570 L Price/range €121 /km €53,400 N/A £50,660",https://ev-database.org/#group=vehicle-group&rs-pr=10000_100000&rs-er=0_1000&rs-ld=0_1000&rs-ac=2_23&rs-dcfc=0_400&rs-ub=10_200&rs-tw=0_3000&rs-ef=100_350&rs-sa=-1_5&rs-w=1000_3500&rs-c=0_5000&rs-y=2010_2030&s=1&p=22-50
Opel Vivaro-e Combi L 50 kWh,https://ev-database.org/car/1601/Opel-Vivaro-e-Combi-L-50-kWh,180.0,189.0,257.0,46.3,74.0,12.1,1000.0,912.0,1989.0,"Opel Vivaro-e Combi L 50 kWh Discontinued (October 2020 - January 2024) N 9 V2 L H G Range* 180 km Efficiency* 257 Wh/km Weight 1,989 kg 0-100 12.1 sec 1-Stop Range 189 km Battery 46.3 kWh Fastcharge 74 kW Towing 1,000 kg Cargo Vol. 912 L Price/range* €269 /km €51,825 €50,044 £37,835",https://ev-database.org/#group=vehicle-group&rs-pr=10000_100000&rs-er=0_1000&rs-ld=0_1000&rs-ac=2_23&rs-dcfc=0_400&rs-ub=10_200&rs-tw=0_3000&rs-ef=100_350&rs-sa=-1_5&rs-w=1000_3500&rs-c=0_5000&rs-y=2010_2030&s=1&p=22-50
Toyota Proace City Verso L2 50,https://ev-database.org/car/1780/Toyota-Proace-City-Verso-L2-50-kWh,205.0,219.0,226.0,46.3,74.0,11.2,750.0,850.0,1813.0,"Toyota Proace City Verso L2 50 kWh Discontinued (April 2022 - August 2024) N 7 V2 L H G Range* 205 km Efficiency* 226 Wh/km Weight 1,813 kg 0-100 11.2 sec 1-Stop Range 219 km Battery 46.3 kWh Fastcharge 74 kW Towing 750 kg Cargo Vol. 850 L Price/range* €205 /km €40,150 €46,895 £34,113",https://ev-database.org/#group=vehicle-group&rs-pr=10000_100000&rs-er=0_1000&rs-ld=0_1000&rs-ac=2_23&rs-dcfc=0_400&rs-ub=10_200&rs-tw=0_3000&rs-ef=100_350&rs-sa=-1_5&rs-w=1000_3500&rs-c=0_5000&rs-y=2010_2030&s=1&p=22-50
Peugeot e-Traveller L2 50 kWh Available,https://ev-database.org/car/2256/Peugeot-e-Traveller-L2-50-kWh,180.0,189.0,257.0,46.3,74.0,13.3,1000.0,603.0,2027.0,"Peugeot e-Traveller L2 50 kWh Available to order since May 2024 N 9 V2 L H G Range* 180 km Efficiency* 257 Wh/km Weight 2,027 kg 0-100 13.3 sec 1-Stop Range 189 km Battery 46.3 kWh Fastcharge 74 kW Towing 1,000 kg Cargo Vol. 603 L Price/range* €294 /km €46,230 €59,571 N/A",https://ev-database.org/#group=vehicle-group&rs-pr=10000_100000&rs-er=0_1000&rs-ld=0_1000&rs-ac=2_23&rs-dcfc=0_400&rs-ub=10_200&rs-tw=0_3000&rs-ef=100_350&rs-sa=-1_5&rs-w=1000_3500&rs-c=0_5000&rs-y=2010_2030&s=1&p=22-50
Mercedes-Benz EQE SUV 350+ (MY25) Available,https://ev-database.org/car/3284/Mercedes-Benz-EQE-SUV-350plus,475.0,503.0,202.0,96.0,141.0,6.4,750.0,520.0,2495.0,"Mercedes-Benz EQE SUV 350+ (MY25) Available to order since April 2025 E 5 5 V2 L H G Range* 475 km Efficiency* 202 Wh/km Weight 2,495 kg 0-100 6.4 sec 1-Stop Range 503 km Battery 96.0 kWh Fastcharge 141 kW Towing 750 kg Cargo Vol. 520 L Price/range* €185 /km €86,811 €90,297 £75,505",https://ev-database.org/#group=vehicle-group&rs-pr=10000_100000&rs-er=0_1000&rs-ld=0_1000&rs-ac=2_23&rs-dcfc=0_400&rs-ub=10_200&rs-tw=0_3000&rs-ef=100_350&rs-sa=-1_5&rs-w=1000_3500&rs-c=0_5000&rs-y=2010_2030&s=1&p=22-50
Volkswagen ID.5 Pure (MY27) Available to,https://ev-database.org/car/3499/Volkswagen-ID5-Pure,350.0,370.0,166.0,58.0,90.0,8.4,1000.0,539.0,2051.0,"Volkswagen ID.5 Pure (MY27) Available to order since March 2026 C 5 V2 L H G Range* 350 km Efficiency* 166 Wh/km Weight 2,051 kg 0-100 8.4 sec 1-Stop Range 370 km Battery 58.0 kWh Fastcharge 90 kW Towing 1,000 kg Cargo Vol. 539 L Price/range* €129 /km €43,360 N/A £41,090",https://ev-database.org/#group=vehicle-group&rs-pr=10000_100000&rs-er=0_1000&rs-ld=0_1000&rs-ac=2_23&rs-dcfc=0_400&rs-ub=10_200&rs-tw=0_3000&rs-ef=100_350&rs-sa=-1_5&rs-w=1000_3500&rs-c=0_5000&rs-y=2010_2030&s=1&p=22-50
Tesla Model S 70D Discontinued (April,https://ev-database.org/car/1062/Tesla-Model-S-70D,355.0,369.0,194.0,69.0,95.0,5.4,,895.0,2183.0,"Tesla Model S 70D Discontinued (April 2016 - June 2016) F 5 V2 L H G Range* 355 km Efficiency* 194 Wh/km Weight 2,183 kg 0-100 5.4 sec 1-Stop Range 369 km Battery* 69.0 kWh Fastcharge 95 kW Towing unknown Cargo Vol. 895 L Price/range* €251 /km €88,200 €89,700 N/A",https://ev-database.org/#group=vehicle-group&rs-pr=10000_100000&rs-er=0_1000&rs-ld=0_1000&rs-ac=2_23&rs-dcfc=0_400&rs-ub=10_200&rs-tw=0_3000&rs-ef=100_350&rs-sa=-1_5&rs-w=1000_3500&rs-c=0_5000&rs-y=2010_2030&s=1&p=22-50
Nissan Ariya e-4ORCE 87kWh - 290,https://ev-database.org/car/1305/Nissan-Ariya-e-4ORCE-87kWh---290-kW,405.0,391.0,215.0,87.0,80.0,5.1,1500.0,415.0,2293.0,"Nissan Ariya e-4ORCE 87kWh - 290 kW Discontinued (April 2023 - October 2024) C 5 5 V2 L H G Range 405 km Efficiency 215 Wh/km Weight 2,293 kg 0-100 5.1 sec 1-Stop Range 391 km Battery 87.0 kWh Fastcharge 80 kW Towing 1,500 kg Cargo Vol. 415 L Price/range €168 /km €71,490 €64,990 £59,025",https://ev-database.org/#group=vehicle-group&rs-pr=10000_100000&rs-er=0_1000&rs-ld=0_1000&rs-ac=2_23&rs-dcfc=0_400&rs-ub=10_200&rs-tw=0_3000&rs-ef=100_350&rs-sa=-1_5&rs-w=1000_3500&rs-c=0_5000&rs-y=2010_2030&s=1&p=22-50
Porsche Taycan GTS Sport Turismo Discontinued,https://ev-database.org/car/1561/Porsche-Taycan-GTS-Sport-Turismo,425.0,531.0,197.0,83.7,200.0,3.7,0.0,530.0,2385.0,"Porsche Taycan GTS Sport Turismo Discontinued (February 2022 - February 2024) F 5 5 V2 L H G Range* 425 km Efficiency* 197 Wh/km Weight 2,385 kg 0-100 3.7 sec 1-Stop Range 531 km Battery 83.7 kWh Fastcharge 200 kW Towing 0 kg Cargo Vol. 530 L Price/range* €327 /km €140,858 €147,563 £111,200",https://ev-database.org/#group=vehicle-group&rs-pr=10000_100000&rs-er=0_1000&rs-ld=0_1000&rs-ac=2_23&rs-dcfc=0_400&rs-ub=10_200&rs-tw=0_3000&rs-ef=100_350&rs-sa=-1_5&rs-w=1000_3500&rs-c=0_5000&rs-y=2010_2030&s=1&p=22-50
Mercedes-Benz EQE SUV AMG 43 4MATIC,https://ev-database.org/car/1763/Mercedes-Benz-EQE-SUV-AMG-43-4MATIC,425.0,460.0,213.0,90.6,141.0,4.3,1800.0,520.0,2600.0,"Mercedes-Benz EQE SUV AMG 43 4MATIC (MY23-24) Discontinued (December 2022 - April 2025) E 5 V2 L H G Range* 425 km Efficiency* 213 Wh/km Weight 2,600 kg 0-100 4.3 sec 1-Stop Range 460 km Battery 90.6 kWh Fastcharge 141 kW Towing 1,800 kg Cargo Vol. 520 L Price/range* €301 /km €124,920 €130,791 N/A",https://ev-database.org/#group=vehicle-group&rs-pr=10000_100000&rs-er=0_1000&rs-ld=0_1000&rs-ac=2_23&rs-dcfc=0_400&rs-ub=10_200&rs-tw=0_3000&rs-ef=100_350&rs-sa=-1_5&rs-w=1000_3500&rs-c=0_5000&rs-y=2010_2030&s=1&p=22-50
Audi Q6 Sportback e-tron (MY25) Available,https://ev-database.org/car/3041/Audi-Q6-Sportback-e-tron,410.0,485.0,185.0,75.8,150.0,7.0,2000.0,575.0,2200.0,"Audi Q6 Sportback e-tron (MY25) Available to order since November 2024 D 5 5 V2 L H G Range* 410 km Efficiency* 185 Wh/km Weight 2,200 kg 0-100 7.0 sec 1-Stop Range 485 km Battery 75.8 kWh Fastcharge 150 kW Towing 2,000 kg Cargo Vol. 575 L Price/range* €165 /km €65,900 €63,990 £63,065",https://ev-database.org/#group=vehicle-group&rs-pr=10000_100000&rs-er=0_1000&rs-ld=0_1000&rs-ac=2_23&rs-dcfc=0_400&rs-ub=10_200&rs-tw=0_3000&rs-ef=100_350&rs-sa=-1_5&rs-w=1000_3500&rs-c=0_5000&rs-y=2010_2030&s=1&p=22-50
Mercedes-Benz EQE SUV AMG 53 4MATIC+,https://ev-database.org/car/3287/Mercedes-Benz-EQE-SUV-AMG-53-4MATICplus,420.0,453.0,216.0,90.6,141.0,3.7,1800.0,520.0,2690.0,"Mercedes-Benz EQE SUV AMG 53 4MATIC+ (MY25) Available to order since April 2025 E 5 V2 L H G Range* 420 km Efficiency* 216 Wh/km Weight 2,690 kg 0-100 3.7 sec 1-Stop Range 453 km Battery 90.6 kWh Fastcharge 141 kW Towing 1,800 kg Cargo Vol. 520 L Price/range* €335 /km €139,438 €150,555 £115,130",https://ev-database.org/#group=vehicle-group&rs-pr=10000_100000&rs-er=0_1000&rs-ld=0_1000&rs-ac=2_23&rs-dcfc=0_400&rs-ub=10_200&rs-tw=0_3000&rs-ef=100_350&rs-sa=-1_5&rs-w=1000_3500&rs-c=0_5000&rs-y=2010_2030&s=1&p=22-50
Ford e-Tourneo Custom L1 160 kW,https://ev-database.org/car/3421/Ford-e-Tourneo-Custom-L1-160-kW-AWD,265.0,266.0,268.0,71.0,105.0,,2000.0,672.0,2500.0,"Ford e-Tourneo Custom L1 160 kW AWD Available to order since December 2025 N 8 5 V2 L H G Range* 265 km Efficiency* 268 Wh/km Weight 2,500 kg 0-100* 9.0 sec 1-Stop Range 266 km Battery 71.0 kWh Fastcharge 105 kW Towing 2,000 kg Cargo Vol. 672 L Price/range* €271 /km €71,698 N/A N/A",https://ev-database.org/#group=vehicle-group&rs-pr=10000_100000&rs-er=0_1000&rs-ld=0_1000&rs-ac=2_23&rs-dcfc=0_400&rs-ub=10_200&rs-tw=0_3000&rs-ef=100_350&rs-sa=-1_5&rs-w=1000_3500&rs-c=0_5000&rs-y=2010_2030&s=1&p=22-50
Hyundai IONIQ 5 Project 45 (MY21),https://ev-database.org/car/1381/Hyundai-IONIQ-5-Project-45,365.0,451.0,192.0,70.0,179.0,5.2,1600.0,555.0,2095.0,"Hyundai IONIQ 5 Project 45 (MY21) Discontinued (July 2021 - October 2021) C 5 5 V2 L H G Range* 365 km Efficiency* 192 Wh/km Weight 2,095 kg 0-100 5.2 sec 1-Stop Range 451 km Battery* 70.0 kWh Fastcharge 179 kW Towing 1,600 kg Cargo Vol. 555 L Price/range* €159 /km €59,550 €58,995 £48,000",https://ev-database.org/#group=vehicle-group&rs-pr=10000_100000&rs-er=0_1000&rs-ld=0_1000&rs-ac=2_23&rs-dcfc=0_400&rs-ub=10_200&rs-tw=0_3000&rs-ef=100_350&rs-sa=-1_5&rs-w=1000_3500&rs-c=0_5000&rs-y=2010_2030&s=1&p=22-50
Volkswagen ID.5 GTX Discontinued (January 2022,https://ev-database.org/car/1558/Volkswagen-ID5-GTX,405.0,439.0,190.0,77.0,103.0,6.3,1200.0,549.0,2242.0,"Volkswagen ID.5 GTX Discontinued (January 2022 - July 2022) C 5 5 V2 L H G Range* 405 km Efficiency* 190 Wh/km Weight 2,242 kg 0-100 6.3 sec 1-Stop Range 439 km Battery 77.0 kWh Fastcharge 103 kW Towing 1,200 kg Cargo Vol. 549 L Price/range* €145 /km €53,615 €55,690 £58,640",https://ev-database.org/#group=vehicle-group&rs-pr=10000_100000&rs-er=0_1000&rs-ld=0_1000&rs-ac=2_23&rs-dcfc=0_400&rs-ub=10_200&rs-tw=0_3000&rs-ef=100_350&rs-sa=-1_5&rs-w=1000_3500&rs-c=0_5000&rs-y=2010_2030&s=1&p=22-50
Ford Mustang Mach-E SR AWD (MY22),https://ev-database.org/car/1670/Ford-Mustang-Mach-E-SR-AWD,345.0,346.0,203.0,70.0,76.0,6.3,750.0,619.0,2138.0,"Ford Mustang Mach-E SR AWD (MY22) Discontinued (April 2022 - November 2022) D 5 5 V2 L H G Range* 345 km Efficiency* 203 Wh/km Weight 2,138 kg 0-100 6.3 sec 1-Stop Range 346 km Battery 70.0 kWh Fastcharge 76 kW Towing 750 kg Cargo Vol. 619 L Price/range* €191 /km €62,250 €66,670 £60,080",https://ev-database.org/#group=vehicle-group&rs-pr=10000_100000&rs-er=0_1000&rs-ld=0_1000&rs-ac=2_23&rs-dcfc=0_400&rs-ub=10_200&rs-tw=0_3000&rs-ef=100_350&rs-sa=-1_5&rs-w=1000_3500&rs-c=0_5000&rs-y=2010_2030&s=1&p=22-50
Mercedes-Benz EQE SUV 500 4MATIC (MY23),https://ev-database.org/car/1762/Mercedes-Benz-EQE-SUV-500-4MATIC,435.0,468.0,208.0,90.6,141.0,4.9,1800.0,520.0,2560.0,"Mercedes-Benz EQE SUV 500 4MATIC (MY23) Discontinued (December 2022 - January 2024) E 5 V2 L H G Range* 435 km Efficiency* 208 Wh/km Weight 2,560 kg 0-100 4.9 sec 1-Stop Range 468 km Battery 90.6 kWh Fastcharge 141 kW Towing 1,800 kg Cargo Vol. 520 L Price/range* €262 /km €99,841 €116,755 £108,760",https://ev-database.org/#group=vehicle-group&rs-pr=10000_100000&rs-er=0_1000&rs-ld=0_1000&rs-ac=2_23&rs-dcfc=0_400&rs-ub=10_200&rs-tw=0_3000&rs-ef=100_350&rs-sa=-1_5&rs-w=1000_3500&rs-c=0_5000&rs-y=2010_2030&s=1&p=22-50
Opel Zafira Electric 50 kWh Available,https://ev-database.org/car/2260/Opel-Zafira-Electric-50-kWh,180.0,189.0,257.0,46.3,74.0,13.3,1000.0,603.0,2027.0,"Opel Zafira Electric 50 kWh Available to order since January 2024 N 9 V2 L H G Range* 180 km Efficiency* 257 Wh/km Weight 2,027 kg 0-100 13.3 sec 1-Stop Range 189 km Battery 46.3 kWh Fastcharge 74 kW Towing 1,000 kg Cargo Vol. 603 L Price/range* €268 /km €47,550 €48,753 N/A",https://ev-database.org/#group=vehicle-group&rs-pr=10000_100000&rs-er=0_1000&rs-ld=0_1000&rs-ac=2_23&rs-dcfc=0_400&rs-ub=10_200&rs-tw=0_3000&rs-ef=100_350&rs-sa=-1_5&rs-w=1000_3500&rs-c=0_5000&rs-y=2010_2030&s=1&p=22-50
DS Automobiles DS 3 Crossback E-Tense,https://ev-database.org/car/1148/DS-Automobiles-DS-3-Crossback-E-Tense,255.0,276.0,182.0,46.3,74.0,8.7,0.0,350.0,1598.0,"DS Automobiles DS 3 Crossback E-Tense Discontinued (January 2020 - December 2021) B 5 V2 L H G Range 255 km Efficiency 182 Wh/km Weight 1,598 kg 0-100 8.7 sec 1-Stop Range 276 km Battery 46.3 kWh Fastcharge 74 kW Towing 0 kg Cargo Vol. 350 L Price/range €150 /km €38,690 €39,990 £31,500",https://ev-database.org/#group=vehicle-group&rs-pr=10000_100000&rs-er=0_1000&rs-ld=0_1000&rs-ac=2_23&rs-dcfc=0_400&rs-ub=10_200&rs-tw=0_3000&rs-ef=100_350&rs-sa=-1_5&rs-w=1000_3500&rs-c=0_5000&rs-y=2010_2030&s=1&p=22-50
Lucid Air Pure AWD (MY23-24) Discontinued,https://ev-database.org/car/1318/Lucid-Air-Pure-AWD,560.0,645.0,164.0,92.0,,4.0,0.0,910.0,2337.0,"Lucid Air Pure AWD (MY23-24) Discontinued (May 2023 - February 2024) F 5 5 V2 L H G Range* 560 km Efficiency* 164 Wh/km Weight 2,337 kg 0-100 4.0 sec 1-Stop Range 645 km Battery* 92.0 kWh Fastcharge* 160 kW Towing 0 kg Cargo Vol. 910 L Price/range* €200 /km €109,000 €115,000 N/A",https://ev-database.org/#group=vehicle-group&rs-pr=10000_100000&rs-er=0_1000&rs-ld=0_1000&rs-ac=2_23&rs-dcfc=0_400&rs-ub=10_200&rs-tw=0_3000&rs-ef=100_350&rs-sa=-1_5&rs-w=1000_3500&rs-c=0_5000&rs-y=2010_2030&s=1&p=22-50
Citroën ë-Jumpy Combi XL 75 kWh,https://ev-database.org/car/1598/Citroen-e-Jumpy-Combi-XL-75-kWh,265.0,252.0,260.0,69.0,77.0,13.3,1000.0,912.0,2161.0,"Citroën ë-Jumpy Combi XL 75 kWh Discontinued (November 2020 - January 2024) N 9 V2 L H G Range* 265 km Efficiency* 260 Wh/km Weight 2,161 kg 0-100 13.3 sec 1-Stop Range 252 km Battery 69.0 kWh Fastcharge 77 kW Towing 1,000 kg Cargo Vol. 912 L Price/range* €222 /km €58,730 €58,958 N/A",https://ev-database.org/#group=vehicle-group&rs-pr=10000_100000&rs-er=0_1000&rs-ld=0_1000&rs-ac=2_23&rs-dcfc=0_400&rs-ub=10_200&rs-tw=0_3000&rs-ef=100_350&rs-sa=-1_5&rs-w=1000_3500&rs-c=0_5000&rs-y=2010_2030&s=1&p=22-50
Mercedes-Benz EQE 500 4MATIC (MY24) Discontinued,https://ev-database.org/car/2207/Mercedes-Benz-EQE-500-4MATIC,505.0,555.0,179.0,90.6,141.0,4.7,1700.0,430.0,2490.0,"Mercedes-Benz EQE 500 4MATIC (MY24) Discontinued (April 2024 - June 2025) E 5 5 V2 L H G Range* 505 km Efficiency* 179 Wh/km Weight 2,490 kg 0-100 4.7 sec 1-Stop Range 555 km Battery 90.6 kWh Fastcharge 141 kW Towing 1,700 kg Cargo Vol. 430 L Price/range* €177 /km €88,215 €87,231 £80,610",https://ev-database.org/#group=vehicle-group&rs-pr=10000_100000&rs-er=0_1000&rs-ld=0_1000&rs-ac=2_23&rs-dcfc=0_400&rs-ub=10_200&rs-tw=0_3000&rs-ef=100_350&rs-sa=-1_5&rs-w=1000_3500&rs-c=0_5000&rs-y=2010_2030&s=1&p=22-50
Citroën ë-SpaceTourer M 50 kWh Available,https://ev-database.org/car/2252/Citroen-e-SpaceTourer-M-50-kWh,180.0,189.0,257.0,46.3,74.0,13.3,1000.0,603.0,2027.0,"Citroën ë-SpaceTourer M 50 kWh Available to order since April 2024 N 9 V2 L H G Range* 180 km Efficiency* 257 Wh/km Weight 2,027 kg 0-100 13.3 sec 1-Stop Range 189 km Battery 46.3 kWh Fastcharge 74 kW Towing 1,000 kg Cargo Vol. 603 L Price/range* €274 /km €46,230 €59,571 £36,635",https://ev-database.org/#group=vehicle-group&rs-pr=10000_100000&rs-er=0_1000&rs-ld=0_1000&rs-ac=2_23&rs-dcfc=0_400&rs-ub=10_200&rs-tw=0_3000&rs-ef=100_350&rs-sa=-1_5&rs-w=1000_3500&rs-c=0_5000&rs-y=2010_2030&s=1&p=22-50
Volkswagen e-Transporter Kombi L2 210 kW,https://ev-database.org/car/3314/Volkswagen-e-Transporter-Kombi-L2-210-kW-64-kWh,250.0,250.0,255.0,63.8,75.0,7.4,2000.0,1000.0,2348.0,"Volkswagen e-Transporter Kombi L2 210 kW 64 kWh Available to order since March 2025 N 9 V2 L H G Range* 250 km Efficiency* 255 Wh/km Weight 2,348 kg 0-100 7.4 sec 1-Stop Range 250 km Battery 63.8 kWh Fastcharge 75 kW Towing 2,000 kg Cargo Vol. 1,000 L Price/range* €272 /km €67,913 N/A N/A",https://ev-database.org/#group=vehicle-group&rs-pr=10000_100000&rs-er=0_1000&rs-ld=0_1000&rs-ac=2_23&rs-dcfc=0_400&rs-ub=10_200&rs-tw=0_3000&rs-ef=100_350&rs-sa=-1_5&rs-w=1000_3500&rs-c=0_5000&rs-y=2010_2030&s=1&p=22-50
Ford Mustang Mach-E GT (MY22) Discontinued,https://ev-database.org/car/1672/Ford-Mustang-Mach-E-GT,425.0,397.0,214.0,91.0,84.0,4.4,750.0,619.0,2348.0,"Ford Mustang Mach-E GT (MY22) Discontinued (April 2022 - November 2022) D 5 5 V2 L H G Range* 425 km Efficiency* 214 Wh/km Weight 2,348 kg 0-100 4.4 sec 1-Stop Range 397 km Battery 91.0 kWh Fastcharge 84 kW Towing 750 kg Cargo Vol. 619 L Price/range* €191 /km €77,200 €82,920 £72,830",https://ev-database.org/#group=vehicle-group&rs-pr=10000_100000&rs-er=0_1000&rs-ld=0_1000&rs-ac=2_23&rs-dcfc=0_400&rs-ub=10_200&rs-tw=0_3000&rs-ef=100_350&rs-sa=-1_5&rs-w=1000_3500&rs-c=0_5000&rs-y=2010_2030&s=1&p=22-50
ORA Funky Cat 63 kWh Discontinued,https://ev-database.org/car/1814/ORA-Funky-Cat-63-kWh,340.0,313.0,174.0,59.3,54.0,8.2,0.0,228.0,1615.0,"ORA Funky Cat 63 kWh Discontinued (April 2023 - December 2023) C 5 5 V2 L H G Range* 340 km Efficiency* 174 Wh/km Weight 1,615 kg 0-100 8.2 sec 1-Stop Range 313 km Battery 59.3 kWh Fastcharge 54 kW Towing 0 kg Cargo Vol. 228 L Price/range* €123 /km €44,490 N/A £33,795",https://ev-database.org/#group=vehicle-group&rs-pr=10000_100000&rs-er=0_1000&rs-ld=0_1000&rs-ac=2_23&rs-dcfc=0_400&rs-ub=10_200&rs-tw=0_3000&rs-ef=100_350&rs-sa=-1_5&rs-w=1000_3500&rs-c=0_5000&rs-y=2010_2030&s=1&p=22-50
Porsche Taycan Turbo Cross Turismo Available,https://ev-database.org/car/2112/Porsche-Taycan-Turbo-Cross-Turismo,495.0,636.0,196.0,97.0,267.0,2.8,0.0,489.0,2395.0,"Porsche Taycan Turbo Cross Turismo Available to order since February 2024 F 5 V2 L H G Range* 495 km Efficiency* 196 Wh/km Weight 2,395 kg 0-100 2.8 sec 1-Stop Range 636 km Battery 97.0 kWh Fastcharge 267 kW Towing 0 kg Cargo Vol. 489 L Price/range* €350 /km €177,000 €184,500 £138,200",https://ev-database.org/#group=vehicle-group&rs-pr=10000_100000&rs-er=0_1000&rs-ld=0_1000&rs-ac=2_23&rs-dcfc=0_400&rs-ub=10_200&rs-tw=0_3000&rs-ef=100_350&rs-sa=-1_5&rs-w=1000_3500&rs-c=0_5000&rs-y=2010_2030&s=1&p=22-50
Abarth 600e Competizione (MY26) Available to,https://ev-database.org/car/3514/Abarth-600e-Competizione,280.0,297.0,181.0,50.8,79.0,5.9,0.0,360.0,1700.0,"Abarth 600e Competizione (MY26) Available to order since February 2026 B 5 V2 L H G Range* 280 km Efficiency* 181 Wh/km Weight 1,700 kg 0-100 5.9 sec 1-Stop Range 297 km Battery 50.8 kWh Fastcharge 79 kW Towing 0 kg Cargo Vol. 360 L Price/range* €156 /km €45,990 €40,999 £37,995",https://ev-database.org/#group=vehicle-group&rs-pr=10000_100000&rs-er=0_1000&rs-ld=0_1000&rs-ac=2_23&rs-dcfc=0_400&rs-ub=10_200&rs-tw=0_3000&rs-ef=100_350&rs-sa=-1_5&rs-w=1000_3500&rs-c=0_5000&rs-y=2010_2030&s=1&p=22-50
Smart EQ fortwo coupe Discontinued (April,https://ev-database.org/car/1132/Smart-EQ-fortwo-coupe,100.0,71.0,167.0,16.7,0.0,11.5,0.0,260.0,1085.0,"Smart EQ fortwo coupe Discontinued (April 2018 - September 2019) A 2 V2 L H G Range 100 km Efficiency 167 Wh/km Weight 1,085 kg 0-100 11.5 sec 1-Stop Range 71 km Battery* 16.7 kWh Fastcharge 0 kW Towing 0 kg Cargo Vol. 260 L Price/range €221 /km €21,940 €23,995 £17,695",https://ev-database.org/#group=vehicle-group&rs-pr=10000_100000&rs-er=0_1000&rs-ld=0_1000&rs-ac=2_23&rs-dcfc=0_400&rs-ub=10_200&rs-tw=0_3000&rs-ef=100_350&rs-sa=-1_5&rs-w=1000_3500&rs-c=0_5000&rs-y=2010_2030&s=1&p=22-50
Volvo EC40 Twin Motor (MY25) Discontinued,https://ev-database.org/car/2137/Volvo-EC40-Twin-Motor,400.0,438.0,198.0,79.0,110.0,4.8,1800.0,435.0,2185.0,"Volvo EC40 Twin Motor (MY25) Discontinued (February 2024 - April 2025) C 5 V2 L H G Range 400 km Efficiency 198 Wh/km Weight 2,185 kg 0-100 4.8 sec 1-Stop Range 438 km Battery 79.0 kWh Fastcharge 110 kW Towing 1,800 kg Cargo Vol. 435 L Price/range €160 /km €61,290 N/A £57,805",https://ev-database.org/#group=vehicle-group&rs-pr=10000_100000&rs-er=0_1000&rs-ld=0_1000&rs-ac=2_23&rs-dcfc=0_400&rs-ub=10_200&rs-tw=0_3000&rs-ef=100_350&rs-sa=-1_5&rs-w=1000_3500&rs-c=0_5000&rs-y=2010_2030&s=1&p=22-50
Mercedes-Benz EQT 200 Long Available to,https://ev-database.org/car/2239/Mercedes-Benz-EQT-200-Long,220.0,221.0,205.0,45.0,50.0,13.3,1500.0,828.0,1944.0,"Mercedes-Benz EQT 200 Long Available to order since June 2024 N 7 V2 L H G Range* 220 km Efficiency* 205 Wh/km Weight 1,944 kg 0-100 13.3 sec 1-Stop Range 221 km Battery 45.0 kWh Fastcharge 50 kW Towing 1,500 kg Cargo Vol. 828 L Price/range* €213 /km €41,613 €52,326 N/A",https://ev-database.org/#group=vehicle-group&rs-pr=10000_100000&rs-er=0_1000&rs-ld=0_1000&rs-ac=2_23&rs-dcfc=0_400&rs-ub=10_200&rs-tw=0_3000&rs-ef=100_350&rs-sa=-1_5&rs-w=1000_3500&rs-c=0_5000&rs-y=2010_2030&s=1&p=22-50
Volvo EC40 Twin Motor Performance (MY26),https://ev-database.org/car/3157/Volvo-EC40-Twin-Motor-Performance,400.0,438.0,198.0,79.0,110.0,4.6,1800.0,435.0,2185.0,"Volvo EC40 Twin Motor Performance (MY26) Available to order since February 2025 C 5 V2 L H G Range* 400 km Efficiency* 198 Wh/km Weight 2,185 kg 0-100 4.6 sec 1-Stop Range 438 km Battery 79.0 kWh Fastcharge 110 kW Towing 1,800 kg Cargo Vol. 435 L Price/range* €159 /km €64,390 €57,995 £59,610",https://ev-database.org/#group=vehicle-group&rs-pr=10000_100000&rs-er=0_1000&rs-ld=0_1000&rs-ac=2_23&rs-dcfc=0_400&rs-ub=10_200&rs-tw=0_3000&rs-ef=100_350&rs-sa=-1_5&rs-w=1000_3500&rs-c=0_5000&rs-y=2010_2030&s=1&p=22-50
Volvo EX30 Cross Country P5 Long,https://ev-database.org/car/3482/Volvo-EX30-Cross-Country-P5-Long-Range,350.0,379.0,186.0,65.0,101.0,5.4,1600.0,325.0,1875.0,"Volvo EX30 Cross Country P5 Long Range (MY27) Available to order since February 2026 B 5 5 V2 L H G Range* 350 km Efficiency* 186 Wh/km Weight 1,875 kg 0-100 5.4 sec 1-Stop Range 379 km Battery 65.0 kWh Fastcharge 101 kW Towing 1,600 kg Cargo Vol. 325 L Price/range* €126 /km N/A €44,195 N/A",https://ev-database.org/#group=vehicle-group&rs-pr=10000_100000&rs-er=0_1000&rs-ld=0_1000&rs-ac=2_23&rs-dcfc=0_400&rs-ub=10_200&rs-tw=0_3000&rs-ef=100_350&rs-sa=-1_5&rs-w=1000_3500&rs-c=0_5000&rs-y=2010_2030&s=1&p=22-50
Mercedes-Benz EQE 350 (MY22-23) Discontinued (July,https://ev-database.org/car/1714/Mercedes-Benz-EQE-350,510.0,554.0,175.0,89.0,120.0,6.4,750.0,430.0,2385.0,"Mercedes-Benz EQE 350 (MY22-23) Discontinued (July 2022 - September 2023) E 5 5 V2 L H G Range* 510 km Efficiency* 175 Wh/km Weight 2,385 kg 0-100 6.4 sec 1-Stop Range 554 km Battery 89.0 kWh Fastcharge 120 kW Towing 750 kg Cargo Vol. 430 L Price/range* €158 /km €70,210 €83,238 £77,345",https://ev-database.org/#group=vehicle-group&rs-pr=10000_100000&rs-er=0_1000&rs-ld=0_1000&rs-ac=2_23&rs-dcfc=0_400&rs-ub=10_200&rs-tw=0_3000&rs-ef=100_350&rs-sa=-1_5&rs-w=1000_3500&rs-c=0_5000&rs-y=2010_2030&s=1&p=22-50
Mercedes-Benz EQE SUV 300 (MY23-24) Discontinued,https://ev-database.org/car/2045/Mercedes-Benz-EQE-SUV-300,450.0,485.0,201.0,90.6,141.0,7.6,750.0,520.0,2440.0,"Mercedes-Benz EQE SUV 300 (MY23-24) Discontinued (October 2023 - April 2025) E 5 5 V2 L H G Range* 450 km Efficiency* 201 Wh/km Weight 2,440 kg 0-100 7.6 sec 1-Stop Range 485 km Battery 90.6 kWh Fastcharge 141 kW Towing 750 kg Cargo Vol. 520 L Price/range* €186 /km €83,479 €83,480 N/A",https://ev-database.org/#group=vehicle-group&rs-pr=10000_100000&rs-er=0_1000&rs-ld=0_1000&rs-ac=2_23&rs-dcfc=0_400&rs-ub=10_200&rs-tw=0_3000&rs-ef=100_350&rs-sa=-1_5&rs-w=1000_3500&rs-c=0_5000&rs-y=2010_2030&s=1&p=22-50
Porsche Taycan 4S Sport Turismo Available,https://ev-database.org/car/2106/Porsche-Taycan-4S-Sport-Turismo,440.0,546.0,187.0,82.3,195.0,3.7,0.0,530.0,2270.0,"Porsche Taycan 4S Sport Turismo Available to order since February 2024 F 5 V2 L H G Range* 440 km Efficiency* 187 Wh/km Weight 2,270 kg 0-100 3.7 sec 1-Stop Range 546 km Battery 82.3 kWh Fastcharge 195 kW Towing 0 kg Cargo Vol. 530 L Price/range* €273 /km €121,800 €127,800 £96,700",https://ev-database.org/#group=vehicle-group&rs-pr=10000_100000&rs-er=0_1000&rs-ld=0_1000&rs-ac=2_23&rs-dcfc=0_400&rs-ub=10_200&rs-tw=0_3000&rs-ef=100_350&rs-sa=-1_5&rs-w=1000_3500&rs-c=0_5000&rs-y=2010_2030&s=1&p=22-50
Ford e-Tourneo Custom L2 160 kW,https://ev-database.org/car/3424/Ford-e-Tourneo-Custom-L2-160-kW-RWD,270.0,272.0,263.0,71.0,105.0,,2000.0,819.0,2432.0,"Ford e-Tourneo Custom L2 160 kW RWD Available to order since December 2025 N 8 5 V2 L H G Range* 270 km Efficiency* 263 Wh/km Weight 2,432 kg 0-100* 9.0 sec 1-Stop Range 272 km Battery 71.0 kWh Fastcharge 105 kW Towing 2,000 kg Cargo Vol. 819 L Price/range* €244 /km €62,654 €68,349 £57,923",https://ev-database.org/#group=vehicle-group&rs-pr=10000_100000&rs-er=0_1000&rs-ld=0_1000&rs-ac=2_23&rs-dcfc=0_400&rs-ub=10_200&rs-tw=0_3000&rs-ef=100_350&rs-sa=-1_5&rs-w=1000_3500&rs-c=0_5000&rs-y=2010_2030&s=1&p=22-50
Opel Vivaro-e Combi L 75 kWh,https://ev-database.org/car/1603/Opel-Vivaro-e-Combi-L-75-kWh,265.0,252.0,260.0,69.0,77.0,13.3,1000.0,912.0,2161.0,"Opel Vivaro-e Combi L 75 kWh Discontinued (October 2020 - January 2024) N 9 V2 L H G Range* 265 km Efficiency* 260 Wh/km Weight 2,161 kg 0-100 13.3 sec 1-Stop Range 252 km Battery 69.0 kWh Fastcharge 77 kW Towing 1,000 kg Cargo Vol. 912 L Price/range* €220 /km €57,775 €59,059 N/A",https://ev-database.org/#group=vehicle-group&rs-pr=10000_100000&rs-er=0_1000&rs-ld=0_1000&rs-ac=2_23&rs-dcfc=0_400&rs-ub=10_200&rs-tw=0_3000&rs-ef=100_350&rs-sa=-1_5&rs-w=1000_3500&rs-c=0_5000&rs-y=2010_2030&s=1&p=22-50
Mercedes-Benz EQE 350 4MATIC (MY22-23) Discontinued,https://ev-database.org/car/1715/Mercedes-Benz-EQE-350-4MATIC,505.0,548.0,179.0,90.6,136.0,6.3,750.0,430.0,2465.0,"Mercedes-Benz EQE 350 4MATIC (MY22-23) Discontinued (July 2022 - September 2023) E 5 5 V2 L H G Range* 505 km Efficiency* 179 Wh/km Weight 2,465 kg 0-100 6.3 sec 1-Stop Range 548 km Battery 90.6 kWh Fastcharge 136 kW Towing 750 kg Cargo Vol. 430 L Price/range* €158 /km €73,363 €86,263 N/A",https://ev-database.org/#group=vehicle-group&rs-pr=10000_100000&rs-er=0_1000&rs-ld=0_1000&rs-ac=2_23&rs-dcfc=0_400&rs-ub=10_200&rs-tw=0_3000&rs-ef=100_350&rs-sa=-1_5&rs-w=1000_3500&rs-c=0_5000&rs-y=2010_2030&s=1&p=22-50
Volkswagen e-Caravelle L2 160 kW 64,https://ev-database.org/car/3319/Volkswagen-e-Caravelle-L2-160-kW-64-kWh,245.0,247.0,260.0,63.8,75.0,8.6,2000.0,1000.0,2560.0,"Volkswagen e-Caravelle L2 160 kW 64 kWh Available to order since March 2025 N 9 V2 L H G Range* 245 km Efficiency* 260 Wh/km Weight 2,560 kg 0-100 8.6 sec 1-Stop Range 247 km Battery 63.8 kWh Fastcharge 75 kW Towing 2,000 kg Cargo Vol. 1,000 L Price/range* €288 /km €69,175 €71,690 £61,577",https://ev-database.org/#group=vehicle-group&rs-pr=10000_100000&rs-er=0_1000&rs-ld=0_1000&rs-ac=2_23&rs-dcfc=0_400&rs-ub=10_200&rs-tw=0_3000&rs-ef=100_350&rs-sa=-1_5&rs-w=1000_3500&rs-c=0_5000&rs-y=2010_2030&s=1&p=22-50
Polestar 3 Rear Motor (MY26) Available,https://ev-database.org/car/3326/Polestar-3-Rear-Motor,440.0,520.0,200.0,88.0,170.0,6.5,1500.0,508.0,2390.0,"Polestar 3 Rear Motor (MY26) Available to order since October 2025 E 5 V2 L H G Range* 440 km Efficiency* 200 Wh/km Weight 2,390 kg 0-100 6.5 sec 1-Stop Range 520 km Battery 88.0 kWh Fastcharge 170 kW Towing 1,500 kg Cargo Vol. 508 L Price/range* €183 /km N/A N/A £69,990",https://ev-database.org/#group=vehicle-group&rs-pr=10000_100000&rs-er=0_1000&rs-ld=0_1000&rs-ac=2_23&rs-dcfc=0_400&rs-ub=10_200&rs-tw=0_3000&rs-ef=100_350&rs-sa=-1_5&rs-w=1000_3500&rs-c=0_5000&rs-y=2010_2030&s=1&p=22-50
Mercedes-Benz EQV 300 Extra-Long Discontinued (October,https://ev-database.org/car/1315/Mercedes-Benz-EQV-300-Extra-Long,310.0,285.0,290.0,90.0,95.0,,0.0,1410.0,2660.0,"Mercedes-Benz EQV 300 Extra-Long Discontinued (October 2020 - February 2024) N 7 V2 L H G Range 310 km Efficiency 290 Wh/km Weight 2,660 kg 0-100* 12.1 sec 1-Stop Range 285 km Battery 90.0 kWh Fastcharge 95 kW Towing 0 kg Cargo Vol. 1,410 L Price/range €254 /km €72,519 €84,809 N/A",https://ev-database.org/#group=vehicle-group&rs-pr=10000_100000&rs-er=0_1000&rs-ld=0_1000&rs-ac=2_23&rs-dcfc=0_400&rs-ub=10_200&rs-tw=0_3000&rs-ef=100_350&rs-sa=-1_5&rs-w=1000_3500&rs-c=0_5000&rs-y=2010_2030&s=1&p=22-50
Ford Mustang Mach-E SR AWD (MY23),https://ev-database.org/car/1755/Ford-Mustang-Mach-E-SR-AWD,345.0,346.0,203.0,70.0,76.0,6.3,750.0,619.0,2138.0,"Ford Mustang Mach-E SR AWD (MY23) Discontinued (November 2022 - October 2023) D 5 5 V2 L H G Range 345 km Efficiency 203 Wh/km Weight 2,138 kg 0-100 6.3 sec 1-Stop Range 346 km Battery 70.0 kWh Fastcharge 76 kW Towing 750 kg Cargo Vol. 619 L Price/range €197 /km €69,200 €66,445 N/A",https://ev-database.org/#group=vehicle-group&rs-pr=10000_100000&rs-er=0_1000&rs-ld=0_1000&rs-ac=2_23&rs-dcfc=0_400&rs-ub=10_200&rs-tw=0_3000&rs-ef=100_350&rs-sa=-1_5&rs-w=1000_3500&rs-c=0_5000&rs-y=2010_2030&s=1&p=22-50
Ford Mustang Mach-E ER RWD (MY23.75),https://ev-database.org/car/2035/Ford-Mustang-Mach-E-ER-RWD,480.0,489.0,190.0,91.0,115.0,7.0,1500.0,619.0,2160.0,"Ford Mustang Mach-E ER RWD (MY23.75) Discontinued (October 2023 - August 2024) D 5 5 V2 L H G Range* 480 km Efficiency* 190 Wh/km Weight 2,160 kg 0-100 7.0 sec 1-Stop Range 489 km Battery 91.0 kWh Fastcharge 115 kW Towing 1,500 kg Cargo Vol. 619 L Price/range* €126 /km €58,500 €54,400 £59,830",https://ev-database.org/#group=vehicle-group&rs-pr=10000_100000&rs-er=0_1000&rs-ld=0_1000&rs-ac=2_23&rs-dcfc=0_400&rs-ub=10_200&rs-tw=0_3000&rs-ef=100_350&rs-sa=-1_5&rs-w=1000_3500&rs-c=0_5000&rs-y=2010_2030&s=1&p=22-50
Nissan Townstar EV Passenger L2 Available,https://ev-database.org/car/3084/Nissan-Townstar-EV-Passenger-L2,220.0,218.0,205.0,45.0,50.0,13.3,1500.0,819.0,1992.0,"Nissan Townstar EV Passenger L2 Available to order since June 2024 N 7 V2 L H G Range 220 km Efficiency 205 Wh/km Weight 1,992 kg 0-100 13.3 sec 1-Stop Range 218 km Battery 45.0 kWh Fastcharge 50 kW Towing 1,500 kg Cargo Vol. 819 L Price/range €195 /km N/A €42,790 N/A",https://ev-database.org/#group=vehicle-group&rs-pr=10000_100000&rs-er=0_1000&rs-ld=0_1000&rs-ac=2_23&rs-dcfc=0_400&rs-ub=10_200&rs-tw=0_3000&rs-ef=100_350&rs-sa=-1_5&rs-w=1000_3500&rs-c=0_5000&rs-y=2010_2030&s=1&p=22-50
Porsche Taycan Turbo S Discontinued (January,https://ev-database.org/car/1928/Porsche-Taycan-Turbo-S,430.0,537.0,195.0,83.7,200.0,2.8,0.0,450.0,2370.0,"Porsche Taycan Turbo S Discontinued (January 2023 - February 2024) F 5 5 V2 L H G Range* 430 km Efficiency* 195 Wh/km Weight 2,370 kg 0-100 2.8 sec 1-Stop Range 537 km Battery 83.7 kWh Fastcharge 200 kW Towing 0 kg Cargo Vol. 450 L Price/range* €445 /km €197,740 €206,163 £148,300",https://ev-database.org/#group=vehicle-group&rs-pr=10000_100000&rs-er=0_1000&rs-ld=0_1000&rs-ac=2_23&rs-dcfc=0_400&rs-ub=10_200&rs-tw=0_3000&rs-ef=100_350&rs-sa=-1_5&rs-w=1000_3500&rs-c=0_5000&rs-y=2010_2030&s=1&p=22-50
Porsche Taycan Plus Sport Turismo Available,https://ev-database.org/car/2105/Porsche-Taycan-Plus-Sport-Turismo,530.0,685.0,183.0,97.0,267.0,4.8,0.0,530.0,2270.0,"Porsche Taycan Plus Sport Turismo Available to order since February 2024 F 5 V2 L H G Range* 530 km Efficiency* 183 Wh/km Weight 2,270 kg 0-100 4.8 sec 1-Stop Range 685 km Battery 97.0 kWh Fastcharge 267 kW Towing 0 kg Cargo Vol. 530 L Price/range* €204 /km €108,124 €114,144 £89,200",https://ev-database.org/#group=vehicle-group&rs-pr=10000_100000&rs-er=0_1000&rs-ld=0_1000&rs-ac=2_23&rs-dcfc=0_400&rs-ub=10_200&rs-tw=0_3000&rs-ef=100_350&rs-sa=-1_5&rs-w=1000_3500&rs-c=0_5000&rs-y=2010_2030&s=1&p=22-50
Hyundai Kona Electric 39 kWh (MY18-19),https://ev-database.org/car/1129/Hyundai-Kona-Electric-39-kWh,245.0,221.0,160.0,39.2,37.0,9.7,0.0,332.0,1610.0,"Hyundai Kona Electric 39 kWh (MY18-19) Discontinued (September 2018 - July 2019) B 5 5 V2 L H G Range 245 km Efficiency 160 Wh/km Weight 1,610 kg 0-100 9.7 sec 1-Stop Range 221 km Battery 39.2 kWh Fastcharge 37 kW Towing 0 kg Cargo Vol. 332 L Price/range €135 /km €34,600 N/A £27,250",https://ev-database.org/#group=vehicle-group&rs-pr=10000_100000&rs-er=0_1000&rs-ld=0_1000&rs-ac=2_23&rs-dcfc=0_400&rs-ub=10_200&rs-tw=0_3000&rs-ef=100_350&rs-sa=-1_5&rs-w=1000_3500&rs-c=0_5000&rs-y=2010_2030&s=1&p=23-50
Škoda Enyaq iV RS (MY23) Discontinued,https://ev-database.org/car/1282/Skoda-Enyaq-iV-RS,420.0,448.0,183.0,77.0,103.0,6.2,1200.0,585.0,2258.0,"Škoda Enyaq iV RS (MY23) Discontinued (February 2023 - October 2023) C 5 5 V2 L H G Range* 420 km Efficiency* 183 Wh/km Weight 2,258 kg 0-100 6.2 sec 1-Stop Range 448 km Battery 77.0 kWh Fastcharge 103 kW Towing 1,200 kg Cargo Vol. 585 L Price/range* €147 /km €63,300 N/A £52,670",https://ev-database.org/#group=vehicle-group&rs-pr=10000_100000&rs-er=0_1000&rs-ld=0_1000&rs-ac=2_23&rs-dcfc=0_400&rs-ub=10_200&rs-tw=0_3000&rs-ef=100_350&rs-sa=-1_5&rs-w=1000_3500&rs-c=0_5000&rs-y=2010_2030&s=1&p=23-50
Citroën ë-Berlingo XL 50 kWh Discontinued,https://ev-database.org/car/1547/Citroen-e-Berlingo-XL-50-kWh,205.0,219.0,226.0,46.3,74.0,11.7,750.0,806.0,1813.0,"Citroën ë-Berlingo XL 50 kWh Discontinued (September 2021 - January 2024) N 7 V2 L H G Range* 205 km Efficiency* 226 Wh/km Weight 1,813 kg 0-100 11.7 sec 1-Stop Range 219 km Battery 46.3 kWh Fastcharge 74 kW Towing 750 kg Cargo Vol. 806 L Price/range* €204 /km €43,640 €43,556 £33,315",https://ev-database.org/#group=vehicle-group&rs-pr=10000_100000&rs-er=0_1000&rs-ld=0_1000&rs-ac=2_23&rs-dcfc=0_400&rs-ub=10_200&rs-tw=0_3000&rs-ef=100_350&rs-sa=-1_5&rs-w=1000_3500&rs-c=0_5000&rs-y=2010_2030&s=1&p=23-50
Tesla Model S P90DL Discontinued (July,https://ev-database.org/car/1038/Tesla-Model-S-P90DL,405.0,401.0,211.0,85.5,90.0,3.0,,895.0,2262.0,"Tesla Model S P90DL Discontinued (July 2015 - April 2016) F 5 5 V2 L H G Range* 405 km Efficiency* 211 Wh/km Weight 2,262 kg 0-100 3.0 sec 1-Stop Range 401 km Battery* 85.5 kWh Fastcharge 90 kW Towing unknown Cargo Vol. 895 L Price/range* €327 /km €131,400 €133,700 N/A",https://ev-database.org/#group=vehicle-group&rs-pr=10000_100000&rs-er=0_1000&rs-ld=0_1000&rs-ac=2_23&rs-dcfc=0_400&rs-ub=10_200&rs-tw=0_3000&rs-ef=100_350&rs-sa=-1_5&rs-w=1000_3500&rs-c=0_5000&rs-y=2010_2030&s=1&p=23-50
Tesla Model X Long Range Discontinued,https://ev-database.org/car/1175/Tesla-Model-X-Long-Range,435.0,434.0,218.0,95.0,100.0,4.9,2250.0,,2533.0,"Tesla Model X Long Range Discontinued (March 2019 - May 2019) F 7 5 V2 L H G Range 435 km Efficiency 218 Wh/km Weight 2,533 kg 0-100 4.9 sec 1-Stop Range 434 km Battery* 95.0 kWh Fastcharge 100 kW Towing 2,250 kg Cargo Vol. unknown Price/range €216 /km €91,000 €95,820 £82,350",https://ev-database.org/#group=vehicle-group&rs-pr=10000_100000&rs-er=0_1000&rs-ld=0_1000&rs-ac=2_23&rs-dcfc=0_400&rs-ub=10_200&rs-tw=0_3000&rs-ef=100_350&rs-sa=-1_5&rs-w=1000_3500&rs-c=0_5000&rs-y=2010_2030&s=1&p=23-50
Ford Mustang Mach-E GT (MY21) Discontinued,https://ev-database.org/car/1246/Ford-Mustang-Mach-E-GT,410.0,388.0,215.0,88.0,84.0,4.4,750.0,619.0,2348.0,"Ford Mustang Mach-E GT (MY21) Discontinued (July 2021 - April 2022) D 5 5 V2 L H G Range 410 km Efficiency 215 Wh/km Weight 2,348 kg 0-100 4.4 sec 1-Stop Range 388 km Battery 88.0 kWh Fastcharge 84 kW Towing 750 kg Cargo Vol. 619 L Price/range €184 /km €72,900 €76,890 £66,280",https://ev-database.org/#group=vehicle-group&rs-pr=10000_100000&rs-er=0_1000&rs-ld=0_1000&rs-ac=2_23&rs-dcfc=0_400&rs-ub=10_200&rs-tw=0_3000&rs-ef=100_350&rs-sa=-1_5&rs-w=1000_3500&rs-c=0_5000&rs-y=2010_2030&s=1&p=23-50
Kia e-Soul 39 kWh Discontinued (July,https://ev-database.org/car/1289/Kia-e-Soul-39-kWh,230.0,209.0,170.0,39.2,37.0,9.9,0.0,315.0,1610.0,"Kia e-Soul 39 kWh Discontinued (July 2020 - September 2022) B 5 V2 L H G Range 230 km Efficiency 170 Wh/km Weight 1,610 kg 0-100 9.9 sec 1-Stop Range 209 km Battery 39.2 kWh Fastcharge 37 kW Towing 0 kg Cargo Vol. 315 L Price/range €156 /km €38,090 €33,495 N/A",https://ev-database.org/#group=vehicle-group&rs-pr=10000_100000&rs-er=0_1000&rs-ld=0_1000&rs-ac=2_23&rs-dcfc=0_400&rs-ub=10_200&rs-tw=0_3000&rs-ef=100_350&rs-sa=-1_5&rs-w=1000_3500&rs-c=0_5000&rs-y=2010_2030&s=1&p=23-50
Porsche Taycan 4 Plus Available to,https://ev-database.org/car/3061/Porsche-Taycan-4-Plus,565.0,738.0,172.0,97.0,267.0,4.6,0.0,491.0,2325.0,"Porsche Taycan 4 Plus Available to order since November 2024 F 5 V2 L H G Range* 565 km Efficiency* 172 Wh/km Weight 2,325 kg 0-100 4.6 sec 1-Stop Range 738 km Battery 97.0 kWh Fastcharge 267 kW Towing 0 kg Cargo Vol. 491 L Price/range* €202 /km €111,924 €116,562 N/A",https://ev-database.org/#group=vehicle-group&rs-pr=10000_100000&rs-er=0_1000&rs-ld=0_1000&rs-ac=2_23&rs-dcfc=0_400&rs-ub=10_200&rs-tw=0_3000&rs-ef=100_350&rs-sa=-1_5&rs-w=1000_3500&rs-c=0_5000&rs-y=2010_2030&s=1&p=23-50
Volkswagen ID.5 Pure (MY26) Discontinued (July,https://ev-database.org/car/3253/Volkswagen-ID5-Pure,320.0,359.0,163.0,52.0,87.0,8.9,1000.0,549.0,1963.0,"Volkswagen ID.5 Pure (MY26) Discontinued (July 2025 - April 2026) C 5 5 V2 L H G Range* 320 km Efficiency* 163 Wh/km Weight 1,963 kg 0-100 8.9 sec 1-Stop Range 359 km Battery 52.0 kWh Fastcharge 87 kW Towing 1,000 kg Cargo Vol. 549 L Price/range* €145 /km €45,270 €47,990 £39,590",https://ev-database.org/#group=vehicle-group&rs-pr=10000_100000&rs-er=0_1000&rs-ld=0_1000&rs-ac=2_23&rs-dcfc=0_400&rs-ub=10_200&rs-tw=0_3000&rs-ef=100_350&rs-sa=-1_5&rs-w=1000_3500&rs-c=0_5000&rs-y=2010_2030&s=1&p=23-50
Volvo EX30 Cross Country P8 AWD,https://ev-database.org/car/3483/Volvo-EX30-Cross-Country-P8-AWD,330.0,361.0,197.0,65.0,101.0,3.7,1600.0,325.0,1985.0,"Volvo EX30 Cross Country P8 AWD (MY27) Available to order since February 2026 B 5 5 V2 L H G Range* 330 km Efficiency* 197 Wh/km Weight 1,985 kg 0-100 3.7 sec 1-Stop Range 361 km Battery 65.0 kWh Fastcharge 101 kW Towing 1,600 kg Cargo Vol. 325 L Price/range* €151 /km N/A €49,795 N/A",https://ev-database.org/#group=vehicle-group&rs-pr=10000_100000&rs-er=0_1000&rs-ld=0_1000&rs-ac=2_23&rs-dcfc=0_400&rs-ub=10_200&rs-tw=0_3000&rs-ef=100_350&rs-sa=-1_5&rs-w=1000_3500&rs-c=0_5000&rs-y=2010_2030&s=1&p=23-50
BMW i3s 94 Ah Discontinued (October,https://ev-database.org/car/1105/BMW-i3s-94-Ah,160.0,163.0,170.0,27.2,46.0,6.9,0.0,260.0,1340.0,"BMW i3s 94 Ah Discontinued (October 2017 - October 2018) B 4 4 V2 L H G Range 160 km Efficiency 170 Wh/km Weight 1,340 kg 0-100 6.9 sec 1-Stop Range 163 km Battery 27.2 kWh Fastcharge 46 kW Towing 0 kg Cargo Vol. 260 L Price/range €265 /km €45,750 €44,081 £32,475",https://ev-database.org/#group=vehicle-group&rs-pr=10000_100000&rs-er=0_1000&rs-ld=0_1000&rs-ac=2_23&rs-dcfc=0_400&rs-ub=10_200&rs-tw=0_3000&rs-ef=100_350&rs-sa=-1_5&rs-w=1000_3500&rs-c=0_5000&rs-y=2010_2030&s=1&p=23-50
Mercedes-Benz EQE 500 4MATIC (MY22-23) Discontinued,https://ev-database.org/car/1716/Mercedes-Benz-EQE-500-4MATIC,505.0,548.0,179.0,90.6,136.0,4.7,750.0,430.0,2475.0,"Mercedes-Benz EQE 500 4MATIC (MY22-23) Discontinued (July 2022 - September 2023) E 5 5 V2 L H G Range* 505 km Efficiency* 179 Wh/km Weight 2,475 kg 0-100 4.7 sec 1-Stop Range 548 km Battery 90.6 kWh Fastcharge 136 kW Towing 750 kg Cargo Vol. 430 L Price/range* €199 /km €87,286 €113,488 N/A",https://ev-database.org/#group=vehicle-group&rs-pr=10000_100000&rs-er=0_1000&rs-ld=0_1000&rs-ac=2_23&rs-dcfc=0_400&rs-ub=10_200&rs-tw=0_3000&rs-ef=100_350&rs-sa=-1_5&rs-w=1000_3500&rs-c=0_5000&rs-y=2010_2030&s=1&p=23-50
Mercedes-Benz EQV 300 Extra-Long Available to,https://ev-database.org/car/2274/Mercedes-Benz-EQV-300-Extra-Long,315.0,291.0,286.0,90.0,96.0,12.2,0.0,1410.0,2735.0,"Mercedes-Benz EQV 300 Extra-Long Available to order since July 2024 N 7 V2 L H G Range* 315 km Efficiency* 286 Wh/km Weight 2,735 kg 0-100 12.2 sec 1-Stop Range 291 km Battery 90.0 kWh Fastcharge 96 kW Towing 0 kg Cargo Vol. 1,410 L Price/range* €276 /km €62,897 €89,679 £93,955",https://ev-database.org/#group=vehicle-group&rs-pr=10000_100000&rs-er=0_1000&rs-ld=0_1000&rs-ac=2_23&rs-dcfc=0_400&rs-ub=10_200&rs-tw=0_3000&rs-ef=100_350&rs-sa=-1_5&rs-w=1000_3500&rs-c=0_5000&rs-y=2010_2030&s=1&p=23-50
Tesla Model X P90DL Discontinued (October,https://ev-database.org/car/1055/Tesla-Model-X-P90DL,375.0,366.0,228.0,85.5,90.0,3.4,,,2524.0,"Tesla Model X P90DL Discontinued (October 2016 - November 2016) F 7 V2 L H G Range* 375 km Efficiency* 228 Wh/km Weight 2,524 kg 0-100 3.4 sec 1-Stop Range 366 km Battery* 85.5 kWh Fastcharge 90 kW Towing unknown Cargo Vol. unknown Price/range* €382 /km €142,200 €144,600 N/A",https://ev-database.org/#group=vehicle-group&rs-pr=10000_100000&rs-er=0_1000&rs-ld=0_1000&rs-ac=2_23&rs-dcfc=0_400&rs-ub=10_200&rs-tw=0_3000&rs-ef=100_350&rs-sa=-1_5&rs-w=1000_3500&rs-c=0_5000&rs-y=2010_2030&s=1&p=23-50
Mercedes-Benz eVito Tourer Extra-Long 60 kWh,https://ev-database.org/car/1618/Mercedes-Benz-eVito-Tourer-Extra-Long-60-kWh,205.0,211.0,293.0,60.0,96.0,,0.0,1390.0,2405.0,"Mercedes-Benz eVito Tourer Extra-Long 60 kWh Discontinued (January 2022 - December 2023) N 9 V2 L H G Range* 205 km Efficiency* 293 Wh/km Weight 2,405 kg 0-100* 12.0 sec 1-Stop Range 211 km Battery 60.0 kWh Fastcharge 96 kW Towing 0 kg Cargo Vol. 1,390 L Price/range* €346 /km €61,571 €80,253 N/A",https://ev-database.org/#group=vehicle-group&rs-pr=10000_100000&rs-er=0_1000&rs-ld=0_1000&rs-ac=2_23&rs-dcfc=0_400&rs-ub=10_200&rs-tw=0_3000&rs-ef=100_350&rs-sa=-1_5&rs-w=1000_3500&rs-c=0_5000&rs-y=2010_2030&s=1&p=23-50
Abarth 500e Scorpionissima Discontinued (January 2023,https://ev-database.org/car/1790/Abarth-500e-Scorpionissima,225.0,246.0,166.0,37.3,65.0,7.0,0.0,185.0,1410.0,"Abarth 500e Scorpionissima Discontinued (January 2023 - April 2023) B 4 V2 L H G Range* 225 km Efficiency* 166 Wh/km Weight 1,410 kg 0-100 7.0 sec 1-Stop Range 246 km Battery 37.3 kWh Fastcharge 65 kW Towing 0 kg Cargo Vol. 185 L Price/range* €195 /km €43,000 €44,000 £38,695",https://ev-database.org/#group=vehicle-group&rs-pr=10000_100000&rs-er=0_1000&rs-ld=0_1000&rs-ac=2_23&rs-dcfc=0_400&rs-ub=10_200&rs-tw=0_3000&rs-ef=100_350&rs-sa=-1_5&rs-w=1000_3500&rs-c=0_5000&rs-y=2010_2030&s=1&p=23-50
Mercedes-Benz EQS SUV 500 4MATIC Available,https://ev-database.org/car/2089/Mercedes-Benz-EQS-SUV-500-4MATIC,530.0,543.0,223.0,118.0,160.0,5.3,1800.0,645.0,2840.0,"Mercedes-Benz EQS SUV 500 4MATIC Available to order since October 2023 F 7 V2 L H G Range* 530 km Efficiency* 223 Wh/km Weight 2,840 kg 0-100 5.3 sec 1-Stop Range 543 km Battery 118.0 kWh Fastcharge 160 kW Towing 1,800 kg Cargo Vol. 645 L Price/range* €257 /km €124,545 €148,173 N/A",https://ev-database.org/#group=vehicle-group&rs-pr=10000_100000&rs-er=0_1000&rs-ld=0_1000&rs-ac=2_23&rs-dcfc=0_400&rs-ub=10_200&rs-tw=0_3000&rs-ef=100_350&rs-sa=-1_5&rs-w=1000_3500&rs-c=0_5000&rs-y=2010_2030&s=1&p=23-50
Mercedes-Benz EQV 250 Long Available to,https://ev-database.org/car/2129/Mercedes-Benz-EQV-250-Long,215.0,199.0,279.0,60.0,60.0,12.0,0.0,1030.0,2594.0,"Mercedes-Benz EQV 250 Long Available to order since February 2024 N 7 V2 L H G Range* 215 km Efficiency* 279 Wh/km Weight 2,594 kg 0-100 12.0 sec 1-Stop Range 199 km Battery 60.0 kWh Fastcharge 60 kW Towing 0 kg Cargo Vol. 1,030 L Price/range* €272 /km €58,488 N/A N/A",https://ev-database.org/#group=vehicle-group&rs-pr=10000_100000&rs-er=0_1000&rs-ld=0_1000&rs-ac=2_23&rs-dcfc=0_400&rs-ub=10_200&rs-tw=0_3000&rs-ef=100_350&rs-sa=-1_5&rs-w=1000_3500&rs-c=0_5000&rs-y=2010_2030&s=1&p=23-50
Tesla Model X 60D Discontinued (October,https://ev-database.org/car/1074/Tesla-Model-X-60D,285.0,306.0,218.0,62.0,95.0,6.2,,,2427.0,"Tesla Model X 60D Discontinued (October 2016 - February 2017) F 7 V2 L H G Range* 285 km Efficiency* 218 Wh/km Weight 2,427 kg 0-100 6.2 sec 1-Stop Range 306 km Battery* 62.0 kWh Fastcharge 95 kW Towing unknown Cargo Vol. unknown Price/range* €315 /km €89,100 €90,600 N/A",https://ev-database.org/#group=vehicle-group&rs-pr=10000_100000&rs-er=0_1000&rs-ld=0_1000&rs-ac=2_23&rs-dcfc=0_400&rs-ub=10_200&rs-tw=0_3000&rs-ef=100_350&rs-sa=-1_5&rs-w=1000_3500&rs-c=0_5000&rs-y=2010_2030&s=1&p=23-50
Smart EQ fortwo cabrio Discontinued (April,https://ev-database.org/car/1133/Smart-EQ-fortwo-cabrio,95.0,65.0,176.0,16.7,0.0,11.8,0.0,260.0,1115.0,"Smart EQ fortwo cabrio Discontinued (April 2018 - September 2019) A 2 V2 L H G Range 95 km Efficiency 176 Wh/km Weight 1,115 kg 0-100 11.8 sec 1-Stop Range 65 km Battery* 16.7 kWh Fastcharge 0 kW Towing 0 kg Cargo Vol. 260 L Price/range €263 /km €25,200 €26,995 £19,835",https://ev-database.org/#group=vehicle-group&rs-pr=10000_100000&rs-er=0_1000&rs-ld=0_1000&rs-ac=2_23&rs-dcfc=0_400&rs-ub=10_200&rs-tw=0_3000&rs-ef=100_350&rs-sa=-1_5&rs-w=1000_3500&rs-c=0_5000&rs-y=2010_2030&s=1&p=23-50
Renault Zoe R90 Entry Discontinued (February,https://ev-database.org/car/1079/Renault-Zoe-R90-Entry,140.0,102.0,166.0,23.3,0.0,14.5,0.0,338.0,1502.0,"Renault Zoe R90 Entry Discontinued (February 2017 - June 2018) B 5 5 V2 L H G Range 140 km Efficiency 166 Wh/km Weight 1,502 kg 0-100 14.5 sec 1-Stop Range 102 km Battery 23.3 kWh Fastcharge 0 kW Towing 0 kg Cargo Vol. 338 L Price/range €198 /km €30,100 €30,390 £19,845",https://ev-database.org/#group=vehicle-group&rs-pr=10000_100000&rs-er=0_1000&rs-ld=0_1000&rs-ac=2_23&rs-dcfc=0_400&rs-ub=10_200&rs-tw=0_3000&rs-ef=100_350&rs-sa=-1_5&rs-w=1000_3500&rs-c=0_5000&rs-y=2010_2030&s=1&p=23-50
Lucid Air Touring (MY23-24) Discontinued (May,https://ev-database.org/car/1317/Lucid-Air-Touring,560.0,645.0,164.0,92.0,,3.6,0.0,910.0,2337.0,"Lucid Air Touring (MY23-24) Discontinued (May 2023 - September 2024) F 5 5 V2 L H G Range* 560 km Efficiency* 164 Wh/km Weight 2,337 kg 0-100 3.6 sec 1-Stop Range 645 km Battery* 92.0 kWh Fastcharge* 160 kW Towing 0 kg Cargo Vol. 910 L Price/range* €179 /km €99,000 €102,000 N/A",https://ev-database.org/#group=vehicle-group&rs-pr=10000_100000&rs-er=0_1000&rs-ld=0_1000&rs-ac=2_23&rs-dcfc=0_400&rs-ub=10_200&rs-tw=0_3000&rs-ef=100_350&rs-sa=-1_5&rs-w=1000_3500&rs-c=0_5000&rs-y=2010_2030&s=1&p=23-50
Mercedes-Benz EQE 350+ (MY23) Discontinued (June,https://ev-database.org/car/2006/Mercedes-Benz-EQE-350plus,530.0,579.0,171.0,90.6,141.0,6.4,750.0,430.0,2360.0,"Mercedes-Benz EQE 350+ (MY23) Discontinued (June 2023 - April 2024) E 5 5 V2 L H G Range* 530 km Efficiency* 171 Wh/km Weight 2,360 kg 0-100 6.4 sec 1-Stop Range 579 km Battery 90.6 kWh Fastcharge 141 kW Towing 750 kg Cargo Vol. 430 L Price/range* €155 /km N/A €82,028 N/A",https://ev-database.org/#group=vehicle-group&rs-pr=10000_100000&rs-er=0_1000&rs-ld=0_1000&rs-ac=2_23&rs-dcfc=0_400&rs-ub=10_200&rs-tw=0_3000&rs-ef=100_350&rs-sa=-1_5&rs-w=1000_3500&rs-c=0_5000&rs-y=2010_2030&s=1&p=23-50
Lotus Emeya S Discontinued (March 2024,https://ev-database.org/car/2142/Lotus-Emeya-S,520.0,693.0,190.0,98.9,328.0,4.2,2250.0,543.0,2555.0,"Lotus Emeya S Discontinued (March 2024 - April 2025) F 5 V2 L H G Range* 520 km Efficiency* 190 Wh/km Weight 2,555 kg 0-100 4.2 sec 1-Stop Range 693 km Battery 98.9 kWh Fastcharge 328 kW Towing 2,250 kg Cargo Vol. 543 L Price/range* €245 /km €126,950 €130,585 £108,755",https://ev-database.org/#group=vehicle-group&rs-pr=10000_100000&rs-er=0_1000&rs-ld=0_1000&rs-ac=2_23&rs-dcfc=0_400&rs-ub=10_200&rs-tw=0_3000&rs-ef=100_350&rs-sa=-1_5&rs-w=1000_3500&rs-c=0_5000&rs-y=2010_2030&s=1&p=23-50
Peugeot e-Traveller L3 50 kWh Available,https://ev-database.org/car/2257/Peugeot-e-Traveller-L3-50-kWh,180.0,189.0,257.0,46.3,74.0,13.3,1000.0,989.0,2056.0,"Peugeot e-Traveller L3 50 kWh Available to order since May 2024 N 9 V2 L H G Range* 180 km Efficiency* 257 Wh/km Weight 2,056 kg 0-100 13.3 sec 1-Stop Range 189 km Battery 46.3 kWh Fastcharge 74 kW Towing 1,000 kg Cargo Vol. 989 L Price/range* €300 /km €47,230 €60,781 N/A",https://ev-database.org/#group=vehicle-group&rs-pr=10000_100000&rs-er=0_1000&rs-ld=0_1000&rs-ac=2_23&rs-dcfc=0_400&rs-ub=10_200&rs-tw=0_3000&rs-ef=100_350&rs-sa=-1_5&rs-w=1000_3500&rs-c=0_5000&rs-y=2010_2030&s=1&p=23-50
Hongqi E-HS7 111 kWh AWD Pro,https://ev-database.org/car/3265/Hongqi-E-HS7-111-kWh-AWD-Pro,435.0,510.0,219.0,95.3,210.0,3.9,1500.0,705.0,2608.0,"Hongqi E-HS7 111 kWh AWD Pro Available to order since January 2025 E 5 5 V2 L H G Range 435 km Efficiency 219 Wh/km Weight 2,608 kg 0-100 3.9 sec 1-Stop Range 510 km Battery* 95.3 kWh Fastcharge 210 kW Towing 1,500 kg Cargo Vol. 705 L Price/range €172 /km N/A €74,995 N/A",https://ev-database.org/#group=vehicle-group&rs-pr=10000_100000&rs-er=0_1000&rs-ld=0_1000&rs-ac=2_23&rs-dcfc=0_400&rs-ub=10_200&rs-tw=0_3000&rs-ef=100_350&rs-sa=-1_5&rs-w=1000_3500&rs-c=0_5000&rs-y=2010_2030&s=1&p=23-50
Ford e-Tourneo Custom L2 210 kW,https://ev-database.org/car/3426/Ford-e-Tourneo-Custom-L2-210-kW-RWD,255.0,259.0,278.0,71.0,105.0,,2000.0,819.0,2807.0,"Ford e-Tourneo Custom L2 210 kW RWD Available to order since December 2025 N 8 5 V2 L H G Range* 255 km Efficiency* 278 Wh/km Weight 2,807 kg 0-100* 8.0 sec 1-Stop Range 259 km Battery 71.0 kWh Fastcharge 105 kW Towing 2,000 kg Cargo Vol. 819 L Price/range* €344 /km N/A N/A £76,187",https://ev-database.org/#group=vehicle-group&rs-pr=10000_100000&rs-er=0_1000&rs-ld=0_1000&rs-ac=2_23&rs-dcfc=0_400&rs-ub=10_200&rs-tw=0_3000&rs-ef=100_350&rs-sa=-1_5&rs-w=1000_3500&rs-c=0_5000&rs-y=2010_2030&s=1&p=23-50
Smart EQ forfour Discontinued (April 2018,https://ev-database.org/car/1134/Smart-EQ-forfour,95.0,65.0,176.0,16.7,0.0,12.7,0.0,185.0,1200.0,"Smart EQ forfour Discontinued (April 2018 - September 2019) A 4 V2 L H G Range 95 km Efficiency 176 Wh/km Weight 1,200 kg 0-100 12.7 sec 1-Stop Range 65 km Battery* 16.7 kWh Fastcharge 0 kW Towing 0 kg Cargo Vol. 185 L Price/range €237 /km €22,600 €23,995 £18,190",https://ev-database.org/#group=vehicle-group&rs-pr=10000_100000&rs-er=0_1000&rs-ld=0_1000&rs-ac=2_23&rs-dcfc=0_400&rs-ub=10_200&rs-tw=0_3000&rs-ef=100_350&rs-sa=-1_5&rs-w=1000_3500&rs-c=0_5000&rs-y=2010_2030&s=1&p=23-50
Audi e-tron S Discontinued (October 2020,https://ev-database.org/car/1271/Audi-e-tron-S,320.0,339.0,270.0,86.5,147.0,4.5,1800.0,722.0,2695.0,"Audi e-tron S Discontinued (October 2020 - September 2021) E 5 5 V2 L H G Range* 320 km Efficiency* 270 Wh/km Weight 2,695 kg 0-100 4.5 sec 1-Stop Range 339 km Battery 86.5 kWh Fastcharge 147 kW Towing 1,800 kg Cargo Vol. 722 L Price/range* €311 /km €93,800 €104,540 £87,000",https://ev-database.org/#group=vehicle-group&rs-pr=10000_100000&rs-er=0_1000&rs-ld=0_1000&rs-ac=2_23&rs-dcfc=0_400&rs-ub=10_200&rs-tw=0_3000&rs-ef=100_350&rs-sa=-1_5&rs-w=1000_3500&rs-c=0_5000&rs-y=2010_2030&s=1&p=23-50
Citroën ë-Jumpy Combi M 50 kWh,https://ev-database.org/car/1595/Citroen-e-Jumpy-Combi-M-50-kWh,185.0,196.0,250.0,46.3,74.0,12.1,1000.0,507.0,1969.0,"Citroën ë-Jumpy Combi M 50 kWh Discontinued (November 2020 - January 2024) N 9 V2 L H G Range* 185 km Efficiency* 250 Wh/km Weight 1,969 kg 0-100 12.1 sec 1-Stop Range 196 km Battery 46.3 kWh Fastcharge 74 kW Towing 1,000 kg Cargo Vol. 507 L Price/range* €270 /km €51,940 €48,008 N/A",https://ev-database.org/#group=vehicle-group&rs-pr=10000_100000&rs-er=0_1000&rs-ld=0_1000&rs-ac=2_23&rs-dcfc=0_400&rs-ub=10_200&rs-tw=0_3000&rs-ef=100_350&rs-sa=-1_5&rs-w=1000_3500&rs-c=0_5000&rs-y=2010_2030&s=1&p=23-50
Porsche Taycan 4S Plus Sport Turismo,https://ev-database.org/car/1624/Porsche-Taycan-4S-Plus-Sport-Turismo,430.0,535.0,195.0,83.7,200.0,4.0,0.0,530.0,2325.0,"Porsche Taycan 4S Plus Sport Turismo Discontinued (March 2022 - February 2024) F 5 5 V2 L H G Range* 430 km Efficiency* 195 Wh/km Weight 2,325 kg 0-100 4.0 sec 1-Stop Range 535 km Battery 83.7 kWh Fastcharge 200 kW Towing 0 kg Cargo Vol. 530 L Price/range* €277 /km €120,081 €127,294 £95,996",https://ev-database.org/#group=vehicle-group&rs-pr=10000_100000&rs-er=0_1000&rs-ld=0_1000&rs-ac=2_23&rs-dcfc=0_400&rs-ub=10_200&rs-tw=0_3000&rs-ef=100_350&rs-sa=-1_5&rs-w=1000_3500&rs-c=0_5000&rs-y=2010_2030&s=1&p=23-50
Porsche Taycan Turbo Discontinued (January 2023,https://ev-database.org/car/1927/Porsche-Taycan-Turbo,445.0,556.0,188.0,83.7,200.0,3.2,0.0,450.0,2380.0,"Porsche Taycan Turbo Discontinued (January 2023 - February 2024) F 5 5 V2 L H G Range* 445 km Efficiency* 188 Wh/km Weight 2,380 kg 0-100 3.2 sec 1-Stop Range 556 km Battery 83.7 kWh Fastcharge 200 kW Towing 0 kg Cargo Vol. 450 L Price/range* €360 /km €164,420 €171,763 £125,800",https://ev-database.org/#group=vehicle-group&rs-pr=10000_100000&rs-er=0_1000&rs-ld=0_1000&rs-ac=2_23&rs-dcfc=0_400&rs-ub=10_200&rs-tw=0_3000&rs-ef=100_350&rs-sa=-1_5&rs-w=1000_3500&rs-c=0_5000&rs-y=2010_2030&s=1&p=23-50
BMW i5 M60 xDrive Touring (MY24),https://ev-database.org/car/2115/BMW-i5-M60-xDrive-Touring,415.0,469.0,196.0,81.2,123.0,3.9,2000.0,570.0,2425.0,"BMW i5 M60 xDrive Touring (MY24) Discontinued (February 2024 - April 2025) E 5 5 V2 L H G Range* 415 km Efficiency* 196 Wh/km Weight 2,425 kg 0-100 3.9 sec 1-Stop Range 469 km Battery 81.2 kWh Fastcharge 123 kW Towing 2,000 kg Cargo Vol. 570 L Price/range* €263 /km €101,500 €111,520 £99,995",https://ev-database.org/#group=vehicle-group&rs-pr=10000_100000&rs-er=0_1000&rs-ld=0_1000&rs-ac=2_23&rs-dcfc=0_400&rs-ub=10_200&rs-tw=0_3000&rs-ef=100_350&rs-sa=-1_5&rs-w=1000_3500&rs-c=0_5000&rs-y=2010_2030&s=1&p=23-50
Mercedes-Benz eVito Tourer Extra-Long 60 kWh,https://ev-database.org/car/2139/Mercedes-Benz-eVito-Tourer-Extra-Long-60-kWh,215.0,201.0,279.0,60.0,60.0,12.0,0.0,1390.0,2596.0,"Mercedes-Benz eVito Tourer Extra-Long 60 kWh Available to order since February 2024 N 8 V2 L H G Range* 215 km Efficiency* 279 Wh/km Weight 2,596 kg 0-100 12.0 sec 1-Stop Range 201 km Battery 60.0 kWh Fastcharge 60 kW Towing 0 kg Cargo Vol. 1,390 L Price/range* €322 /km €69,309 N/A N/A",https://ev-database.org/#group=vehicle-group&rs-pr=10000_100000&rs-er=0_1000&rs-ld=0_1000&rs-ac=2_23&rs-dcfc=0_400&rs-ub=10_200&rs-tw=0_3000&rs-ef=100_350&rs-sa=-1_5&rs-w=1000_3500&rs-c=0_5000&rs-y=2010_2030&s=1&p=23-50
Porsche Taycan Turbo S Cross Turismo,https://ev-database.org/car/1439/Porsche-Taycan-Turbo-S-Cross-Turismo,380.0,468.0,220.0,83.7,200.0,2.9,0.0,489.0,2395.0,"Porsche Taycan Turbo S Cross Turismo Discontinued (July 2021 - January 2023) F 5 V2 L H G Range* 380 km Efficiency* 220 Wh/km Weight 2,395 kg 0-100 2.9 sec 1-Stop Range 468 km Battery 83.7 kWh Fastcharge 200 kW Towing 0 kg Cargo Vol. 489 L Price/range* €486 /km €191,096 €198,400 £143,400",https://ev-database.org/#group=vehicle-group&rs-pr=10000_100000&rs-er=0_1000&rs-ld=0_1000&rs-ac=2_23&rs-dcfc=0_400&rs-ub=10_200&rs-tw=0_3000&rs-ef=100_350&rs-sa=-1_5&rs-w=1000_3500&rs-c=0_5000&rs-y=2010_2030&s=1&p=23-50
Volkswagen ID.4 Pro 4MOTION Discontinued (June,https://ev-database.org/car/1702/Volkswagen-ID4-Pro-4MOTION,405.0,432.0,190.0,77.0,103.0,6.9,1200.0,543.0,2221.0,"Volkswagen ID.4 Pro 4MOTION Discontinued (June 2022 - October 2023) C 5 5 V2 L H G Range* 405 km Efficiency* 190 Wh/km Weight 2,221 kg 0-100 6.9 sec 1-Stop Range 432 km Battery 77.0 kWh Fastcharge 103 kW Towing 1,200 kg Cargo Vol. 543 L Price/range* €121 /km €49,020 N/A N/A",https://ev-database.org/#group=vehicle-group&rs-pr=10000_100000&rs-er=0_1000&rs-ld=0_1000&rs-ac=2_23&rs-dcfc=0_400&rs-ub=10_200&rs-tw=0_3000&rs-ef=100_350&rs-sa=-1_5&rs-w=1000_3500&rs-c=0_5000&rs-y=2010_2030&s=1&p=23-50
Kia e-Soul 39.2 kWh Discontinued (September,https://ev-database.org/car/1750/Kia-e-Soul-392-kWh,230.0,209.0,170.0,39.2,37.0,9.9,0.0,315.0,1610.0,"Kia e-Soul 39.2 kWh Discontinued (September 2022 - May 2024) B 5 V2 L H G Range 230 km Efficiency 170 Wh/km Weight 1,610 kg 0-100 9.9 sec 1-Stop Range 209 km Battery 39.2 kWh Fastcharge 37 kW Towing 0 kg Cargo Vol. 315 L Price/range €167 /km €40,290 €37,295 £32,875",https://ev-database.org/#group=vehicle-group&rs-pr=10000_100000&rs-er=0_1000&rs-ld=0_1000&rs-ac=2_23&rs-dcfc=0_400&rs-ub=10_200&rs-tw=0_3000&rs-ef=100_350&rs-sa=-1_5&rs-w=1000_3500&rs-c=0_5000&rs-y=2010_2030&s=1&p=23-50
Jeep Avenger Electric 1st Edition Discontinued,https://ev-database.org/car/1794/Jeep-Avenger-Electric-1st-Edition,310.0,330.0,164.0,50.8,79.0,9.0,0.0,355.0,1611.0,"Jeep Avenger Electric 1st Edition Discontinued (January 2023 - April 2023) B 5 3 V2 L H G Range 310 km Efficiency 164 Wh/km Weight 1,611 kg 0-100 9.0 sec 1-Stop Range 330 km Battery 50.8 kWh Fastcharge 79 kW Towing 0 kg Cargo Vol. 355 L Price/range €132 /km €39,900 N/A £36,500",https://ev-database.org/#group=vehicle-group&rs-pr=10000_100000&rs-er=0_1000&rs-ld=0_1000&rs-ac=2_23&rs-dcfc=0_400&rs-ub=10_200&rs-tw=0_3000&rs-ef=100_350&rs-sa=-1_5&rs-w=1000_3500&rs-c=0_5000&rs-y=2010_2030&s=1&p=23-50
Porsche Taycan 4S Discontinued (January 2023,https://ev-database.org/car/1925/Porsche-Taycan-4S,415.0,518.0,171.0,71.0,171.0,4.0,0.0,491.0,2215.0,"Porsche Taycan 4S Discontinued (January 2023 - February 2024) F 5 5 V2 L H G Range* 415 km Efficiency* 171 Wh/km Weight 2,215 kg 0-100 4.0 sec 1-Stop Range 518 km Battery 71.0 kWh Fastcharge 171 kW Towing 0 kg Cargo Vol. 491 L Price/range* €273 /km €114,559 €120,564 £90,700",https://ev-database.org/#group=vehicle-group&rs-pr=10000_100000&rs-er=0_1000&rs-ld=0_1000&rs-ac=2_23&rs-dcfc=0_400&rs-ub=10_200&rs-tw=0_3000&rs-ef=100_350&rs-sa=-1_5&rs-w=1000_3500&rs-c=0_5000&rs-y=2010_2030&s=1&p=23-50
Porsche Taycan Turbo Sport Turismo Available,https://ev-database.org/car/2108/Porsche-Taycan-Turbo-Sport-Turismo,505.0,655.0,192.0,97.0,267.0,2.7,0.0,489.0,2390.0,"Porsche Taycan Turbo Sport Turismo Available to order since February 2024 F 5 V2 L H G Range* 505 km Efficiency* 192 Wh/km Weight 2,390 kg 0-100 2.7 sec 1-Stop Range 655 km Battery 97.0 kWh Fastcharge 267 kW Towing 0 kg Cargo Vol. 489 L Price/range* €341 /km €176,600 €184,000 £136,200",https://ev-database.org/#group=vehicle-group&rs-pr=10000_100000&rs-er=0_1000&rs-ld=0_1000&rs-ac=2_23&rs-dcfc=0_400&rs-ub=10_200&rs-tw=0_3000&rs-ef=100_350&rs-sa=-1_5&rs-w=1000_3500&rs-c=0_5000&rs-y=2010_2030&s=1&p=23-50
Mercedes-Benz EQE AMG 53 4MATIC+ (MY24),https://ev-database.org/car/2209/Mercedes-Benz-EQE-AMG-53-4MATICplus,450.0,491.0,201.0,90.6,141.0,3.5,1700.0,430.0,2540.0,"Mercedes-Benz EQE AMG 53 4MATIC+ (MY24) Discontinued (April 2024 - June 2025) E 5 5 V2 L H G Range* 450 km Efficiency* 201 Wh/km Weight 2,540 kg 0-100 3.5 sec 1-Stop Range 491 km Battery 90.6 kWh Fastcharge 141 kW Towing 1,700 kg Cargo Vol. 430 L Price/range* €267 /km €110,706 €128,613 £105,860",https://ev-database.org/#group=vehicle-group&rs-pr=10000_100000&rs-er=0_1000&rs-ld=0_1000&rs-ac=2_23&rs-dcfc=0_400&rs-ub=10_200&rs-tw=0_3000&rs-ef=100_350&rs-sa=-1_5&rs-w=1000_3500&rs-c=0_5000&rs-y=2010_2030&s=1&p=23-50
GWM ORA 07 Pro Available to,https://ev-database.org/car/2246/GWM-ORA-07-Pro,350.0,339.0,184.0,64.3,75.0,8.2,0.0,333.0,2065.0,"GWM ORA 07 Pro Available to order since July 2024 D 5 V2 L H G Range* 350 km Efficiency* 184 Wh/km Weight 2,065 kg 0-100 8.2 sec 1-Stop Range 339 km Battery 64.3 kWh Fastcharge 75 kW Towing 0 kg Cargo Vol. 333 L Price/range* €127 /km €44,490 N/A N/A",https://ev-database.org/#group=vehicle-group&rs-pr=10000_100000&rs-er=0_1000&rs-ld=0_1000&rs-ac=2_23&rs-dcfc=0_400&rs-ub=10_200&rs-tw=0_3000&rs-ef=100_350&rs-sa=-1_5&rs-w=1000_3500&rs-c=0_5000&rs-y=2010_2030&s=1&p=23-50
Škoda Enyaq Coupe 85x (MY26) Discontinued,https://ev-database.org/car/3376/Skoda-Enyaq-Coupe-85x,460.0,511.0,167.0,77.0,120.0,6.7,1800.0,570.0,2234.0,"Škoda Enyaq Coupe 85x (MY26) Discontinued (October 2025 - April 2026) C 5 5 V2 L H G Range 460 km Efficiency 167 Wh/km Weight 2,234 kg 0-100 6.7 sec 1-Stop Range 511 km Battery 77.0 kWh Fastcharge 120 kW Towing 1,800 kg Cargo Vol. 570 L Price/range €122 /km €53,750 N/A £51,170",https://ev-database.org/#group=vehicle-group&rs-pr=10000_100000&rs-er=0_1000&rs-ld=0_1000&rs-ac=2_23&rs-dcfc=0_400&rs-ub=10_200&rs-tw=0_3000&rs-ef=100_350&rs-sa=-1_5&rs-w=1000_3500&rs-c=0_5000&rs-y=2010_2030&s=1&p=23-50
Peugeot e-Traveller Standard 75 kWh Discontinued,https://ev-database.org/car/1353/Peugeot-e-Traveller-Standard-75-kWh,265.0,252.0,260.0,69.0,77.0,14.3,1000.0,603.0,2131.0,"Peugeot e-Traveller Standard 75 kWh Discontinued (February 2021 - January 2024) N 9 V2 L H G Range* 265 km Efficiency* 260 Wh/km Weight 2,131 kg 0-100 14.3 sec 1-Stop Range 252 km Battery 69.0 kWh Fastcharge 77 kW Towing 1,000 kg Cargo Vol. 603 L Price/range* €238 /km €59,640 €66,442 N/A",https://ev-database.org/#group=vehicle-group&rs-pr=10000_100000&rs-er=0_1000&rs-ld=0_1000&rs-ac=2_23&rs-dcfc=0_400&rs-ub=10_200&rs-tw=0_3000&rs-ef=100_350&rs-sa=-1_5&rs-w=1000_3500&rs-c=0_5000&rs-y=2010_2030&s=1&p=23-50
Peugeot e-Traveller Long 75 kWh Discontinued,https://ev-database.org/car/1354/Peugeot-e-Traveller-Long-75-kWh,265.0,252.0,260.0,69.0,77.0,14.3,1000.0,989.0,2161.0,"Peugeot e-Traveller Long 75 kWh Discontinued (February 2021 - January 2024) N 9 V2 L H G Range* 265 km Efficiency* 260 Wh/km Weight 2,161 kg 0-100 14.3 sec 1-Stop Range 252 km Battery 69.0 kWh Fastcharge 77 kW Towing 1,000 kg Cargo Vol. 989 L Price/range* €243 /km €60,430 €68,378 N/A",https://ev-database.org/#group=vehicle-group&rs-pr=10000_100000&rs-er=0_1000&rs-ld=0_1000&rs-ac=2_23&rs-dcfc=0_400&rs-ub=10_200&rs-tw=0_3000&rs-ef=100_350&rs-sa=-1_5&rs-w=1000_3500&rs-c=0_5000&rs-y=2010_2030&s=1&p=23-50
Opel Combo-e Life XL 50 kWh,https://ev-database.org/car/1545/Opel-Combo-e-Life-XL-50-kWh,200.0,212.0,232.0,46.3,74.0,11.7,750.0,806.0,1813.0,"Opel Combo-e Life XL 50 kWh Discontinued (October 2021 - January 2024) N 7 V2 L H G Range* 200 km Efficiency* 232 Wh/km Weight 1,813 kg 0-100 11.7 sec 1-Stop Range 212 km Battery 46.3 kWh Fastcharge 74 kW Towing 750 kg Cargo Vol. 806 L Price/range* €212 /km €44,750 N/A £34,685",https://ev-database.org/#group=vehicle-group&rs-pr=10000_100000&rs-er=0_1000&rs-ld=0_1000&rs-ac=2_23&rs-dcfc=0_400&rs-ub=10_200&rs-tw=0_3000&rs-ef=100_350&rs-sa=-1_5&rs-w=1000_3500&rs-c=0_5000&rs-y=2010_2030&s=1&p=23-50
Ford Mustang Mach-E SR AWD (MY24),https://ev-database.org/car/2276/Ford-Mustang-Mach-E-SR-AWD,350.0,372.0,207.0,72.6,100.0,6.2,750.0,619.0,2276.0,"Ford Mustang Mach-E SR AWD (MY24) Discontinued (August 2024 - April 2025) D 5 5 V2 L H G Range* 350 km Efficiency* 207 Wh/km Weight 2,276 kg 0-100 6.2 sec 1-Stop Range 372 km Battery 72.6 kWh Fastcharge 100 kW Towing 750 kg Cargo Vol. 619 L Price/range* €165 /km €57,900 N/A N/A",https://ev-database.org/#group=vehicle-group&rs-pr=10000_100000&rs-er=0_1000&rs-ld=0_1000&rs-ac=2_23&rs-dcfc=0_400&rs-ub=10_200&rs-tw=0_3000&rs-ef=100_350&rs-sa=-1_5&rs-w=1000_3500&rs-c=0_5000&rs-y=2010_2030&s=1&p=23-50
Mercedes-Benz EQV 250 Long Discontinued (October,https://ev-database.org/car/1542/Mercedes-Benz-EQV-250-Long,205.0,193.0,293.0,60.0,60.0,,0.0,1030.0,2576.0,"Mercedes-Benz EQV 250 Long Discontinued (October 2021 - February 2024) N 7 V2 L H G Range 205 km Efficiency 293 Wh/km Weight 2,576 kg 0-100* 12.0 sec 1-Stop Range 193 km Battery 60.0 kWh Fastcharge 60 kW Towing 0 kg Cargo Vol. 1,030 L Price/range €332 /km €68,056 N/A N/A",https://ev-database.org/#group=vehicle-group&rs-pr=10000_100000&rs-er=0_1000&rs-ld=0_1000&rs-ac=2_23&rs-dcfc=0_400&rs-ub=10_200&rs-tw=0_3000&rs-ef=100_350&rs-sa=-1_5&rs-w=1000_3500&rs-c=0_5000&rs-y=2010_2030&s=1&p=23-50
NIO EL7 Standard Range Discontinued (December,https://ev-database.org/car/1788/NIO-EL7-Standard-Range,355.0,376.0,207.0,73.5,110.0,3.9,2000.0,570.0,2421.0,"NIO EL7 Standard Range Discontinued (December 2022 - March 2025) F 5 5 V2 L H G Range* 355 km Efficiency* 207 Wh/km Weight 2,421 kg 0-100 3.9 sec 1-Stop Range 376 km Battery 73.5 kWh Fastcharge 110 kW Towing 2,000 kg Cargo Vol. 570 L Price/range* €246 /km €85,900 €88,900 N/A",https://ev-database.org/#group=vehicle-group&rs-pr=10000_100000&rs-er=0_1000&rs-ld=0_1000&rs-ac=2_23&rs-dcfc=0_400&rs-ub=10_200&rs-tw=0_3000&rs-ef=100_350&rs-sa=-1_5&rs-w=1000_3500&rs-c=0_5000&rs-y=2010_2030&s=1&p=23-50
Škoda Enyaq Coupe 60 (MY24) Discontinued,https://ev-database.org/car/2023/Skoda-Enyaq-Coupe-60,345.0,375.0,168.0,58.0,82.0,8.8,1000.0,570.0,2000.0,"Škoda Enyaq Coupe 60 (MY24) Discontinued (October 2023 - June 2024) C 5 5 V2 L H G Range* 345 km Efficiency* 168 Wh/km Weight 2,000 kg 0-100 8.8 sec 1-Stop Range 375 km Battery 58.0 kWh Fastcharge 82 kW Towing 1,000 kg Cargo Vol. 570 L Price/range* €137 /km €46,850 €47,990 N/A",https://ev-database.org/#group=vehicle-group&rs-pr=10000_100000&rs-er=0_1000&rs-ld=0_1000&rs-ac=2_23&rs-dcfc=0_400&rs-ub=10_200&rs-tw=0_3000&rs-ef=100_350&rs-sa=-1_5&rs-w=1000_3500&rs-c=0_5000&rs-y=2010_2030&s=1&p=23-50
Lotus Eletre S Discontinued (March 2023,https://ev-database.org/car/2066/Lotus-Eletre-S,480.0,587.0,227.0,109.0,246.0,4.5,2250.0,657.0,2595.0,"Lotus Eletre S Discontinued (March 2023 - April 2025) F 5 V2 L H G Range* 480 km Efficiency* 227 Wh/km Weight 2,595 kg 0-100 4.5 sec 1-Stop Range 587 km Battery 109.0 kWh Fastcharge 246 kW Towing 2,250 kg Cargo Vol. 657 L Price/range* €255 /km €121,990 €124,090 £105,805",https://ev-database.org/#group=vehicle-group&rs-pr=10000_100000&rs-er=0_1000&rs-ld=0_1000&rs-ac=2_23&rs-dcfc=0_400&rs-ub=10_200&rs-tw=0_3000&rs-ef=100_350&rs-sa=-1_5&rs-w=1000_3500&rs-c=0_5000&rs-y=2010_2030&s=1&p=24-50
Citroën ë-SpaceTourer XL 75 kWh Available,https://ev-database.org/car/2255/Citroen-e-SpaceTourer-XL-75-kWh,265.0,252.0,260.0,69.0,77.0,14.2,1000.0,989.0,2240.0,"Citroën ë-SpaceTourer XL 75 kWh Available to order since April 2024 N 9 V2 L H G Range* 265 km Efficiency* 260 Wh/km Weight 2,240 kg 0-100 14.2 sec 1-Stop Range 252 km Battery 69.0 kWh Fastcharge 77 kW Towing 1,000 kg Cargo Vol. 989 L Price/range* €217 /km €53,230 €69,781 £42,935",https://ev-database.org/#group=vehicle-group&rs-pr=10000_100000&rs-er=0_1000&rs-ld=0_1000&rs-ac=2_23&rs-dcfc=0_400&rs-ub=10_200&rs-tw=0_3000&rs-ef=100_350&rs-sa=-1_5&rs-w=1000_3500&rs-c=0_5000&rs-y=2010_2030&s=1&p=24-50
Volkswagen e-Caravelle L1 210 kW 64,https://ev-database.org/car/3317/Volkswagen-e-Caravelle-L1-210-kW-64-kWh,245.0,247.0,260.0,63.8,75.0,7.4,2000.0,800.0,2523.0,"Volkswagen e-Caravelle L1 210 kW 64 kWh Available to order since March 2025 N 9 V2 L H G Range* 245 km Efficiency* 260 Wh/km Weight 2,523 kg 0-100 7.4 sec 1-Stop Range 247 km Battery 63.8 kWh Fastcharge 75 kW Towing 2,000 kg Cargo Vol. 800 L Price/range* €300 /km €70,210 €73,890 £66,335",https://ev-database.org/#group=vehicle-group&rs-pr=10000_100000&rs-er=0_1000&rs-ld=0_1000&rs-ac=2_23&rs-dcfc=0_400&rs-ub=10_200&rs-tw=0_3000&rs-ef=100_350&rs-sa=-1_5&rs-w=1000_3500&rs-c=0_5000&rs-y=2010_2030&s=1&p=24-50
Citroën ë-SpaceTourer M 50 kWh Discontinued,https://ev-database.org/car/1341/Citroen-e-SpaceTourer-M-50-kWh,185.0,196.0,250.0,46.3,74.0,12.1,1000.0,507.0,1969.0,"Citroën ë-SpaceTourer M 50 kWh Discontinued (November 2020 - January 2024) N 9 V2 L H G Range* 185 km Efficiency* 250 Wh/km Weight 1,969 kg 0-100 12.1 sec 1-Stop Range 196 km Battery 46.3 kWh Fastcharge 74 kW Towing 1,000 kg Cargo Vol. 507 L Price/range* €276 /km €53,640 €57,083 £37,045",https://ev-database.org/#group=vehicle-group&rs-pr=10000_100000&rs-er=0_1000&rs-ld=0_1000&rs-ac=2_23&rs-dcfc=0_400&rs-ub=10_200&rs-tw=0_3000&rs-ef=100_350&rs-sa=-1_5&rs-w=1000_3500&rs-c=0_5000&rs-y=2010_2030&s=1&p=24-50
Opel Zafira-e Life M 50 kWh,https://ev-database.org/car/1346/Opel-Zafira-e-Life-M-50-kWh,185.0,196.0,250.0,46.3,74.0,12.1,1000.0,,1969.0,"Opel Zafira-e Life M 50 kWh Discontinued (November 2020 - January 2024) N 9 V2 L H G Range* 185 km Efficiency* 250 Wh/km Weight 1,969 kg 0-100 12.1 sec 1-Stop Range 196 km Battery 46.3 kWh Fastcharge 74 kW Towing 1,000 kg Cargo Vol. unknown Price/range* €306 /km €63,250 €57,183 £42,735",https://ev-database.org/#group=vehicle-group&rs-pr=10000_100000&rs-er=0_1000&rs-ld=0_1000&rs-ac=2_23&rs-dcfc=0_400&rs-ub=10_200&rs-tw=0_3000&rs-ef=100_350&rs-sa=-1_5&rs-w=1000_3500&rs-c=0_5000&rs-y=2010_2030&s=1&p=24-50
Škoda Enyaq Coupe 85x (MY24) Discontinued,https://ev-database.org/car/2025/Skoda-Enyaq-Coupe-85x,455.0,503.0,169.0,77.0,120.0,6.6,1200.0,570.0,2230.0,"Škoda Enyaq Coupe 85x (MY24) Discontinued (September 2023 - January 2025) C 5 5 V2 L H G Range* 455 km Efficiency* 169 Wh/km Weight 2,230 kg 0-100 6.6 sec 1-Stop Range 503 km Battery 77.0 kWh Fastcharge 120 kW Towing 1,200 kg Cargo Vol. 570 L Price/range* €122 /km €53,400 N/A £50,305",https://ev-database.org/#group=vehicle-group&rs-pr=10000_100000&rs-er=0_1000&rs-ld=0_1000&rs-ac=2_23&rs-dcfc=0_400&rs-ub=10_200&rs-tw=0_3000&rs-ef=100_350&rs-sa=-1_5&rs-w=1000_3500&rs-c=0_5000&rs-y=2010_2030&s=1&p=24-50
Mercedes-Benz eVito Tourer Long 60 kWh,https://ev-database.org/car/2138/Mercedes-Benz-eVito-Tourer-Long-60-kWh,220.0,205.0,273.0,60.0,60.0,12.0,0.0,990.0,2448.0,"Mercedes-Benz eVito Tourer Long 60 kWh Available to order since February 2024 N 8 V2 L H G Range* 220 km Efficiency* 273 Wh/km Weight 2,448 kg 0-100 12.0 sec 1-Stop Range 205 km Battery 60.0 kWh Fastcharge 60 kW Towing 0 kg Cargo Vol. 990 L Price/range* €311 /km €68,398 N/A N/A",https://ev-database.org/#group=vehicle-group&rs-pr=10000_100000&rs-er=0_1000&rs-ld=0_1000&rs-ac=2_23&rs-dcfc=0_400&rs-ub=10_200&rs-tw=0_3000&rs-ef=100_350&rs-sa=-1_5&rs-w=1000_3500&rs-c=0_5000&rs-y=2010_2030&s=1&p=24-50
Lucid Air Touring (MY25) Discontinued (September,https://ev-database.org/car/3270/Lucid-Air-Touring,605.0,689.0,159.0,96.0,160.0,3.6,0.0,910.0,2337.0,"Lucid Air Touring (MY25) Discontinued (September 2024 - August 2025) F 5 5 V2 L H G Range* 605 km Efficiency* 159 Wh/km Weight 2,337 kg 0-100 3.6 sec 1-Stop Range 689 km Battery* 96.0 kWh Fastcharge 160 kW Towing 0 kg Cargo Vol. 910 L Price/range* €192 /km €99,900 €132,000 N/A",https://ev-database.org/#group=vehicle-group&rs-pr=10000_100000&rs-er=0_1000&rs-ld=0_1000&rs-ac=2_23&rs-dcfc=0_400&rs-ub=10_200&rs-tw=0_3000&rs-ef=100_350&rs-sa=-1_5&rs-w=1000_3500&rs-c=0_5000&rs-y=2010_2030&s=1&p=24-50
Ford e-Tourneo Custom L2 210 kW,https://ev-database.org/car/3427/Ford-e-Tourneo-Custom-L2-210-kW-AWD,250.0,257.0,284.0,71.0,105.0,,2300.0,819.0,2900.0,"Ford e-Tourneo Custom L2 210 kW AWD Available to order since December 2025 N 8 5 V2 L H G Range* 250 km Efficiency* 284 Wh/km Weight 2,900 kg 0-100* 7.0 sec 1-Stop Range 257 km Battery 71.0 kWh Fastcharge 105 kW Towing 2,300 kg Cargo Vol. 819 L Price/range* €315 /km €78,659 N/A N/A",https://ev-database.org/#group=vehicle-group&rs-pr=10000_100000&rs-er=0_1000&rs-ld=0_1000&rs-ac=2_23&rs-dcfc=0_400&rs-ub=10_200&rs-tw=0_3000&rs-ef=100_350&rs-sa=-1_5&rs-w=1000_3500&rs-c=0_5000&rs-y=2010_2030&s=1&p=24-50
Škoda Enyaq Coupe iV 80x (MY23),https://ev-database.org/car/1630/Skoda-Enyaq-Coupe-iV-80x,435.0,464.0,177.0,77.0,103.0,7.0,1200.0,575.0,2214.0,"Škoda Enyaq Coupe iV 80x (MY23) Discontinued (January 2023 - October 2023) C 5 5 V2 L H G Range* 435 km Efficiency* 177 Wh/km Weight 2,214 kg 0-100 7.0 sec 1-Stop Range 464 km Battery 77.0 kWh Fastcharge 103 kW Towing 1,200 kg Cargo Vol. 575 L Price/range* €135 /km €56,650 N/A £52,505",https://ev-database.org/#group=vehicle-group&rs-pr=10000_100000&rs-er=0_1000&rs-ld=0_1000&rs-ac=2_23&rs-dcfc=0_400&rs-ub=10_200&rs-tw=0_3000&rs-ef=100_350&rs-sa=-1_5&rs-w=1000_3500&rs-c=0_5000&rs-y=2010_2030&s=1&p=24-50
Audi Q4 Sportback e-tron 35 (MY24),https://ev-database.org/car/2249/Audi-Q4-Sportback-e-tron-35,300.0,341.0,173.0,52.0,90.0,9.0,1000.0,535.0,1990.0,"Audi Q4 Sportback e-tron 35 (MY24) Discontinued (July 2024 - March 2025) C 5 5 V2 L H G Range* 300 km Efficiency* 173 Wh/km Weight 1,990 kg 0-100 9.0 sec 1-Stop Range 341 km Battery 52.0 kWh Fastcharge 90 kW Towing 1,000 kg Cargo Vol. 535 L Price/range* €159 /km €47,600 N/A N/A",https://ev-database.org/#group=vehicle-group&rs-pr=10000_100000&rs-er=0_1000&rs-ld=0_1000&rs-ac=2_23&rs-dcfc=0_400&rs-ub=10_200&rs-tw=0_3000&rs-ef=100_350&rs-sa=-1_5&rs-w=1000_3500&rs-c=0_5000&rs-y=2010_2030&s=1&p=24-50
Mercedes-Benz EQE SUV 350+ (MY23) Discontinued,https://ev-database.org/car/1760/Mercedes-Benz-EQE-SUV-350plus,450.0,485.0,201.0,90.6,141.0,6.7,750.0,520.0,2430.0,"Mercedes-Benz EQE SUV 350+ (MY23) Discontinued (December 2022 - October 2023) E 5 V2 L H G Range* 450 km Efficiency* 201 Wh/km Weight 2,430 kg 0-100 6.7 sec 1-Stop Range 485 km Battery 90.6 kWh Fastcharge 141 kW Towing 750 kg Cargo Vol. 520 L Price/range* €199 /km €86,811 €91,950 N/A",https://ev-database.org/#group=vehicle-group&rs-pr=10000_100000&rs-er=0_1000&rs-ld=0_1000&rs-ac=2_23&rs-dcfc=0_400&rs-ub=10_200&rs-tw=0_3000&rs-ef=100_350&rs-sa=-1_5&rs-w=1000_3500&rs-c=0_5000&rs-y=2010_2030&s=1&p=24-50
Volkswagen e-Transporter Kombi L1 210 kW,https://ev-database.org/car/3311/Volkswagen-e-Transporter-Kombi-L1-210-kW-64-kWh,255.0,254.0,250.0,63.8,75.0,7.4,2000.0,800.0,2302.0,"Volkswagen e-Transporter Kombi L1 210 kW 64 kWh Available to order since March 2025 N 9 V2 L H G Range* 255 km Efficiency* 250 Wh/km Weight 2,302 kg 0-100 7.4 sec 1-Stop Range 254 km Battery 63.8 kWh Fastcharge 75 kW Towing 2,000 kg Cargo Vol. 800 L Price/range* €262 /km €66,908 N/A N/A",https://ev-database.org/#group=vehicle-group&rs-pr=10000_100000&rs-er=0_1000&rs-ld=0_1000&rs-ac=2_23&rs-dcfc=0_400&rs-ub=10_200&rs-tw=0_3000&rs-ef=100_350&rs-sa=-1_5&rs-w=1000_3500&rs-c=0_5000&rs-y=2010_2030&s=1&p=24-50
Tesla Model X Ludicrous Performance Discontinued,https://ev-database.org/car/1200/Tesla-Model-X-Ludicrous-Performance,440.0,438.0,216.0,95.0,100.0,2.9,2250.0,,2572.0,"Tesla Model X Ludicrous Performance Discontinued (June 2019 - July 2019) F 7 5 V2 L H G Range* 440 km Efficiency* 216 Wh/km Weight 2,572 kg 0-100 2.9 sec 1-Stop Range 438 km Battery* 95.0 kWh Fastcharge 100 kW Towing 2,250 kg Cargo Vol. unknown Price/range* €264 /km N/A €115,920 £101,350",https://ev-database.org/#group=vehicle-group&rs-pr=10000_100000&rs-er=0_1000&rs-ld=0_1000&rs-ac=2_23&rs-dcfc=0_400&rs-ub=10_200&rs-tw=0_3000&rs-ef=100_350&rs-sa=-1_5&rs-w=1000_3500&rs-c=0_5000&rs-y=2010_2030&s=1&p=24-50
Audi e-tron S Sportback Discontinued (October,https://ev-database.org/car/1272/Audi-e-tron-S-Sportback,335.0,354.0,258.0,86.5,147.0,4.5,1800.0,677.0,2695.0,"Audi e-tron S Sportback Discontinued (October 2020 - September 2021) E 5 5 V2 L H G Range* 335 km Efficiency* 258 Wh/km Weight 2,695 kg 0-100 4.5 sec 1-Stop Range 354 km Battery 86.5 kWh Fastcharge 147 kW Towing 1,800 kg Cargo Vol. 677 L Price/range* €303 /km €96,050 €106,940 £88,700",https://ev-database.org/#group=vehicle-group&rs-pr=10000_100000&rs-er=0_1000&rs-ld=0_1000&rs-ac=2_23&rs-dcfc=0_400&rs-ub=10_200&rs-tw=0_3000&rs-ef=100_350&rs-sa=-1_5&rs-w=1000_3500&rs-c=0_5000&rs-y=2010_2030&s=1&p=24-50
Porsche Taycan Turbo S Sport Turismo,https://ev-database.org/car/2109/Porsche-Taycan-Turbo-S-Sport-Turismo,505.0,655.0,192.0,97.0,267.0,2.4,0.0,489.0,2395.0,"Porsche Taycan Turbo S Sport Turismo Available to order since February 2024 F 5 V2 L H G Range* 505 km Efficiency* 192 Wh/km Weight 2,395 kg 0-100 2.4 sec 1-Stop Range 655 km Battery 97.0 kWh Fastcharge 267 kW Towing 0 kg Cargo Vol. 489 L Price/range* €408 /km €210,800 €219,900 £163,200",https://ev-database.org/#group=vehicle-group&rs-pr=10000_100000&rs-er=0_1000&rs-ld=0_1000&rs-ac=2_23&rs-dcfc=0_400&rs-ub=10_200&rs-tw=0_3000&rs-ef=100_350&rs-sa=-1_5&rs-w=1000_3500&rs-c=0_5000&rs-y=2010_2030&s=1&p=24-50
Porsche Taycan Turbo S Cross Turismo,https://ev-database.org/car/2113/Porsche-Taycan-Turbo-S-Cross-Turismo,485.0,620.0,200.0,97.0,267.0,2.5,0.0,489.0,2400.0,"Porsche Taycan Turbo S Cross Turismo Available to order since February 2024 F 5 V2 L H G Range* 485 km Efficiency* 200 Wh/km Weight 2,400 kg 0-100 2.5 sec 1-Stop Range 620 km Battery 97.0 kWh Fastcharge 267 kW Towing 0 kg Cargo Vol. 489 L Price/range* €427 /km €211,300 €220,400 £165,200",https://ev-database.org/#group=vehicle-group&rs-pr=10000_100000&rs-er=0_1000&rs-ld=0_1000&rs-ac=2_23&rs-dcfc=0_400&rs-ub=10_200&rs-tw=0_3000&rs-ef=100_350&rs-sa=-1_5&rs-w=1000_3500&rs-c=0_5000&rs-y=2010_2030&s=1&p=24-50
Peugeot e-Traveller L2 75 kWh Available,https://ev-database.org/car/2258/Peugeot-e-Traveller-L2-75-kWh,265.0,252.0,260.0,69.0,77.0,14.2,1000.0,603.0,2211.0,"Peugeot e-Traveller L2 75 kWh Available to order since May 2024 N 9 V2 L H G Range* 265 km Efficiency* 260 Wh/km Weight 2,211 kg 0-100 14.2 sec 1-Stop Range 252 km Battery 69.0 kWh Fastcharge 77 kW Towing 1,000 kg Cargo Vol. 603 L Price/range* €221 /km €52,230 €68,571 £47,495",https://ev-database.org/#group=vehicle-group&rs-pr=10000_100000&rs-er=0_1000&rs-ld=0_1000&rs-ac=2_23&rs-dcfc=0_400&rs-ub=10_200&rs-tw=0_3000&rs-ef=100_350&rs-sa=-1_5&rs-w=1000_3500&rs-c=0_5000&rs-y=2010_2030&s=1&p=24-50
BMW i5 xDrive40 Touring (MY24) Discontinued,https://ev-database.org/car/3075/BMW-i5-xDrive40-Touring,440.0,492.0,185.0,81.2,123.0,5.5,2000.0,570.0,2405.0,"BMW i5 xDrive40 Touring (MY24) Discontinued (September 2024 - February 2025) E 5 5 V2 L H G Range* 440 km Efficiency* 185 Wh/km Weight 2,405 kg 0-100 5.5 sec 1-Stop Range 492 km Battery 81.2 kWh Fastcharge 123 kW Towing 2,000 kg Cargo Vol. 570 L Price/range* €183 /km €77,600 €83,327 N/A",https://ev-database.org/#group=vehicle-group&rs-pr=10000_100000&rs-er=0_1000&rs-ld=0_1000&rs-ac=2_23&rs-dcfc=0_400&rs-ub=10_200&rs-tw=0_3000&rs-ef=100_350&rs-sa=-1_5&rs-w=1000_3500&rs-c=0_5000&rs-y=2010_2030&s=1&p=24-50
Peugeot e-Expert Combi Standard 50 kWh,https://ev-database.org/car/1605/Peugeot-e-Expert-Combi-Standard-50-kWh,185.0,196.0,250.0,46.3,74.0,13.1,1000.0,603.0,1969.0,"Peugeot e-Expert Combi Standard 50 kWh Discontinued (February 2021 - January 2024) N 9 V2 L H G Range* 185 km Efficiency* 250 Wh/km Weight 1,969 kg 0-100 13.1 sec 1-Stop Range 196 km Battery 46.3 kWh Fastcharge 74 kW Towing 1,000 kg Cargo Vol. 603 L Price/range* €271 /km €51,940 €48,353 N/A",https://ev-database.org/#group=vehicle-group&rs-pr=10000_100000&rs-er=0_1000&rs-ld=0_1000&rs-ac=2_23&rs-dcfc=0_400&rs-ub=10_200&rs-tw=0_3000&rs-ef=100_350&rs-sa=-1_5&rs-w=1000_3500&rs-c=0_5000&rs-y=2010_2030&s=1&p=24-50
Ford Mustang Mach-E SR RWD (MY22),https://ev-database.org/car/1668/Ford-Mustang-Mach-E-SR-RWD,375.0,374.0,187.0,70.0,76.0,6.9,750.0,619.0,2044.0,"Ford Mustang Mach-E SR RWD (MY22) Discontinued (April 2022 - November 2022) D 5 5 V2 L H G Range* 375 km Efficiency* 187 Wh/km Weight 2,044 kg 0-100 6.9 sec 1-Stop Range 374 km Battery 70.0 kWh Fastcharge 76 kW Towing 750 kg Cargo Vol. 619 L Price/range* €156 /km €56,500 €61,200 £50,030",https://ev-database.org/#group=vehicle-group&rs-pr=10000_100000&rs-er=0_1000&rs-ld=0_1000&rs-ac=2_23&rs-dcfc=0_400&rs-ub=10_200&rs-tw=0_3000&rs-ef=100_350&rs-sa=-1_5&rs-w=1000_3500&rs-c=0_5000&rs-y=2010_2030&s=1&p=24-50
Opel Zafira Electric XL 75 kWh,https://ev-database.org/car/2263/Opel-Zafira-Electric-XL-75-kWh,265.0,252.0,260.0,69.0,77.0,14.2,1000.0,989.0,2240.0,"Opel Zafira Electric XL 75 kWh Available to order since January 2024 N 9 V2 L H G Range* 265 km Efficiency* 260 Wh/km Weight 2,240 kg 0-100 14.2 sec 1-Stop Range 252 km Battery 69.0 kWh Fastcharge 77 kW Towing 1,000 kg Cargo Vol. 989 L Price/range* €215 /km €54,550 €58,963 £49,595",https://ev-database.org/#group=vehicle-group&rs-pr=10000_100000&rs-er=0_1000&rs-ld=0_1000&rs-ac=2_23&rs-dcfc=0_400&rs-ub=10_200&rs-tw=0_3000&rs-ef=100_350&rs-sa=-1_5&rs-w=1000_3500&rs-c=0_5000&rs-y=2010_2030&s=1&p=24-50
Porsche Taycan Turbo Cross Turismo Discontinued,https://ev-database.org/car/1438/Porsche-Taycan-Turbo-Cross-Turismo,395.0,486.0,212.0,83.7,200.0,3.3,0.0,489.0,2395.0,"Porsche Taycan Turbo Cross Turismo Discontinued (July 2021 - January 2023) F 5 V2 L H G Range* 395 km Efficiency* 212 Wh/km Weight 2,395 kg 0-100 3.3 sec 1-Stop Range 486 km Battery 83.7 kWh Fastcharge 200 kW Towing 0 kg Cargo Vol. 489 L Price/range* €389 /km €157,776 €163,900 £120,900",https://ev-database.org/#group=vehicle-group&rs-pr=10000_100000&rs-er=0_1000&rs-ld=0_1000&rs-ac=2_23&rs-dcfc=0_400&rs-ub=10_200&rs-tw=0_3000&rs-ef=100_350&rs-sa=-1_5&rs-w=1000_3500&rs-c=0_5000&rs-y=2010_2030&s=1&p=24-50
Volkswagen ID.5 Pro Discontinued (January 2022,https://ev-database.org/car/1556/Volkswagen-ID5-Pro,430.0,459.0,179.0,77.0,124.0,10.4,1000.0,549.0,2117.0,"Volkswagen ID.5 Pro Discontinued (January 2022 - July 2022) C 5 5 V2 L H G Range* 430 km Efficiency* 179 Wh/km Weight 2,117 kg 0-100 10.4 sec 1-Stop Range 459 km Battery 77.0 kWh Fastcharge 124 kW Towing 1,000 kg Cargo Vol. 549 L Price/range* €119 /km €46,515 €48,590 £50,550",https://ev-database.org/#group=vehicle-group&rs-pr=10000_100000&rs-er=0_1000&rs-ld=0_1000&rs-ac=2_23&rs-dcfc=0_400&rs-ub=10_200&rs-tw=0_3000&rs-ef=100_350&rs-sa=-1_5&rs-w=1000_3500&rs-c=0_5000&rs-y=2010_2030&s=1&p=24-50
Škoda Enyaq Coupe iV 60 (MY23),https://ev-database.org/car/1628/Skoda-Enyaq-Coupe-iV-60,345.0,369.0,168.0,58.0,75.0,8.8,1000.0,575.0,2008.0,"Škoda Enyaq Coupe iV 60 (MY23) Discontinued (July 2022 - September 2023) C 5 5 V2 L H G Range* 345 km Efficiency* 168 Wh/km Weight 2,008 kg 0-100 8.8 sec 1-Stop Range 369 km Battery 58.0 kWh Fastcharge 75 kW Towing 1,000 kg Cargo Vol. 575 L Price/range* €139 /km N/A €47,990 N/A",https://ev-database.org/#group=vehicle-group&rs-pr=10000_100000&rs-er=0_1000&rs-ld=0_1000&rs-ac=2_23&rs-dcfc=0_400&rs-ub=10_200&rs-tw=0_3000&rs-ef=100_350&rs-sa=-1_5&rs-w=1000_3500&rs-c=0_5000&rs-y=2010_2030&s=1&p=24-50
Mercedes-Benz EQE AMG 53 4MATIC+ (MY22-23),https://ev-database.org/car/1653/Mercedes-Benz-EQE-AMG-53-4MATICplus,455.0,490.0,199.0,90.6,136.0,3.5,750.0,430.0,2525.0,"Mercedes-Benz EQE AMG 53 4MATIC+ (MY22-23) Discontinued (July 2022 - September 2023) E 5 5 V2 L H G Range 455 km Efficiency 199 Wh/km Weight 2,525 kg 0-100 3.5 sec 1-Stop Range 490 km Battery 90.6 kWh Fastcharge 136 kW Towing 750 kg Cargo Vol. 430 L Price/range €271 /km €109,777 €128,613 £114,750",https://ev-database.org/#group=vehicle-group&rs-pr=10000_100000&rs-er=0_1000&rs-ld=0_1000&rs-ac=2_23&rs-dcfc=0_400&rs-ub=10_200&rs-tw=0_3000&rs-ef=100_350&rs-sa=-1_5&rs-w=1000_3500&rs-c=0_5000&rs-y=2010_2030&s=1&p=24-50
Fiat E-Ulysse L2 75 kWh Discontinued,https://ev-database.org/car/1722/Fiat-E-Ulysse-L2-75-kWh,265.0,252.0,260.0,69.0,77.0,13.3,1000.0,450.0,2140.0,"Fiat E-Ulysse L2 75 kWh Discontinued (June 2022 - January 2024) N 8 V2 L H G Range* 265 km Efficiency* 260 Wh/km Weight 2,140 kg 0-100 13.3 sec 1-Stop Range 252 km Battery 69.0 kWh Fastcharge 77 kW Towing 1,000 kg Cargo Vol. 450 L Price/range* €234 /km €61,990 N/A N/A",https://ev-database.org/#group=vehicle-group&rs-pr=10000_100000&rs-er=0_1000&rs-ld=0_1000&rs-ac=2_23&rs-dcfc=0_400&rs-ub=10_200&rs-tw=0_3000&rs-ef=100_350&rs-sa=-1_5&rs-w=1000_3500&rs-c=0_5000&rs-y=2010_2030&s=1&p=24-50
Aiways U6 Discontinued (December 2022 -,https://ev-database.org/car/1766/Aiways-U6,350.0,349.0,171.0,60.0,75.0,7.0,,472.0,1790.0,"Aiways U6 Discontinued (December 2022 - October 2023) C 5 V2 L H G Range* 350 km Efficiency* 171 Wh/km Weight 1,790 kg 0-100 7.0 sec 1-Stop Range 349 km Battery* 60.0 kWh Fastcharge 75 kW Towing unknown Cargo Vol. 472 L Price/range* €138 /km €47,588 €48,975 N/A",https://ev-database.org/#group=vehicle-group&rs-pr=10000_100000&rs-er=0_1000&rs-ld=0_1000&rs-ac=2_23&rs-dcfc=0_400&rs-ub=10_200&rs-tw=0_3000&rs-ef=100_350&rs-sa=-1_5&rs-w=1000_3500&rs-c=0_5000&rs-y=2010_2030&s=1&p=24-50
Volvo EC40 Twin Motor Performance (MY25),https://ev-database.org/car/2125/Volvo-EC40-Twin-Motor-Performance,400.0,438.0,198.0,79.0,110.0,4.6,1800.0,435.0,2185.0,"Volvo EC40 Twin Motor Performance (MY25) Discontinued (February 2024 - April 2025) C 5 V2 L H G Range* 400 km Efficiency* 198 Wh/km Weight 2,185 kg 0-100 4.6 sec 1-Stop Range 438 km Battery 79.0 kWh Fastcharge 110 kW Towing 1,800 kg Cargo Vol. 435 L Price/range* €162 /km €64,390 €60,995 £59,555",https://ev-database.org/#group=vehicle-group&rs-pr=10000_100000&rs-er=0_1000&rs-ld=0_1000&rs-ac=2_23&rs-dcfc=0_400&rs-ub=10_200&rs-tw=0_3000&rs-ef=100_350&rs-sa=-1_5&rs-w=1000_3500&rs-c=0_5000&rs-y=2010_2030&s=1&p=24-50
Mercedes-Benz EQV 250 Extra-Long Available to,https://ev-database.org/car/2130/Mercedes-Benz-EQV-250-Extra-Long,210.0,199.0,286.0,60.0,60.0,12.0,0.0,1410.0,2641.0,"Mercedes-Benz EQV 250 Extra-Long Available to order since February 2024 N 7 V2 L H G Range* 210 km Efficiency* 286 Wh/km Weight 2,641 kg 0-100 12.0 sec 1-Stop Range 199 km Battery 60.0 kWh Fastcharge 60 kW Towing 0 kg Cargo Vol. 1,410 L Price/range* €283 /km €59,363 N/A N/A",https://ev-database.org/#group=vehicle-group&rs-pr=10000_100000&rs-er=0_1000&rs-ld=0_1000&rs-ac=2_23&rs-dcfc=0_400&rs-ub=10_200&rs-tw=0_3000&rs-ef=100_350&rs-sa=-1_5&rs-w=1000_3500&rs-c=0_5000&rs-y=2010_2030&s=1&p=24-50
Smart ForTwo Cabrio Electric Drive Discontinued,https://ev-database.org/car/1099/Smart-ForTwo-Cabrio-Electric-Drive,95.0,65.0,176.0,16.7,0.0,11.8,0.0,260.0,1115.0,"Smart ForTwo Cabrio Electric Drive Discontinued (July 2017 - July 2018) A 2 4 V2 L H G Range 95 km Efficiency 176 Wh/km Weight 1,115 kg 0-100 11.8 sec 1-Stop Range 65 km Battery* 16.7 kWh Fastcharge 0 kW Towing 0 kg Cargo Vol. 260 L Price/range €258 /km €25,200 €27,043 £18,560",https://ev-database.org/#group=vehicle-group&rs-pr=10000_100000&rs-er=0_1000&rs-ld=0_1000&rs-ac=2_23&rs-dcfc=0_400&rs-ub=10_200&rs-tw=0_3000&rs-ef=100_350&rs-sa=-1_5&rs-w=1000_3500&rs-c=0_5000&rs-y=2010_2030&s=1&p=24-50
Genesis GV60 Sport Plus (MY22-24) Discontinued,https://ev-database.org/car/1649/Genesis-GV60-Sport-Plus,360.0,451.0,206.0,74.0,196.0,4.0,1600.0,432.0,2220.0,"Genesis GV60 Sport Plus (MY22-24) Discontinued (June 2022 - July 2025) C 5 5 V2 L H G Range* 360 km Efficiency* 206 Wh/km Weight 2,220 kg 0-100 4.0 sec 1-Stop Range 451 km Battery* 74.0 kWh Fastcharge 196 kW Towing 1,600 kg Cargo Vol. 432 L Price/range* €209 /km €73,100 N/A £67,505",https://ev-database.org/#group=vehicle-group&rs-pr=10000_100000&rs-er=0_1000&rs-ld=0_1000&rs-ac=2_23&rs-dcfc=0_400&rs-ub=10_200&rs-tw=0_3000&rs-ef=100_350&rs-sa=-1_5&rs-w=1000_3500&rs-c=0_5000&rs-y=2010_2030&s=1&p=24-50
Polestar 2 Long Range Performance (MY25),https://ev-database.org/car/2228/Polestar-2-Long-Range-Performance,450.0,501.0,176.0,79.0,110.0,4.2,1500.0,448.0,2180.0,"Polestar 2 Long Range Performance (MY25) Discontinued (June 2024 - April 2025) D 5 5 V2 L H G Range* 450 km Efficiency* 176 Wh/km Weight 2,180 kg 0-100 4.2 sec 1-Stop Range 501 km Battery 79.0 kWh Fastcharge 110 kW Towing 1,500 kg Cargo Vol. 448 L Price/range* €142 /km €63,490 €61,700 £57,950",https://ev-database.org/#group=vehicle-group&rs-pr=10000_100000&rs-er=0_1000&rs-ld=0_1000&rs-ac=2_23&rs-dcfc=0_400&rs-ub=10_200&rs-tw=0_3000&rs-ef=100_350&rs-sa=-1_5&rs-w=1000_3500&rs-c=0_5000&rs-y=2010_2030&s=1&p=24-50
Volkswagen e-Transporter Kombi L1 100 kW,https://ev-database.org/car/3309/Volkswagen-e-Transporter-Kombi-L1-100-kW-64-kWh,255.0,254.0,250.0,63.8,75.0,12.8,2000.0,800.0,2302.0,"Volkswagen e-Transporter Kombi L1 100 kW 64 kWh Available to order since March 2025 N 9 V2 L H G Range* 255 km Efficiency* 250 Wh/km Weight 2,302 kg 0-100 12.8 sec 1-Stop Range 254 km Battery 63.8 kWh Fastcharge 75 kW Towing 2,000 kg Cargo Vol. 800 L Price/range* €243 /km €62,719 €61,990 £53,404",https://ev-database.org/#group=vehicle-group&rs-pr=10000_100000&rs-er=0_1000&rs-ld=0_1000&rs-ac=2_23&rs-dcfc=0_400&rs-ub=10_200&rs-tw=0_3000&rs-ef=100_350&rs-sa=-1_5&rs-w=1000_3500&rs-c=0_5000&rs-y=2010_2030&s=1&p=24-50
Ford e-Tourneo Custom L1 160 kW,https://ev-database.org/car/3420/Ford-e-Tourneo-Custom-L1-160-kW-RWD,270.0,272.0,263.0,71.0,105.0,,2000.0,672.0,2432.0,"Ford e-Tourneo Custom L1 160 kW RWD Available to order since December 2025 N 8 5 V2 L H G Range* 270 km Efficiency* 263 Wh/km Weight 2,432 kg 0-100* 9.0 sec 1-Stop Range 272 km Battery 71.0 kWh Fastcharge 105 kW Towing 2,000 kg Cargo Vol. 672 L Price/range* €240 /km €61,702 €67,260 £57,083",https://ev-database.org/#group=vehicle-group&rs-pr=10000_100000&rs-er=0_1000&rs-ld=0_1000&rs-ac=2_23&rs-dcfc=0_400&rs-ub=10_200&rs-tw=0_3000&rs-ef=100_350&rs-sa=-1_5&rs-w=1000_3500&rs-c=0_5000&rs-y=2010_2030&s=1&p=24-50
Kia e-Soul 39 kWh Discontinued (January,https://ev-database.org/car/1169/Kia-e-Soul-39-kWh,230.0,209.0,170.0,39.2,37.0,9.6,0.0,315.0,1593.0,"Kia e-Soul 39 kWh Discontinued (January 2020 - July 2020) B 5 V2 L H G Range 230 km Efficiency 170 Wh/km Weight 1,593 kg 0-100 9.6 sec 1-Stop Range 209 km Battery 39.2 kWh Fastcharge 37 kW Towing 0 kg Cargo Vol. 315 L Price/range €144 /km €33,133 N/A N/A",https://ev-database.org/#group=vehicle-group&rs-pr=10000_100000&rs-er=0_1000&rs-ld=0_1000&rs-ac=2_23&rs-dcfc=0_400&rs-ub=10_200&rs-tw=0_3000&rs-ef=100_350&rs-sa=-1_5&rs-w=1000_3500&rs-c=0_5000&rs-y=2010_2030&s=1&p=24-50
Peugeot e-Expert Combi Compact 50 kWh,https://ev-database.org/car/1604/Peugeot-e-Expert-Combi-Compact-50-kWh,185.0,189.0,250.0,46.3,74.0,12.1,1000.0,,1932.0,"Peugeot e-Expert Combi Compact 50 kWh Discontinued (February 2021 - June 2022) N 9 V2 L H G Range* 185 km Efficiency* 250 Wh/km Weight 1,932 kg 0-100 12.1 sec 1-Stop Range 189 km Battery 46.3 kWh Fastcharge 74 kW Towing 1,000 kg Cargo Vol. unknown Price/range* €243 /km €49,080 €40,790 N/A",https://ev-database.org/#group=vehicle-group&rs-pr=10000_100000&rs-er=0_1000&rs-ld=0_1000&rs-ac=2_23&rs-dcfc=0_400&rs-ub=10_200&rs-tw=0_3000&rs-ef=100_350&rs-sa=-1_5&rs-w=1000_3500&rs-c=0_5000&rs-y=2010_2030&s=1&p=24-50
Volvo EX90 Single Motor (MY24-25) Discontinued,https://ev-database.org/car/1950/Volvo-EX90-Single-Motor,485.0,524.0,206.0,100.0,140.0,8.4,1200.0,703.0,2582.0,"Volvo EX90 Single Motor (MY24-25) Discontinued (July 2023 - November 2025) F 7 5 V2 L H G Range* 485 km Efficiency* 206 Wh/km Weight 2,582 kg 0-100 8.4 sec 1-Stop Range 524 km Battery 100.0 kWh Fastcharge 140 kW Towing 1,200 kg Cargo Vol. 703 L Price/range* €180 /km €83,700 €83,495 £82,660",https://ev-database.org/#group=vehicle-group&rs-pr=10000_100000&rs-er=0_1000&rs-ld=0_1000&rs-ac=2_23&rs-dcfc=0_400&rs-ub=10_200&rs-tw=0_3000&rs-ef=100_350&rs-sa=-1_5&rs-w=1000_3500&rs-c=0_5000&rs-y=2010_2030&s=1&p=24-50
Skywell BE11 Standard Range Available to,https://ev-database.org/car/3064/Skywell-BE11-Standard-Range,325.0,296.0,209.0,68.0,50.0,9.6,,467.0,1955.0,"Skywell BE11 Standard Range Available to order since July 2024 D 5 V2 L H G Range* 325 km Efficiency* 209 Wh/km Weight 1,955 kg 0-100 9.6 sec 1-Stop Range 296 km Battery* 68.0 kWh Fastcharge 50 kW Towing unknown Cargo Vol. 467 L Price/range* €131 /km N/A N/A £36,995",https://ev-database.org/#group=vehicle-group&rs-pr=10000_100000&rs-er=0_1000&rs-ld=0_1000&rs-ac=2_23&rs-dcfc=0_400&rs-ub=10_200&rs-tw=0_3000&rs-ef=100_350&rs-sa=-1_5&rs-w=1000_3500&rs-c=0_5000&rs-y=2010_2030&s=1&p=24-50
Volkswagen e-Caravelle L1 100 kW 64,https://ev-database.org/car/3315/Volkswagen-e-Caravelle-L1-100-kW-64-kWh,245.0,247.0,260.0,63.8,75.0,12.8,2000.0,800.0,2523.0,"Volkswagen e-Caravelle L1 100 kW 64 kWh Available to order since March 2025 N 9 V2 L H G Range* 245 km Efficiency* 260 Wh/km Weight 2,523 kg 0-100 12.8 sec 1-Stop Range 247 km Battery 63.8 kWh Fastcharge 75 kW Towing 2,000 kg Cargo Vol. 800 L Price/range* €271 /km €66,021 €68,390 £56,129",https://ev-database.org/#group=vehicle-group&rs-pr=10000_100000&rs-er=0_1000&rs-ld=0_1000&rs-ac=2_23&rs-dcfc=0_400&rs-ub=10_200&rs-tw=0_3000&rs-ef=100_350&rs-sa=-1_5&rs-w=1000_3500&rs-c=0_5000&rs-y=2010_2030&s=1&p=24-50
Toyota Proace Verso L 75 kWh,https://ev-database.org/car/1515/Toyota-Proace-Verso-L-75-kWh,265.0,252.0,260.0,69.0,77.0,13.1,1000.0,989.0,2161.0,"Toyota Proace Verso L 75 kWh Discontinued (October 2021 - January 2024) N 8 V2 L H G Range* 265 km Efficiency* 260 Wh/km Weight 2,161 kg 0-100 13.1 sec 1-Stop Range 252 km Battery 69.0 kWh Fastcharge 77 kW Towing 1,000 kg Cargo Vol. 989 L Price/range* €269 /km €65,385 €77,445 N/A",https://ev-database.org/#group=vehicle-group&rs-pr=10000_100000&rs-er=0_1000&rs-ld=0_1000&rs-ac=2_23&rs-dcfc=0_400&rs-ub=10_200&rs-tw=0_3000&rs-ef=100_350&rs-sa=-1_5&rs-w=1000_3500&rs-c=0_5000&rs-y=2010_2030&s=1&p=24-50
Audi Q4 Sportback e-tron 45 quattro,https://ev-database.org/car/1720/Audi-Q4-Sportback-e-tron-45-quattro,400.0,433.0,192.0,76.6,103.0,6.9,1200.0,535.0,2215.0,"Audi Q4 Sportback e-tron 45 quattro (MY21-23) Discontinued (July 2022 - September 2023) C 5 5 V2 L H G Range* 400 km Efficiency* 192 Wh/km Weight 2,215 kg 0-100 6.9 sec 1-Stop Range 433 km Battery 76.6 kWh Fastcharge 103 kW Towing 1,200 kg Cargo Vol. 535 L Price/range* €149 /km €55,900 €63,465 N/A",https://ev-database.org/#group=vehicle-group&rs-pr=10000_100000&rs-er=0_1000&rs-ld=0_1000&rs-ac=2_23&rs-dcfc=0_400&rs-ub=10_200&rs-tw=0_3000&rs-ef=100_350&rs-sa=-1_5&rs-w=1000_3500&rs-c=0_5000&rs-y=2010_2030&s=1&p=24-50
Ford e-Tourneo Custom L1 210 kW,https://ev-database.org/car/3422/Ford-e-Tourneo-Custom-L1-210-kW-RWD,255.0,259.0,278.0,71.0,105.0,,2000.0,672.0,2760.0,"Ford e-Tourneo Custom L1 210 kW RWD Available to order since December 2025 N 8 5 V2 L H G Range* 255 km Efficiency* 278 Wh/km Weight 2,760 kg 0-100* 8.0 sec 1-Stop Range 259 km Battery 71.0 kWh Fastcharge 105 kW Towing 2,000 kg Cargo Vol. 672 L Price/range* €340 /km N/A N/A £75,347",https://ev-database.org/#group=vehicle-group&rs-pr=10000_100000&rs-er=0_1000&rs-ld=0_1000&rs-ac=2_23&rs-dcfc=0_400&rs-ub=10_200&rs-tw=0_3000&rs-ef=100_350&rs-sa=-1_5&rs-w=1000_3500&rs-c=0_5000&rs-y=2010_2030&s=1&p=24-50
Kia e-Niro 39 kWh Discontinued (January,https://ev-database.org/car/1262/Kia-e-Niro-39-kWh,235.0,215.0,167.0,39.2,37.0,9.8,0.0,451.0,1667.0,"Kia e-Niro 39 kWh Discontinued (January 2020 - December 2020) C 5 4 V2 L H G Range 235 km Efficiency 167 Wh/km Weight 1,667 kg 0-100 9.8 sec 1-Stop Range 215 km Battery 39.2 kWh Fastcharge 37 kW Towing 0 kg Cargo Vol. 451 L Price/range €146 /km €34,400 N/A £29,595",https://ev-database.org/#group=vehicle-group&rs-pr=10000_100000&rs-er=0_1000&rs-ld=0_1000&rs-ac=2_23&rs-dcfc=0_400&rs-ub=10_200&rs-tw=0_3000&rs-ef=100_350&rs-sa=-1_5&rs-w=1000_3500&rs-c=0_5000&rs-y=2010_2030&s=1&p=24-50
Opel Zafira-e Life L 50 kWh,https://ev-database.org/car/1347/Opel-Zafira-e-Life-L-50-kWh,180.0,189.0,257.0,46.3,74.0,12.1,1000.0,,1989.0,"Opel Zafira-e Life L 50 kWh Discontinued (November 2020 - January 2024) N 9 V2 L H G Range* 180 km Efficiency* 257 Wh/km Weight 1,989 kg 0-100 12.1 sec 1-Stop Range 189 km Battery 46.3 kWh Fastcharge 74 kW Towing 1,000 kg Cargo Vol. unknown Price/range* €321 /km €64,075 €59,119 £43,575",https://ev-database.org/#group=vehicle-group&rs-pr=10000_100000&rs-er=0_1000&rs-ld=0_1000&rs-ac=2_23&rs-dcfc=0_400&rs-ub=10_200&rs-tw=0_3000&rs-ef=100_350&rs-sa=-1_5&rs-w=1000_3500&rs-c=0_5000&rs-y=2010_2030&s=1&p=24-50
Porsche Taycan 4S Plus Discontinued (January,https://ev-database.org/car/1926/Porsche-Taycan-4S-Plus,480.0,601.0,174.0,83.7,200.0,4.0,0.0,491.0,2295.0,"Porsche Taycan 4S Plus Discontinued (January 2023 - February 2024) F 5 5 V2 L H G Range* 480 km Efficiency* 174 Wh/km Weight 2,295 kg 0-100 4.0 sec 1-Stop Range 601 km Battery 83.7 kWh Fastcharge 200 kW Towing 0 kg Cargo Vol. 491 L Price/range* €247 /km €120,081 €126,395 £94,996",https://ev-database.org/#group=vehicle-group&rs-pr=10000_100000&rs-er=0_1000&rs-ld=0_1000&rs-ac=2_23&rs-dcfc=0_400&rs-ub=10_200&rs-tw=0_3000&rs-ef=100_350&rs-sa=-1_5&rs-w=1000_3500&rs-c=0_5000&rs-y=2010_2030&s=1&p=24-50
Porsche Taycan 4S Plus Sport Turismo,https://ev-database.org/car/2107/Porsche-Taycan-4S-Plus-Sport-Turismo,510.0,655.0,190.0,97.0,267.0,3.7,0.0,530.0,2350.0,"Porsche Taycan 4S Plus Sport Turismo Available to order since February 2024 F 5 V2 L H G Range* 510 km Efficiency* 190 Wh/km Weight 2,350 kg 0-100 3.7 sec 1-Stop Range 655 km Battery 97.0 kWh Fastcharge 267 kW Towing 0 kg Cargo Vol. 530 L Price/range* €244 /km €127,322 €133,631 £97,200",https://ev-database.org/#group=vehicle-group&rs-pr=10000_100000&rs-er=0_1000&rs-ld=0_1000&rs-ac=2_23&rs-dcfc=0_400&rs-ub=10_200&rs-tw=0_3000&rs-ef=100_350&rs-sa=-1_5&rs-w=1000_3500&rs-c=0_5000&rs-y=2010_2030&s=1&p=24-50
Ford e-Tourneo Custom L1 210 kW,https://ev-database.org/car/3423/Ford-e-Tourneo-Custom-L1-210-kW-AWD,255.0,259.0,278.0,71.0,105.0,,2300.0,672.0,2800.0,"Ford e-Tourneo Custom L1 210 kW AWD Available to order since December 2025 N 8 5 V2 L H G Range* 255 km Efficiency* 278 Wh/km Weight 2,800 kg 0-100* 7.0 sec 1-Stop Range 259 km Battery 71.0 kWh Fastcharge 105 kW Towing 2,300 kg Cargo Vol. 672 L Price/range* €305 /km €77,707 N/A N/A",https://ev-database.org/#group=vehicle-group&rs-pr=10000_100000&rs-er=0_1000&rs-ld=0_1000&rs-ac=2_23&rs-dcfc=0_400&rs-ub=10_200&rs-tw=0_3000&rs-ef=100_350&rs-sa=-1_5&rs-w=1000_3500&rs-c=0_5000&rs-y=2010_2030&s=1&p=24-50
Toyota Proace Verso L 50 kWh,https://ev-database.org/car/1513/Toyota-Proace-Verso-L-50-kWh,180.0,189.0,257.0,46.3,74.0,12.1,1000.0,989.0,1989.0,"Toyota Proace Verso L 50 kWh Discontinued (October 2021 - August 2024) N 8 V2 L H G Range 180 km Efficiency 257 Wh/km Weight 1,989 kg 0-100 12.1 sec 1-Stop Range 189 km Battery 46.3 kWh Fastcharge 74 kW Towing 1,000 kg Cargo Vol. 989 L Price/range €304 /km €59,385 N/A £43,488",https://ev-database.org/#group=vehicle-group&rs-pr=10000_100000&rs-er=0_1000&rs-ld=0_1000&rs-ac=2_23&rs-dcfc=0_400&rs-ub=10_200&rs-tw=0_3000&rs-ef=100_350&rs-sa=-1_5&rs-w=1000_3500&rs-c=0_5000&rs-y=2010_2030&s=1&p=24-50
ORA Funky Cat GT Discontinued (April,https://ev-database.org/car/1815/ORA-Funky-Cat-GT,330.0,300.0,180.0,59.3,54.0,8.2,0.0,228.0,1615.0,"ORA Funky Cat GT Discontinued (April 2023 - December 2023) C 5 5 V2 L H G Range* 330 km Efficiency* 180 Wh/km Weight 1,615 kg 0-100 8.2 sec 1-Stop Range 300 km Battery 59.3 kWh Fastcharge 54 kW Towing 0 kg Cargo Vol. 228 L Price/range* €150 /km €49,490 N/A N/A",https://ev-database.org/#group=vehicle-group&rs-pr=10000_100000&rs-er=0_1000&rs-ld=0_1000&rs-ac=2_23&rs-dcfc=0_400&rs-ub=10_200&rs-tw=0_3000&rs-ef=100_350&rs-sa=-1_5&rs-w=1000_3500&rs-c=0_5000&rs-y=2010_2030&s=1&p=24-50
Porsche Taycan Plus Discontinued (January 2023,https://ev-database.org/car/1924/Porsche-Taycan-Plus,485.0,608.0,173.0,83.7,200.0,5.4,0.0,491.0,2205.0,"Porsche Taycan Plus Discontinued (January 2023 - February 2024) F 5 5 V2 L H G Range* 485 km Efficiency* 173 Wh/km Weight 2,205 kg 0-100 5.4 sec 1-Stop Range 608 km Battery 83.7 kWh Fastcharge 200 kW Towing 0 kg Cargo Vol. 491 L Price/range* €206 /km €98,863 €104,707 £83,654",https://ev-database.org/#group=vehicle-group&rs-pr=10000_100000&rs-er=0_1000&rs-ld=0_1000&rs-ac=2_23&rs-dcfc=0_400&rs-ub=10_200&rs-tw=0_3000&rs-ef=100_350&rs-sa=-1_5&rs-w=1000_3500&rs-c=0_5000&rs-y=2010_2030&s=1&p=25-50
Opel Combo Electric XL 50 kWh,https://ev-database.org/car/2162/Opel-Combo-Electric-XL-50-kWh,230.0,242.0,217.0,50.0,80.0,11.3,750.0,1050.0,1881.0,"Opel Combo Electric XL 50 kWh Available to order since March 2024 N 7 V2 L H G Range* 230 km Efficiency* 217 Wh/km Weight 1,881 kg 0-100 11.3 sec 1-Stop Range 242 km Battery 50.0 kWh Fastcharge 80 kW Towing 750 kg Cargo Vol. 1,050 L Price/range* €175 /km €39,600 €44,584 £31,590",https://ev-database.org/#group=vehicle-group&rs-pr=10000_100000&rs-er=0_1000&rs-ld=0_1000&rs-ac=2_23&rs-dcfc=0_400&rs-ub=10_200&rs-tw=0_3000&rs-ef=100_350&rs-sa=-1_5&rs-w=1000_3500&rs-c=0_5000&rs-y=2010_2030&s=1&p=25-50
Lucid Air Dream Edition P Discontinued,https://ev-database.org/car/1098/Lucid-Air-Dream-Edition-P,670.0,766.0,176.0,118.0,185.0,2.7,0.0,910.0,2435.0,"Lucid Air Dream Edition P Discontinued (January 2022 - January 2024) F 5 5 V2 L H G Range 670 km Efficiency 176 Wh/km Weight 2,435 kg 0-100 2.7 sec 1-Stop Range 766 km Battery* 118.0 kWh Fastcharge 185 kW Towing 0 kg Cargo Vol. 910 L Price/range €328 /km €218,000 €222,000 N/A",https://ev-database.org/#group=vehicle-group&rs-pr=10000_100000&rs-er=0_1000&rs-ld=0_1000&rs-ac=2_23&rs-dcfc=0_400&rs-ub=10_200&rs-tw=0_3000&rs-ef=100_350&rs-sa=-1_5&rs-w=1000_3500&rs-c=0_5000&rs-y=2010_2030&s=1&p=25-50
Opel Zafira-e Life M 75 kWh,https://ev-database.org/car/1348/Opel-Zafira-e-Life-M-75-kWh,265.0,252.0,260.0,69.0,77.0,13.3,1000.0,,2131.0,"Opel Zafira-e Life M 75 kWh Discontinued (February 2021 - January 2024) N 9 V2 L H G Range* 265 km Efficiency* 260 Wh/km Weight 2,131 kg 0-100 13.3 sec 1-Stop Range 252 km Battery 69.0 kWh Fastcharge 77 kW Towing 1,000 kg Cargo Vol. unknown Price/range* €256 /km €69,250 €66,198 N/A",https://ev-database.org/#group=vehicle-group&rs-pr=10000_100000&rs-er=0_1000&rs-ld=0_1000&rs-ac=2_23&rs-dcfc=0_400&rs-ub=10_200&rs-tw=0_3000&rs-ef=100_350&rs-sa=-1_5&rs-w=1000_3500&rs-c=0_5000&rs-y=2010_2030&s=1&p=25-50
Opel Vivaro-e Combi M 50 kWh,https://ev-database.org/car/1600/Opel-Vivaro-e-Combi-M-50-kWh,185.0,196.0,250.0,46.3,74.0,12.1,1000.0,507.0,1969.0,"Opel Vivaro-e Combi M 50 kWh Discontinued (October 2020 - January 2024) N 9 V2 L H G Range* 185 km Efficiency* 250 Wh/km Weight 1,969 kg 0-100 12.1 sec 1-Stop Range 196 km Battery 46.3 kWh Fastcharge 74 kW Towing 1,000 kg Cargo Vol. 507 L Price/range* €255 /km €50,992 €48,108 £36,995",https://ev-database.org/#group=vehicle-group&rs-pr=10000_100000&rs-er=0_1000&rs-ld=0_1000&rs-ac=2_23&rs-dcfc=0_400&rs-ub=10_200&rs-tw=0_3000&rs-ef=100_350&rs-sa=-1_5&rs-w=1000_3500&rs-c=0_5000&rs-y=2010_2030&s=1&p=25-50
Genesis GV60 Sport (MY22-24) Discontinued (June,https://ev-database.org/car/1648/Genesis-GV60-Sport,375.0,467.0,197.0,74.0,196.0,5.5,1600.0,432.0,2170.0,"Genesis GV60 Sport (MY22-24) Discontinued (June 2022 - July 2025) C 5 5 V2 L H G Range* 375 km Efficiency* 197 Wh/km Weight 2,170 kg 0-100 5.5 sec 1-Stop Range 467 km Battery* 74.0 kWh Fastcharge 196 kW Towing 1,600 kg Cargo Vol. 432 L Price/range* €174 /km €63,200 N/A £58,365",https://ev-database.org/#group=vehicle-group&rs-pr=10000_100000&rs-er=0_1000&rs-ld=0_1000&rs-ac=2_23&rs-dcfc=0_400&rs-ub=10_200&rs-tw=0_3000&rs-ef=100_350&rs-sa=-1_5&rs-w=1000_3500&rs-c=0_5000&rs-y=2010_2030&s=1&p=25-50
Fiat E-Ulysse L3 75 kWh Discontinued,https://ev-database.org/car/1724/Fiat-E-Ulysse-L3-75-kWh,265.0,252.0,260.0,69.0,77.0,13.3,1000.0,800.0,2167.0,"Fiat E-Ulysse L3 75 kWh Discontinued (June 2022 - January 2024) N 8 V2 L H G Range* 265 km Efficiency* 260 Wh/km Weight 2,167 kg 0-100 13.3 sec 1-Stop Range 252 km Battery 69.0 kWh Fastcharge 77 kW Towing 1,000 kg Cargo Vol. 800 L Price/range* €238 /km €62,990 N/A N/A",https://ev-database.org/#group=vehicle-group&rs-pr=10000_100000&rs-er=0_1000&rs-ld=0_1000&rs-ac=2_23&rs-dcfc=0_400&rs-ub=10_200&rs-tw=0_3000&rs-ef=100_350&rs-sa=-1_5&rs-w=1000_3500&rs-c=0_5000&rs-y=2010_2030&s=1&p=25-50
Ford Mustang Mach-E SR AWD (MY23.75),https://ev-database.org/car/2036/Ford-Mustang-Mach-E-SR-AWD,350.0,372.0,207.0,72.6,100.0,6.2,750.0,619.0,2276.0,"Ford Mustang Mach-E SR AWD (MY23.75) Discontinued (October 2023 - August 2024) D 5 5 V2 L H G Range* 350 km Efficiency* 207 Wh/km Weight 2,276 kg 0-100 6.2 sec 1-Stop Range 372 km Battery 72.6 kWh Fastcharge 100 kW Towing 750 kg Cargo Vol. 619 L Price/range* €168 /km €57,900 €59,400 N/A",https://ev-database.org/#group=vehicle-group&rs-pr=10000_100000&rs-er=0_1000&rs-ld=0_1000&rs-ac=2_23&rs-dcfc=0_400&rs-ub=10_200&rs-tw=0_3000&rs-ef=100_350&rs-sa=-1_5&rs-w=1000_3500&rs-c=0_5000&rs-y=2010_2030&s=1&p=25-50
Opel Zafira Electric XL 50 kWh,https://ev-database.org/car/2261/Opel-Zafira-Electric-XL-50-kWh,180.0,189.0,257.0,46.3,74.0,13.3,1000.0,989.0,2056.0,"Opel Zafira Electric XL 50 kWh Available to order since January 2024 N 9 V2 L H G Range* 180 km Efficiency* 257 Wh/km Weight 2,056 kg 0-100 13.3 sec 1-Stop Range 189 km Battery 46.3 kWh Fastcharge 74 kW Towing 1,000 kg Cargo Vol. 989 L Price/range* €274 /km €48,550 €49,963 N/A",https://ev-database.org/#group=vehicle-group&rs-pr=10000_100000&rs-er=0_1000&rs-ld=0_1000&rs-ac=2_23&rs-dcfc=0_400&rs-ub=10_200&rs-tw=0_3000&rs-ef=100_350&rs-sa=-1_5&rs-w=1000_3500&rs-c=0_5000&rs-y=2010_2030&s=1&p=25-50
Volkswagen e-Transporter Kombi L2 160 kW,https://ev-database.org/car/3313/Volkswagen-e-Transporter-Kombi-L2-160-kW-64-kWh,250.0,250.0,255.0,63.8,75.0,8.6,2000.0,1000.0,2348.0,"Volkswagen e-Transporter Kombi L2 160 kW 64 kWh Available to order since March 2025 N 9 V2 L H G Range* 250 km Efficiency* 255 Wh/km Weight 2,348 kg 0-100 8.6 sec 1-Stop Range 250 km Battery 63.8 kWh Fastcharge 75 kW Towing 2,000 kg Cargo Vol. 1,000 L Price/range* €262 /km €65,872 €65,290 N/A",https://ev-database.org/#group=vehicle-group&rs-pr=10000_100000&rs-er=0_1000&rs-ld=0_1000&rs-ac=2_23&rs-dcfc=0_400&rs-ub=10_200&rs-tw=0_3000&rs-ef=100_350&rs-sa=-1_5&rs-w=1000_3500&rs-c=0_5000&rs-y=2010_2030&s=1&p=25-50
Volkswagen e-Caravelle L1 160 kW 64,https://ev-database.org/car/3316/Volkswagen-e-Caravelle-L1-160-kW-64-kWh,245.0,247.0,260.0,63.8,75.0,8.6,2000.0,800.0,2523.0,"Volkswagen e-Caravelle L1 160 kW 64 kWh Available to order since March 2025 N 9 V2 L H G Range* 245 km Efficiency* 260 Wh/km Weight 2,523 kg 0-100 8.6 sec 1-Stop Range 247 km Battery 63.8 kWh Fastcharge 75 kW Towing 2,000 kg Cargo Vol. 800 L Price/range* €284 /km €68,169 €70,690 £60,557",https://ev-database.org/#group=vehicle-group&rs-pr=10000_100000&rs-er=0_1000&rs-ld=0_1000&rs-ac=2_23&rs-dcfc=0_400&rs-ub=10_200&rs-tw=0_3000&rs-ef=100_350&rs-sa=-1_5&rs-w=1000_3500&rs-c=0_5000&rs-y=2010_2030&s=1&p=25-50
Volkswagen e-Caravelle L2 100 kW 64,https://ev-database.org/car/3318/Volkswagen-e-Caravelle-L2-100-kW-64-kWh,245.0,247.0,260.0,63.8,75.0,12.8,2000.0,1000.0,2560.0,"Volkswagen e-Caravelle L2 100 kW 64 kWh Available to order since March 2025 N 9 V2 L H G Range* 245 km Efficiency* 260 Wh/km Weight 2,560 kg 0-100 12.8 sec 1-Stop Range 247 km Battery 63.8 kWh Fastcharge 75 kW Towing 2,000 kg Cargo Vol. 1,000 L Price/range* €275 /km €67,027 €69,390 £57,149",https://ev-database.org/#group=vehicle-group&rs-pr=10000_100000&rs-er=0_1000&rs-ld=0_1000&rs-ac=2_23&rs-dcfc=0_400&rs-ub=10_200&rs-tw=0_3000&rs-ef=100_350&rs-sa=-1_5&rs-w=1000_3500&rs-c=0_5000&rs-y=2010_2030&s=1&p=25-50
Toyota Proace Verso M 50 kWh,https://ev-database.org/car/1512/Toyota-Proace-Verso-M-50-kWh,185.0,196.0,250.0,46.3,74.0,12.1,1000.0,603.0,1969.0,"Toyota Proace Verso M 50 kWh Discontinued (October 2021 - August 2024) N 8 V2 L H G Range 185 km Efficiency 250 Wh/km Weight 1,969 kg 0-100 12.1 sec 1-Stop Range 196 km Battery 46.3 kWh Fastcharge 74 kW Towing 1,000 kg Cargo Vol. 603 L Price/range €292 /km €58,530 N/A £42,988",https://ev-database.org/#group=vehicle-group&rs-pr=10000_100000&rs-er=0_1000&rs-ld=0_1000&rs-ac=2_23&rs-dcfc=0_400&rs-ub=10_200&rs-tw=0_3000&rs-ef=100_350&rs-sa=-1_5&rs-w=1000_3500&rs-c=0_5000&rs-y=2010_2030&s=1&p=25-50
Citroën ë-SpaceTourer XL 50 kWh Available,https://ev-database.org/car/2253/Citroen-e-SpaceTourer-XL-50-kWh,180.0,189.0,257.0,46.3,74.0,13.3,1000.0,989.0,2056.0,"Citroën ë-SpaceTourer XL 50 kWh Available to order since April 2024 N 9 V2 L H G Range* 180 km Efficiency* 257 Wh/km Weight 2,056 kg 0-100 13.3 sec 1-Stop Range 189 km Battery 46.3 kWh Fastcharge 74 kW Towing 1,000 kg Cargo Vol. 989 L Price/range* €280 /km €47,230 €60,781 £37,535",https://ev-database.org/#group=vehicle-group&rs-pr=10000_100000&rs-er=0_1000&rs-ld=0_1000&rs-ac=2_23&rs-dcfc=0_400&rs-ub=10_200&rs-tw=0_3000&rs-ef=100_350&rs-sa=-1_5&rs-w=1000_3500&rs-c=0_5000&rs-y=2010_2030&s=1&p=25-50
Mercedes-Benz EQE AMG 43 4MATIC (MY24),https://ev-database.org/car/2208/Mercedes-Benz-EQE-AMG-43-4MATIC,450.0,491.0,201.0,90.6,141.0,4.2,1700.0,430.0,2535.0,"Mercedes-Benz EQE AMG 43 4MATIC (MY24) Discontinued (April 2024 - April 2025) E 5 5 V2 L H G Range* 450 km Efficiency* 201 Wh/km Weight 2,535 kg 0-100 4.2 sec 1-Stop Range 491 km Battery 90.6 kWh Fastcharge 141 kW Towing 1,700 kg Cargo Vol. 430 L Price/range* €240 /km €104,756 €111,068 N/A",https://ev-database.org/#group=vehicle-group&rs-pr=10000_100000&rs-er=0_1000&rs-ld=0_1000&rs-ac=2_23&rs-dcfc=0_400&rs-ub=10_200&rs-tw=0_3000&rs-ef=100_350&rs-sa=-1_5&rs-w=1000_3500&rs-c=0_5000&rs-y=2010_2030&s=1&p=25-50
Tesla Model S P90DL Discontinued (April,https://ev-database.org/car/1065/Tesla-Model-S-P90DL,405.0,401.0,211.0,85.5,90.0,3.0,,895.0,2271.0,"Tesla Model S P90DL Discontinued (April 2016 - June 2016) F 5 V2 L H G Range* 405 km Efficiency* 211 Wh/km Weight 2,271 kg 0-100 3.0 sec 1-Stop Range 401 km Battery* 85.5 kWh Fastcharge 90 kW Towing unknown Cargo Vol. 895 L Price/range* €330 /km €129,600 €137,700 N/A",https://ev-database.org/#group=vehicle-group&rs-pr=10000_100000&rs-er=0_1000&rs-ld=0_1000&rs-ac=2_23&rs-dcfc=0_400&rs-ub=10_200&rs-tw=0_3000&rs-ef=100_350&rs-sa=-1_5&rs-w=1000_3500&rs-c=0_5000&rs-y=2010_2030&s=1&p=25-50
Peugeot e-Rifter Long 50 kWh Discontinued,https://ev-database.org/car/1523/Peugeot-e-Rifter-Long-50-kWh,200.0,212.0,232.0,46.3,74.0,11.7,750.0,806.0,1841.0,"Peugeot e-Rifter Long 50 kWh Discontinued (July 2021 - January 2024) N 7 V2 L H G Range* 200 km Efficiency* 232 Wh/km Weight 1,841 kg 0-100 11.7 sec 1-Stop Range 212 km Battery 46.3 kWh Fastcharge 74 kW Towing 750 kg Cargo Vol. 806 L Price/range* €207 /km €42,440 €41,430 £35,120",https://ev-database.org/#group=vehicle-group&rs-pr=10000_100000&rs-er=0_1000&rs-ld=0_1000&rs-ac=2_23&rs-dcfc=0_400&rs-ub=10_200&rs-tw=0_3000&rs-ef=100_350&rs-sa=-1_5&rs-w=1000_3500&rs-c=0_5000&rs-y=2010_2030&s=1&p=25-50
Toyota Proace Shuttle M 75 kWh,https://ev-database.org/car/1611/Toyota-Proace-Shuttle-M-75-kWh,265.0,252.0,260.0,69.0,77.0,13.1,1000.0,550.0,2131.0,"Toyota Proace Shuttle M 75 kWh Discontinued (June 2021 - November 2023) N 9 V2 L H G Range* 265 km Efficiency* 260 Wh/km Weight 2,131 kg 0-100 13.1 sec 1-Stop Range 252 km Battery 69.0 kWh Fastcharge 77 kW Towing 1,000 kg Cargo Vol. 550 L Price/range* €227 /km N/A €60,095 N/A",https://ev-database.org/#group=vehicle-group&rs-pr=10000_100000&rs-er=0_1000&rs-ld=0_1000&rs-ac=2_23&rs-dcfc=0_400&rs-ub=10_200&rs-tw=0_3000&rs-ef=100_350&rs-sa=-1_5&rs-w=1000_3500&rs-c=0_5000&rs-y=2010_2030&s=1&p=25-50
Ford e-Tourneo Custom L2 160 kW,https://ev-database.org/car/3164/Ford-e-Tourneo-Custom-L2-160-kW,235.0,245.0,272.0,64.0,105.0,,2000.0,819.0,2602.0,"Ford e-Tourneo Custom L2 160 kW Discontinued (November 2023 - December 2025) N 8 5 V2 L H G Range* 235 km Efficiency* 272 Wh/km Weight 2,602 kg 0-100* 9.0 sec 1-Stop Range 245 km Battery 64.0 kWh Fastcharge 105 kW Towing 2,000 kg Cargo Vol. 819 L Price/range* €295 /km €67,771 N/A £61,727",https://ev-database.org/#group=vehicle-group&rs-pr=10000_100000&rs-er=0_1000&rs-ld=0_1000&rs-ac=2_23&rs-dcfc=0_400&rs-ub=10_200&rs-tw=0_3000&rs-ef=100_350&rs-sa=-1_5&rs-w=1000_3500&rs-c=0_5000&rs-y=2010_2030&s=1&p=25-50
Tesla Model X Performance Discontinued (March,https://ev-database.org/car/1185/Tesla-Model-X-Performance,420.0,413.0,226.0,95.0,100.0,3.7,2250.0,,2572.0,"Tesla Model X Performance Discontinued (March 2019 - May 2019) F 7 5 V2 L H G Range 420 km Efficiency 226 Wh/km Weight 2,572 kg 0-100 3.7 sec 1-Stop Range 413 km Battery* 95.0 kWh Fastcharge 100 kW Towing 2,250 kg Cargo Vol. unknown Price/range €242 /km €99,700 €102,420 £89,850",https://ev-database.org/#group=vehicle-group&rs-pr=10000_100000&rs-er=0_1000&rs-ld=0_1000&rs-ac=2_23&rs-dcfc=0_400&rs-ub=10_200&rs-tw=0_3000&rs-ef=100_350&rs-sa=-1_5&rs-w=1000_3500&rs-c=0_5000&rs-y=2010_2030&s=1&p=25-50
Audi e-tron Sportback 50 quattro Discontinued,https://ev-database.org/car/1661/Audi-e-tron-Sportback-50-quattro,295.0,315.0,219.0,64.7,114.0,6.8,1800.0,677.0,2445.0,"Audi e-tron Sportback 50 quattro Discontinued (October 2021 - September 2022) E 5 5 V2 L H G Range 295 km Efficiency 219 Wh/km Weight 2,445 kg 0-100 6.8 sec 1-Stop Range 315 km Battery 64.7 kWh Fastcharge 114 kW Towing 1,800 kg Cargo Vol. 677 L Price/range €245 /km €71,350 N/A £63,835",https://ev-database.org/#group=vehicle-group&rs-pr=10000_100000&rs-er=0_1000&rs-ld=0_1000&rs-ac=2_23&rs-dcfc=0_400&rs-ub=10_200&rs-tw=0_3000&rs-ef=100_350&rs-sa=-1_5&rs-w=1000_3500&rs-c=0_5000&rs-y=2010_2030&s=1&p=25-50
Mercedes-Benz EQS 500 4MATIC Discontinued (June,https://ev-database.org/car/1700/Mercedes-Benz-EQS-500-4MATIC,590.0,654.0,183.0,107.8,169.0,4.8,750.0,610.0,2615.0,"Mercedes-Benz EQS 500 4MATIC Discontinued (June 2022 - June 2023) F 5 5 V2 L H G Range 590 km Efficiency 183 Wh/km Weight 2,615 kg 0-100 4.8 sec 1-Stop Range 654 km Battery 107.8 kWh Fastcharge 169 kW Towing 750 kg Cargo Vol. 610 L Price/range €231 /km €125,378 €147,326 N/A",https://ev-database.org/#group=vehicle-group&rs-pr=10000_100000&rs-er=0_1000&rs-ld=0_1000&rs-ac=2_23&rs-dcfc=0_400&rs-ub=10_200&rs-tw=0_3000&rs-ef=100_350&rs-sa=-1_5&rs-w=1000_3500&rs-c=0_5000&rs-y=2010_2030&s=1&p=25-50
Citroën ë-Jumpy Combi XL 50 kWh,https://ev-database.org/car/1596/Citroen-e-Jumpy-Combi-XL-50-kWh,180.0,189.0,257.0,46.3,74.0,12.1,1000.0,912.0,1989.0,"Citroën ë-Jumpy Combi XL 50 kWh Discontinued (November 2020 - January 2024) N 9 V2 L H G Range* 180 km Efficiency* 257 Wh/km Weight 1,989 kg 0-100 12.1 sec 1-Stop Range 189 km Battery 46.3 kWh Fastcharge 74 kW Towing 1,000 kg Cargo Vol. 912 L Price/range* €285 /km €52,730 €49,944 N/A",https://ev-database.org/#group=vehicle-group&rs-pr=10000_100000&rs-er=0_1000&rs-ld=0_1000&rs-ac=2_23&rs-dcfc=0_400&rs-ub=10_200&rs-tw=0_3000&rs-ef=100_350&rs-sa=-1_5&rs-w=1000_3500&rs-c=0_5000&rs-y=2010_2030&s=1&p=25-50
Toyota Proace Shuttle L 75 kWh,https://ev-database.org/car/1612/Toyota-Proace-Shuttle-L-75-kWh,265.0,252.0,260.0,69.0,77.0,13.1,1000.0,980.0,2161.0,"Toyota Proace Shuttle L 75 kWh Discontinued (June 2021 - November 2023) N 9 V2 L H G Range* 265 km Efficiency* 260 Wh/km Weight 2,161 kg 0-100 13.1 sec 1-Stop Range 252 km Battery 69.0 kWh Fastcharge 77 kW Towing 1,000 kg Cargo Vol. 980 L Price/range* €263 /km N/A €69,795 N/A",https://ev-database.org/#group=vehicle-group&rs-pr=10000_100000&rs-er=0_1000&rs-ld=0_1000&rs-ac=2_23&rs-dcfc=0_400&rs-ub=10_200&rs-tw=0_3000&rs-ef=100_350&rs-sa=-1_5&rs-w=1000_3500&rs-c=0_5000&rs-y=2010_2030&s=1&p=25-50
Porsche Taycan Plus Sport Turismo Discontinued,https://ev-database.org/car/1622/Porsche-Taycan-Plus-Sport-Turismo,445.0,548.0,188.0,83.7,200.0,5.4,0.0,530.0,2235.0,"Porsche Taycan Plus Sport Turismo Discontinued (March 2022 - February 2024) F 5 5 V2 L H G Range* 445 km Efficiency* 188 Wh/km Weight 2,235 kg 0-100 5.4 sec 1-Stop Range 548 km Battery 83.7 kWh Fastcharge 200 kW Towing 0 kg Cargo Vol. 530 L Price/range* €227 /km €99,815 €105,607 £84,654",https://ev-database.org/#group=vehicle-group&rs-pr=10000_100000&rs-er=0_1000&rs-ld=0_1000&rs-ac=2_23&rs-dcfc=0_400&rs-ub=10_200&rs-tw=0_3000&rs-ef=100_350&rs-sa=-1_5&rs-w=1000_3500&rs-c=0_5000&rs-y=2010_2030&s=1&p=25-50
Mercedes-Benz EQV 250 Extra-Long Discontinued (October,https://ev-database.org/car/1543/Mercedes-Benz-EQV-250-Extra-Long,205.0,193.0,293.0,60.0,60.0,,0.0,1410.0,2606.0,"Mercedes-Benz EQV 250 Extra-Long Discontinued (October 2021 - February 2024) N 7 V2 L H G Range 205 km Efficiency 293 Wh/km Weight 2,606 kg 0-100* 12.0 sec 1-Stop Range 193 km Battery 60.0 kWh Fastcharge 60 kW Towing 0 kg Cargo Vol. 1,410 L Price/range €336 /km €68,949 N/A N/A",https://ev-database.org/#group=vehicle-group&rs-pr=10000_100000&rs-er=0_1000&rs-ld=0_1000&rs-ac=2_23&rs-dcfc=0_400&rs-ub=10_200&rs-tw=0_3000&rs-ef=100_350&rs-sa=-1_5&rs-w=1000_3500&rs-c=0_5000&rs-y=2010_2030&s=1&p=25-50
Peugeot e-Traveller Standard 50 kWh Discontinued,https://ev-database.org/car/1351/Peugeot-e-Traveller-Standard-50-kWh,185.0,196.0,250.0,46.3,74.0,13.1,1000.0,603.0,1969.0,"Peugeot e-Traveller Standard 50 kWh Discontinued (November 2020 - January 2024) N 9 V2 L H G Range* 185 km Efficiency* 250 Wh/km Weight 1,969 kg 0-100 13.1 sec 1-Stop Range 196 km Battery 46.3 kWh Fastcharge 74 kW Towing 1,000 kg Cargo Vol. 603 L Price/range* €289 /km €53,640 €57,428 £42,785",https://ev-database.org/#group=vehicle-group&rs-pr=10000_100000&rs-er=0_1000&rs-ld=0_1000&rs-ac=2_23&rs-dcfc=0_400&rs-ub=10_200&rs-tw=0_3000&rs-ef=100_350&rs-sa=-1_5&rs-w=1000_3500&rs-c=0_5000&rs-y=2010_2030&s=1&p=25-50
Porsche Taycan Turbo S Cross Turismo,https://ev-database.org/car/1932/Porsche-Taycan-Turbo-S-Cross-Turismo,410.0,509.0,204.0,83.7,200.0,2.9,0.0,489.0,2395.0,"Porsche Taycan Turbo S Cross Turismo Discontinued (January 2023 - February 2024) F 5 V2 L H G Range* 410 km Efficiency* 204 Wh/km Weight 2,395 kg 0-100 2.9 sec 1-Stop Range 509 km Battery 83.7 kWh Fastcharge 200 kW Towing 0 kg Cargo Vol. 489 L Price/range* €470 /km €199,168 €207,664 £149,300",https://ev-database.org/#group=vehicle-group&rs-pr=10000_100000&rs-er=0_1000&rs-ld=0_1000&rs-ac=2_23&rs-dcfc=0_400&rs-ub=10_200&rs-tw=0_3000&rs-ef=100_350&rs-sa=-1_5&rs-w=1000_3500&rs-c=0_5000&rs-y=2010_2030&s=1&p=25-50
Citroën ë-SpaceTourer XS 50 kWh Discontinued,https://ev-database.org/car/1340/Citroen-e-SpaceTourer-XS-50-kWh,185.0,189.0,250.0,46.3,74.0,12.1,1000.0,140.0,1932.0,"Citroën ë-SpaceTourer XS 50 kWh Discontinued (November 2020 - October 2021) N 9 V2 L H G Range* 185 km Efficiency* 250 Wh/km Weight 1,932 kg 0-100 12.1 sec 1-Stop Range 189 km Battery 46.3 kWh Fastcharge 74 kW Towing 1,000 kg Cargo Vol. 140 L Price/range* €275 /km €50,880 N/A N/A",https://ev-database.org/#group=vehicle-group&rs-pr=10000_100000&rs-er=0_1000&rs-ld=0_1000&rs-ac=2_23&rs-dcfc=0_400&rs-ub=10_200&rs-tw=0_3000&rs-ef=100_350&rs-sa=-1_5&rs-w=1000_3500&rs-c=0_5000&rs-y=2010_2030&s=1&p=25-50
Opel Vivaro-e Combi S 50 kWh,https://ev-database.org/car/1599/Opel-Vivaro-e-Combi-S-50-kWh,185.0,189.0,250.0,46.3,74.0,12.1,1000.0,140.0,1932.0,"Opel Vivaro-e Combi S 50 kWh Discontinued (October 2020 - October 2021) N 9 V2 L H G Range* 185 km Efficiency* 250 Wh/km Weight 1,932 kg 0-100 12.1 sec 1-Stop Range 189 km Battery 46.3 kWh Fastcharge 74 kW Towing 1,000 kg Cargo Vol. 140 L Price/range* €268 /km €49,623 N/A N/A",https://ev-database.org/#group=vehicle-group&rs-pr=10000_100000&rs-er=0_1000&rs-ld=0_1000&rs-ac=2_23&rs-dcfc=0_400&rs-ub=10_200&rs-tw=0_3000&rs-ef=100_350&rs-sa=-1_5&rs-w=1000_3500&rs-c=0_5000&rs-y=2010_2030&s=1&p=25-50
Toyota Proace Shuttle L 50 kWh,https://ev-database.org/car/1610/Toyota-Proace-Shuttle-L-50-kWh,180.0,189.0,257.0,46.3,74.0,12.1,1000.0,980.0,1989.0,"Toyota Proace Shuttle L 50 kWh Discontinued (June 2021 - November 2023) N 9 V2 L H G Range* 180 km Efficiency* 257 Wh/km Weight 1,989 kg 0-100 12.1 sec 1-Stop Range 189 km Battery 46.3 kWh Fastcharge 74 kW Towing 1,000 kg Cargo Vol. 980 L Price/range* €381 /km N/A €68,595 N/A",https://ev-database.org/#group=vehicle-group&rs-pr=10000_100000&rs-er=0_1000&rs-ld=0_1000&rs-ac=2_23&rs-dcfc=0_400&rs-ub=10_200&rs-tw=0_3000&rs-ef=100_350&rs-sa=-1_5&rs-w=1000_3500&rs-c=0_5000&rs-y=2010_2030&s=1&p=25-50
Porsche Taycan 4S Sport Turismo Discontinued,https://ev-database.org/car/1623/Porsche-Taycan-4S-Sport-Turismo,370.0,462.0,192.0,71.0,171.0,4.0,0.0,530.0,2245.0,"Porsche Taycan 4S Sport Turismo Discontinued (March 2022 - February 2024) F 5 5 V2 L H G Range* 370 km Efficiency* 192 Wh/km Weight 2,245 kg 0-100 4.0 sec 1-Stop Range 462 km Battery 71.0 kWh Fastcharge 171 kW Towing 0 kg Cargo Vol. 530 L Price/range* €308 /km €114,559 €121,463 £91,700",https://ev-database.org/#group=vehicle-group&rs-pr=10000_100000&rs-er=0_1000&rs-ld=0_1000&rs-ac=2_23&rs-dcfc=0_400&rs-ub=10_200&rs-tw=0_3000&rs-ef=100_350&rs-sa=-1_5&rs-w=1000_3500&rs-c=0_5000&rs-y=2010_2030&s=1&p=25-50
Citroën ë-Jumpy Combi XS 50 kWh,https://ev-database.org/car/1594/Citroen-e-Jumpy-Combi-XS-50-kWh,185.0,189.0,250.0,46.3,74.0,12.1,1000.0,140.0,1932.0,"Citroën ë-Jumpy Combi XS 50 kWh Discontinued (November 2020 - May 2022) N 9 V2 L H G Range* 185 km Efficiency* 250 Wh/km Weight 1,932 kg 0-100 12.1 sec 1-Stop Range 189 km Battery 46.3 kWh Fastcharge 74 kW Towing 1,000 kg Cargo Vol. 140 L Price/range* €246 /km €49,080 €41,780 N/A",https://ev-database.org/#group=vehicle-group&rs-pr=10000_100000&rs-er=0_1000&rs-ld=0_1000&rs-ac=2_23&rs-dcfc=0_400&rs-ub=10_200&rs-tw=0_3000&rs-ef=100_350&rs-sa=-1_5&rs-w=1000_3500&rs-c=0_5000&rs-y=2010_2030&s=1&p=25-50
Mercedes-Benz EQS SUV 450+ Discontinued (December,https://ev-database.org/car/1673/Mercedes-Benz-EQS-SUV-450plus,500.0,535.0,217.0,108.4,169.0,6.7,750.0,645.0,2695.0,"Mercedes-Benz EQS SUV 450+ Discontinued (December 2022 - October 2023) F 7 V2 L H G Range* 500 km Efficiency* 217 Wh/km Weight 2,695 kg 0-100 6.7 sec 1-Stop Range 535 km Battery 108.4 kWh Fastcharge 169 kW Towing 750 kg Cargo Vol. 645 L Price/range* €236 /km €110,801 €125,425 N/A",https://ev-database.org/#group=vehicle-group&rs-pr=10000_100000&rs-er=0_1000&rs-ld=0_1000&rs-ac=2_23&rs-dcfc=0_400&rs-ub=10_200&rs-tw=0_3000&rs-ef=100_350&rs-sa=-1_5&rs-w=1000_3500&rs-c=0_5000&rs-y=2010_2030&s=1&p=25-50
Opel Zafira-e Life S 50 kWh,https://ev-database.org/car/1345/Opel-Zafira-e-Life-S-50-kWh,185.0,189.0,250.0,46.3,74.0,12.1,1000.0,,1932.0,"Opel Zafira-e Life S 50 kWh Discontinued (November 2020 - May 2021) N 9 V2 L H G Range* 185 km Efficiency* 250 Wh/km Weight 1,932 kg 0-100 12.1 sec 1-Stop Range 189 km Battery 46.3 kWh Fastcharge 74 kW Towing 1,000 kg Cargo Vol. unknown Price/range* €306 /km €56,700 N/A N/A",https://ev-database.org/#group=vehicle-group&rs-pr=10000_100000&rs-er=0_1000&rs-ld=0_1000&rs-ac=2_23&rs-dcfc=0_400&rs-ub=10_200&rs-tw=0_3000&rs-ef=100_350&rs-sa=-1_5&rs-w=1000_3500&rs-c=0_5000&rs-y=2010_2030&s=1&p=25-50
Peugeot e-Expert Combi Long 50 kWh,https://ev-database.org/car/1606/Peugeot-e-Expert-Combi-Long-50-kWh,185.0,196.0,250.0,46.3,74.0,13.1,1000.0,989.0,1989.0,"Peugeot e-Expert Combi Long 50 kWh Discontinued (February 2021 - January 2024) N 9 V2 L H G Range* 185 km Efficiency* 250 Wh/km Weight 1,989 kg 0-100 13.1 sec 1-Stop Range 196 km Battery 46.3 kWh Fastcharge 74 kW Towing 1,000 kg Cargo Vol. 989 L Price/range* €278 /km €52,730 €50,289 N/A",https://ev-database.org/#group=vehicle-group&rs-pr=10000_100000&rs-er=0_1000&rs-ld=0_1000&rs-ac=2_23&rs-dcfc=0_400&rs-ub=10_200&rs-tw=0_3000&rs-ef=100_350&rs-sa=-1_5&rs-w=1000_3500&rs-c=0_5000&rs-y=2010_2030&s=1&p=25-50
Porsche Taycan Turbo S Sport Turismo,https://ev-database.org/car/1626/Porsche-Taycan-Turbo-S-Sport-Turismo,395.0,491.0,212.0,83.7,200.0,2.8,0.0,489.0,2400.0,"Porsche Taycan Turbo S Sport Turismo Discontinued (March 2022 - February 2024) F 5 5 V2 L H G Range* 395 km Efficiency* 212 Wh/km Weight 2,400 kg 0-100 2.8 sec 1-Stop Range 491 km Battery 83.7 kWh Fastcharge 200 kW Towing 0 kg Cargo Vol. 489 L Price/range* €487 /km €198,692 €207,163 £149,300",https://ev-database.org/#group=vehicle-group&rs-pr=10000_100000&rs-er=0_1000&rs-ld=0_1000&rs-ac=2_23&rs-dcfc=0_400&rs-ub=10_200&rs-tw=0_3000&rs-ef=100_350&rs-sa=-1_5&rs-w=1000_3500&rs-c=0_5000&rs-y=2010_2030&s=1&p=25-50
Porsche Taycan Turbo Cross Turismo Discontinued,https://ev-database.org/car/1931/Porsche-Taycan-Turbo-Cross-Turismo,425.0,527.0,197.0,83.7,200.0,3.3,0.0,489.0,2395.0,"Porsche Taycan Turbo Cross Turismo Discontinued (January 2023 - February 2024) F 5 V2 L H G Range* 425 km Efficiency* 197 Wh/km Weight 2,395 kg 0-100 3.3 sec 1-Stop Range 527 km Battery 83.7 kWh Fastcharge 200 kW Towing 0 kg Cargo Vol. 489 L Price/range* €380 /km €165,848 €173,264 £126,800",https://ev-database.org/#group=vehicle-group&rs-pr=10000_100000&rs-er=0_1000&rs-ld=0_1000&rs-ac=2_23&rs-dcfc=0_400&rs-ub=10_200&rs-tw=0_3000&rs-ef=100_350&rs-sa=-1_5&rs-w=1000_3500&rs-c=0_5000&rs-y=2010_2030&s=1&p=25-50
Toyota Proace Shuttle M 50 kWh,https://ev-database.org/car/1609/Toyota-Proace-Shuttle-M-50-kWh,185.0,196.0,250.0,46.3,74.0,12.1,1000.0,550.0,1969.0,"Toyota Proace Shuttle M 50 kWh Discontinued (June 2021 - November 2023) N 9 V2 L H G Range* 185 km Efficiency* 250 Wh/km Weight 1,969 kg 0-100 12.1 sec 1-Stop Range 196 km Battery 46.3 kWh Fastcharge 74 kW Towing 1,000 kg Cargo Vol. 550 L Price/range* €318 /km N/A €58,895 N/A",https://ev-database.org/#group=vehicle-group&rs-pr=10000_100000&rs-er=0_1000&rs-ld=0_1000&rs-ac=2_23&rs-dcfc=0_400&rs-ub=10_200&rs-tw=0_3000&rs-ef=100_350&rs-sa=-1_5&rs-w=1000_3500&rs-c=0_5000&rs-y=2010_2030&s=1&p=25-50
Porsche Taycan Turbo Sport Turismo Discontinued,https://ev-database.org/car/1625/Porsche-Taycan-Turbo-Sport-Turismo,405.0,501.0,207.0,83.7,200.0,3.2,0.0,489.0,2405.0,"Porsche Taycan Turbo Sport Turismo Discontinued (March 2022 - February 2024) F 5 5 V2 L H G Range* 405 km Efficiency* 207 Wh/km Weight 2,405 kg 0-100 3.2 sec 1-Stop Range 501 km Battery 83.7 kWh Fastcharge 200 kW Towing 0 kg Cargo Vol. 489 L Price/range* €398 /km €165,372 €172,863 £126,800",https://ev-database.org/#group=vehicle-group&rs-pr=10000_100000&rs-er=0_1000&rs-ld=0_1000&rs-ac=2_23&rs-dcfc=0_400&rs-ub=10_200&rs-tw=0_3000&rs-ef=100_350&rs-sa=-1_5&rs-w=1000_3500&rs-c=0_5000&rs-y=2010_2030&s=1&p=25-50
Citroën ë-SpaceTourer XL 75 kWh Discontinued,https://ev-database.org/car/1344/Citroen-e-SpaceTourer-XL-75-kWh,265.0,252.0,260.0,69.0,77.0,13.3,1000.0,912.0,2161.0,"Citroën ë-SpaceTourer XL 75 kWh Discontinued (February 2021 - January 2024) N 9 V2 L H G Range* 265 km Efficiency* 260 Wh/km Weight 2,161 kg 0-100 13.3 sec 1-Stop Range 252 km Battery 69.0 kWh Fastcharge 77 kW Towing 1,000 kg Cargo Vol. 912 L Price/range* €242 /km €60,430 €68,033 N/A",https://ev-database.org/#group=vehicle-group&rs-pr=10000_100000&rs-er=0_1000&rs-ld=0_1000&rs-ac=2_23&rs-dcfc=0_400&rs-ub=10_200&rs-tw=0_3000&rs-ef=100_350&rs-sa=-1_5&rs-w=1000_3500&rs-c=0_5000&rs-y=2010_2030&s=1&p=25-50
Fisker Ocean Sport Discontinued (March 2023,https://ev-database.org/car/1709/Fisker-Ocean-Sport,350.0,391.0,203.0,71.0,,7.4,1090.0,476.0,2300.0,"Fisker Ocean Sport Discontinued (March 2023 - June 2024) D 5 V2 L H G Range* 350 km Efficiency* 203 Wh/km Weight 2,300 kg 0-100 7.4 sec 1-Stop Range 391 km Battery* 71.0 kWh Fastcharge* 100 kW Towing 1,090 kg Cargo Vol. 476 L Price/range* €124 /km €43,900 €43,990 £36,900",https://ev-database.org/#group=vehicle-group&rs-pr=10000_100000&rs-er=0_1000&rs-ld=0_1000&rs-ac=2_23&rs-dcfc=0_400&rs-ub=10_200&rs-tw=0_3000&rs-ef=100_350&rs-sa=-1_5&rs-w=1000_3500&rs-c=0_5000&rs-y=2010_2030&s=1&p=25-50
Fiat E-Ulysse L3 50 kWh Discontinued,https://ev-database.org/car/1723/Fiat-E-Ulysse-L3-50-kWh,180.0,189.0,257.0,46.3,74.0,12.1,1000.0,800.0,1989.0,"Fiat E-Ulysse L3 50 kWh Discontinued (June 2022 - January 2024) N 8 V2 L H G Range* 180 km Efficiency* 257 Wh/km Weight 1,989 kg 0-100 12.1 sec 1-Stop Range 189 km Battery 46.3 kWh Fastcharge 74 kW Towing 1,000 kg Cargo Vol. 800 L Price/range* €317 /km €56,990 N/A N/A",https://ev-database.org/#group=vehicle-group&rs-pr=10000_100000&rs-er=0_1000&rs-ld=0_1000&rs-ac=2_23&rs-dcfc=0_400&rs-ub=10_200&rs-tw=0_3000&rs-ef=100_350&rs-sa=-1_5&rs-w=1000_3500&rs-c=0_5000&rs-y=2010_2030&s=1&p=25-50
Mercedes-Benz EQE SUV 300 (MY23) Discontinued,https://ev-database.org/car/2007/Mercedes-Benz-EQE-SUV-300,440.0,468.0,202.0,89.0,120.0,7.6,750.0,520.0,2460.0,"Mercedes-Benz EQE SUV 300 (MY23) Discontinued (September 2023 - October 2023) E 5 5 V2 L H G Range* 440 km Efficiency* 202 Wh/km Weight 2,460 kg 0-100 7.6 sec 1-Stop Range 468 km Battery 89.0 kWh Fastcharge 120 kW Towing 750 kg Cargo Vol. 520 L Price/range* €190 /km €83,748 N/A N/A",https://ev-database.org/#group=vehicle-group&rs-pr=10000_100000&rs-er=0_1000&rs-ld=0_1000&rs-ac=2_23&rs-dcfc=0_400&rs-ub=10_200&rs-tw=0_3000&rs-ef=100_350&rs-sa=-1_5&rs-w=1000_3500&rs-c=0_5000&rs-y=2010_2030&s=1&p=25-50
Citroën ë-SpaceTourer XL 50 kWh Discontinued,https://ev-database.org/car/1342/Citroen-e-SpaceTourer-XL-50-kWh,180.0,189.0,257.0,46.3,74.0,12.1,1000.0,912.0,1989.0,"Citroën ë-SpaceTourer XL 50 kWh Discontinued (November 2020 - January 2024) N 9 V2 L H G Range* 180 km Efficiency* 257 Wh/km Weight 1,989 kg 0-100 12.1 sec 1-Stop Range 189 km Battery 46.3 kWh Fastcharge 74 kW Towing 1,000 kg Cargo Vol. 912 L Price/range* €291 /km €54,430 €59,019 £37,885",https://ev-database.org/#group=vehicle-group&rs-pr=10000_100000&rs-er=0_1000&rs-ld=0_1000&rs-ac=2_23&rs-dcfc=0_400&rs-ub=10_200&rs-tw=0_3000&rs-ef=100_350&rs-sa=-1_5&rs-w=1000_3500&rs-c=0_5000&rs-y=2010_2030&s=1&p=25-50
Ford e-Tourneo Custom L1 210 kW,https://ev-database.org/car/3163/Ford-e-Tourneo-Custom-L1-210-kW,235.0,245.0,272.0,64.0,105.0,,2000.0,672.0,2557.0,"Ford e-Tourneo Custom L1 210 kW Discontinued (November 2023 - December 2025) N 8 5 V2 L H G Range* 235 km Efficiency* 272 Wh/km Weight 2,557 kg 0-100* 8.0 sec 1-Stop Range 245 km Battery 64.0 kWh Fastcharge 105 kW Towing 2,000 kg Cargo Vol. 672 L Price/range* €322 /km €75,565 N/A N/A",https://ev-database.org/#group=vehicle-group&rs-pr=10000_100000&rs-er=0_1000&rs-ld=0_1000&rs-ac=2_23&rs-dcfc=0_400&rs-ub=10_200&rs-tw=0_3000&rs-ef=100_350&rs-sa=-1_5&rs-w=1000_3500&rs-c=0_5000&rs-y=2010_2030&s=1&p=25-50
Peugeot e-Traveller Long 50 kWh Discontinued,https://ev-database.org/car/1352/Peugeot-e-Traveller-Long-50-kWh,185.0,196.0,250.0,46.3,74.0,13.1,1000.0,989.0,1989.0,"Peugeot e-Traveller Long 50 kWh Discontinued (November 2020 - January 2024) N 9 V2 L H G Range* 185 km Efficiency* 250 Wh/km Weight 1,989 kg 0-100 13.1 sec 1-Stop Range 196 km Battery 46.3 kWh Fastcharge 74 kW Towing 1,000 kg Cargo Vol. 989 L Price/range* €295 /km €54,430 €59,364 £43,625",https://ev-database.org/#group=vehicle-group&rs-pr=10000_100000&rs-er=0_1000&rs-ld=0_1000&rs-ac=2_23&rs-dcfc=0_400&rs-ub=10_200&rs-tw=0_3000&rs-ef=100_350&rs-sa=-1_5&rs-w=1000_3500&rs-c=0_5000&rs-y=2010_2030&s=1&p=25-50
Fiat E-Ulysse L2 50 kWh Discontinued,https://ev-database.org/car/1721/Fiat-E-Ulysse-L2-50-kWh,185.0,196.0,250.0,46.3,74.0,12.1,1000.0,450.0,1969.0,"Fiat E-Ulysse L2 50 kWh Discontinued (June 2022 - January 2024) N 8 V2 L H G Range* 185 km Efficiency* 250 Wh/km Weight 1,969 kg 0-100 12.1 sec 1-Stop Range 196 km Battery 46.3 kWh Fastcharge 74 kW Towing 1,000 kg Cargo Vol. 450 L Price/range* €303 /km €55,990 N/A N/A",https://ev-database.org/#group=vehicle-group&rs-pr=10000_100000&rs-er=0_1000&rs-ld=0_1000&rs-ac=2_23&rs-dcfc=0_400&rs-ub=10_200&rs-tw=0_3000&rs-ef=100_350&rs-sa=-1_5&rs-w=1000_3500&rs-c=0_5000&rs-y=2010_2030&s=1&p=25-50
Peugeot e-Traveller Compact 50 kWh Discontinued,https://ev-database.org/car/1350/Peugeot-e-Traveller-Compact-50-kWh,185.0,189.0,250.0,46.3,74.0,12.1,1000.0,,1932.0,"Peugeot e-Traveller Compact 50 kWh Discontinued (January 2021 - January 2022) N 9 V2 L H G Range* 185 km Efficiency* 250 Wh/km Weight 1,932 kg 0-100 12.1 sec 1-Stop Range 189 km Battery 46.3 kWh Fastcharge 74 kW Towing 1,000 kg Cargo Vol. unknown Price/range* €275 /km €50,880 N/A N/A",https://ev-database.org/#group=vehicle-group&rs-pr=10000_100000&rs-er=0_1000&rs-ld=0_1000&rs-ac=2_23&rs-dcfc=0_400&rs-ub=10_200&rs-tw=0_3000&rs-ef=100_350&rs-sa=-1_5&rs-w=1000_3500&rs-c=0_5000&rs-y=2010_2030&s=1&p=25-50
Geely EX5 Pro+ Available to order,https://ev-database.org/car/3582/Geely-EX5-Proplus,375.0,386.0,182.0,68.4,100.0,7.4,,461.0,1766.0,"Geely EX5 Pro+ Available to order since April 2026 C 5 5 V2 L H G Range* 375 km Efficiency* 182 Wh/km Weight 1,766 kg 0-100 7.4 sec 1-Stop Range 386 km Battery 68.4 kWh Fastcharge 100 kW Towing unknown Cargo Vol. 461 L Price/range* €107 /km €39,990 €39,990 N/A",https://ev-database.org/#group=vehicle-group&rs-pr=10000_100000&rs-er=0_1000&rs-ld=0_1000&rs-ac=2_23&rs-dcfc=0_400&rs-ub=10_200&rs-tw=0_3000&rs-ef=100_350&rs-sa=-1_5&rs-w=1000_3500&rs-c=0_5000&rs-y=2010_2030&s=1&p=25-50
Geely EX5 Max+ Available to order,https://ev-database.org/car/3583/Geely-EX5-Maxplus,365.0,377.0,187.0,68.4,100.0,7.6,,461.0,1815.0,"Geely EX5 Max+ Available to order since April 2026 C 5 5 V2 L H G Range* 365 km Efficiency* 187 Wh/km Weight 1,815 kg 0-100 7.6 sec 1-Stop Range 377 km Battery 68.4 kWh Fastcharge 100 kW Towing unknown Cargo Vol. 461 L Price/range* €119 /km €42,990 €41,990 £38,990",https://ev-database.org/#group=vehicle-group&rs-pr=10000_100000&rs-er=0_1000&rs-ld=0_1000&rs-ac=2_23&rs-dcfc=0_400&rs-ub=10_200&rs-tw=0_3000&rs-ef=100_350&rs-sa=-1_5&rs-w=1000_3500&rs-c=0_5000&rs-y=2010_2030&s=1&p=26-50
